Campaign_ID,Campaign_Name,Date,Marketing_Channel,Campaign_Type,Region,Impressions,Clicks,Leads,Conversions,Ad_Spend,Revenue,Customers,Campaign_Duration,Device_Type
CMP_DSP_01,DSP_Programmatic_Banner,2025-01-01,Display Ads,Awareness,Asia-Pacific,44918,792,392,27,1930.4,4806.64,12,17,Mobile
CMP_EM_02,EM_Abandoned_Cart_Nurture,2025-01-01,Email Marketing,Conversion,North America,21991,1882,843,410,924.67,112595.42,290,23,Tablet
CMP_FB_02,FB_Lookalike_Prospecting,2025-01-01,Facebook Ads,Awareness,Asia-Pacific,64111,1921,1052,163,6055.17,31887.43,92,12,Tablet
CMP_GGL_01,Google_Search_Brand,2025-01-01,Google Ads,Conversion,Latin America,40970,1568,639,178,6488.15,62078.16,143,14,Tablet
CMP_GGL_01,Google_Search_Brand,2025-01-01,Google Ads,Conversion,Middle East,42185,2503,648,298,7323.06,67348.93,249,17,Tablet
CMP_GGL_01,Google_Search_Brand,2025-01-01,Google Ads,Conversion,Europe,39888,2039,607,211,7324.72,60790.35,151,13,Desktop
CMP_GGL_01,Google_Search_Brand,2025-01-01,Google Ads,Conversion,Latin America,38458,2038,1108,210,8793.31,73457.51,132,23,Desktop
CMP_LI_01,LI_B2B_Executive_Leads,2025-01-01,LinkedIn Ads,Lead Generation,North America,6365,146,79,18,1290.88,8712.98,10,18,Mobile
CMP_LI_02,LI_Whitepaper_Downloads,2025-01-01,LinkedIn Ads,Lead Generation,Middle East,6639,213,89,26,2286.33,14066.88,12,26,Desktop
CMP_SEO_02,SEO_High_Intent_Landing,2025-01-01,SEO,Conversion,Latin America,63042,3993,2058,541,1437.31,207168.09,393,21,Tablet
CMP_DSP_01,DSP_Programmatic_Banner,2025-01-02,Display Ads,Awareness,Middle East,77690,459,187,9,877.09,1638.77,3,12,Mobile
CMP_DSP_02,DSP_Dynamic_Retargeting,2025-01-02,Display Ads,Retargeting,North America,83723,506,169,10,941.03,1726.4,4,24,Desktop
CMP_DSP_02,DSP_Dynamic_Retargeting,2025-01-02,Display Ads,Retargeting,Middle East,44091,626,220,16,1938.13,2242.28,6,7,Desktop
CMP_EM_01,EM_Weekly_Newsletter,2025-01-02,Email Marketing,Product Promotion,North America,14212,1528,455,243,1128.09,61289.04,180,15,Desktop
CMP_GGL_01,Google_Search_Brand,2025-01-02,Google Ads,Conversion,Middle East,13398,812,329,106,2554.55,28926.75,66,27,Mobile
CMP_IG_02,IG_Stories_Conversion,2025-01-02,Instagram Ads,Conversion,Latin America,42710,1654,628,111,3713.59,26778.07,72,19,Desktop
CMP_SEO_01,SEO_Organic_Blog_Content,2025-01-02,SEO,Awareness,Latin America,48731,3547,1675,482,1141.31,179802.77,387,15,Desktop
CMP_SEO_02,SEO_High_Intent_Landing,2025-01-02,SEO,Conversion,North America,56681,2919,879,290,968.97,85379.52,222,11,Mobile
CMP_YT_01,YT_Video_Awareness_V1,2025-01-02,YouTube Ads,Awareness,North America,29024,630,178,37,1438.79,7489.84,18,12,Mobile
CMP_FB_02,FB_Lookalike_Prospecting,2025-01-03,Facebook Ads,Awareness,Middle East,51280,1603,655,174,3785.86,37629.06,110,22,Desktop
CMP_IG_01,IG_Influencer_Promos,2025-01-03,Instagram Ads,Product Promotion,Asia-Pacific,45253,1732,942,127,5194.73,24000.81,87,24,Desktop
CMP_IG_02,IG_Stories_Conversion,2025-01-03,Instagram Ads,Conversion,Europe,42004,1952,571,131,6375.8,28649.41,75,17,Desktop
CMP_IG_02,IG_Stories_Conversion,2025-01-03,Instagram Ads,Conversion,Asia-Pacific,39153,1817,507,132,4119.33,31551.41,82,7,Mobile
CMP_LI_02,LI_Whitepaper_Downloads,2025-01-03,LinkedIn Ads,Lead Generation,Middle East,5887,160,77,12,1530.97,5458.16,4,17,Mobile
CMP_LI_02,LI_Whitepaper_Downloads,2025-01-03,LinkedIn Ads,Lead Generation,Middle East,8273,201,100,22,1896.22,15924.7,12,18,Mobile
CMP_LI_02,LI_Whitepaper_Downloads,2025-01-03,LinkedIn Ads,Lead Generation,Middle East,15748,274,88,26,2448.33,14926.52,14,9,Desktop
CMP_EM_01,EM_Weekly_Newsletter,2025-01-04,Email Marketing,Product Promotion,Latin America,10293,1510,456,330,492.34,121733.51,239,22,Tablet
CMP_FB_01,FB_Retargeting_Q1,2025-01-04,Facebook Ads,Retargeting,Latin America,49932,1466,398,118,4299.69,22240.96,68,8,Mobile
CMP_GGL_01,Google_Search_Brand,2025-01-04,Google Ads,Conversion,Latin America,29499,1533,743,178,5851.84,57495.41,124,24,Mobile
CMP_GGL_01,Google_Search_Brand,2025-01-04,Google Ads,Conversion,Middle East,27716,1104,591,117,4175.5,29260.1,74,30,Mobile
CMP_LI_01,LI_B2B_Executive_Leads,2025-01-04,LinkedIn Ads,Lead Generation,Asia-Pacific,10451,362,197,33,3637.11,21647.1,14,20,Desktop
CMP_LI_01,LI_B2B_Executive_Leads,2025-01-04,LinkedIn Ads,Lead Generation,Asia-Pacific,10353,241,73,28,1875.07,19080.68,17,24,Tablet
CMP_LI_01,LI_B2B_Executive_Leads,2025-01-04,LinkedIn Ads,Lead Generation,Latin America,15998,338,147,40,3073.39,23598.54,20,28,Mobile
CMP_LI_02,LI_Whitepaper_Downloads,2025-01-04,LinkedIn Ads,Lead Generation,North America,13598,250,102,19,2234.14,9725.61,10,16,Mobile
CMP_YT_01,YT_Video_Awareness_V1,2025-01-04,YouTube Ads,Awareness,Middle East,55860,657,327,21,1252.66,5016.58,12,25,Tablet
CMP_DSP_01,DSP_Programmatic_Banner,2025-01-05,Display Ads,Awareness,Latin America,60653,559,216,20,2072.96,3689.95,10,14,Desktop
CMP_DSP_01,DSP_Programmatic_Banner,2025-01-05,Display Ads,Awareness,Asia-Pacific,47005,820,321,19,2034.79,2341.79,7,9,Mobile
CMP_FB_01,FB_Retargeting_Q1,2025-01-05,Facebook Ads,Retargeting,North America,47286,2242,595,223,6924.27,55691.65,129,20,Desktop
CMP_FB_02,FB_Lookalike_Prospecting,2025-01-05,Facebook Ads,Awareness,Middle East,16187,535,238,47,1295.3,12561.33,28,23,Desktop
CMP_GGL_01,Google_Search_Brand,2025-01-05,Google Ads,Conversion,Asia-Pacific,34476,1244,358,136,4101.41,44025.87,91,12,Mobile
CMP_IG_01,IG_Influencer_Promos,2025-01-05,Instagram Ads,Product Promotion,Europe,35243,1356,557,114,3407.02,22838.4,74,28,Mobile
CMP_IG_02,IG_Stories_Conversion,2025-01-05,Instagram Ads,Conversion,Middle East,32894,1249,621,95,2503.26,22578.64,49,19,Tablet
CMP_EM_02,EM_Abandoned_Cart_Nurture,2025-01-06,Email Marketing,Conversion,North America,11941,1783,939,372,1108.15,134202.16,267,20,Mobile
CMP_IG_01,IG_Influencer_Promos,2025-01-06,Instagram Ads,Product Promotion,Latin America,36578,1342,544,93,4594.68,18770.19,65,25,Tablet
CMP_IG_01,IG_Influencer_Promos,2025-01-06,Instagram Ads,Product Promotion,North America,49138,2005,842,193,4646.5,33743.77,120,15,Desktop
CMP_IG_01,IG_Influencer_Promos,2025-01-06,Instagram Ads,Product Promotion,Asia-Pacific,47488,2328,1183,182,5525.49,38888.35,126,28,Desktop
CMP_IG_01,IG_Influencer_Promos,2025-01-06,Instagram Ads,Product Promotion,Latin America,19724,1065,499,56,3586.78,10354.22,38,12,Mobile
CMP_LI_02,LI_Whitepaper_Downloads,2025-01-06,LinkedIn Ads,Lead Generation,Latin America,16268,305,117,39,3156.03,22296.19,25,22,Mobile
CMP_SEO_01,SEO_Organic_Blog_Content,2025-01-06,SEO,Awareness,Latin America,48467,3386,1316,467,1432.95,134297.71,338,14,Desktop
CMP_SEO_01,SEO_Organic_Blog_Content,2025-01-06,SEO,Awareness,Latin America,48744,3258,1017,463,1821.58,149692.45,370,15,Tablet
CMP_DSP_01,DSP_Programmatic_Banner,2025-01-07,Display Ads,Awareness,Europe,63019,879,236,24,2994.0,3820.51,10,12,Mobile
CMP_DSP_02,DSP_Dynamic_Retargeting,2025-01-07,Display Ads,Retargeting,Latin America,97661,1385,493,35,4288.0,4365.72,12,23,Tablet
CMP_EM_01,EM_Weekly_Newsletter,2025-01-07,Email Marketing,Product Promotion,Latin America,27002,3429,1822,728,2685.21,204665.58,585,9,Tablet
CMP_EM_01,EM_Weekly_Newsletter,2025-01-07,Email Marketing,Product Promotion,Middle East,27253,3177,1517,512,1619.62,116058.09,418,26,Mobile
CMP_FB_02,FB_Lookalike_Prospecting,2025-01-07,Facebook Ads,Awareness,Middle East,40165,1024,332,100,2974.88,24444.82,55,19,Desktop
CMP_GGL_01,Google_Search_Brand,2025-01-07,Google Ads,Conversion,Asia-Pacific,17425,838,352,94,2731.52,24155.15,63,18,Tablet
CMP_IG_02,IG_Stories_Conversion,2025-01-07,Instagram Ads,Conversion,Latin America,16408,741,326,46,1821.34,7551.83,26,8,Mobile
CMP_IG_02,IG_Stories_Conversion,2025-01-07,Instagram Ads,Conversion,Europe,33413,1726,448,117,4650.22,25810.15,72,22,Mobile
CMP_SEO_02,SEO_High_Intent_Landing,2025-01-07,SEO,Conversion,Latin America,35190,2783,1524,267,1529.87,99787.26,197,18,Mobile
CMP_YT_01,YT_Video_Awareness_V1,2025-01-07,YouTube Ads,Awareness,Middle East,50035,1009,445,57,2472.34,8783.8,36,21,Mobile
CMP_YT_01,YT_Video_Awareness_V1,2025-01-07,YouTube Ads,Awareness,Middle East,70518,1396,643,85,1877.04,15981.53,40,17,Tablet
CMP_DSP_01,DSP_Programmatic_Banner,2025-01-08,Display Ads,Awareness,Middle East,47173,437,213,14,1450.78,2499.66,6,7,Tablet
CMP_EM_02,EM_Abandoned_Cart_Nurture,2025-01-08,Email Marketing,Conversion,Europe,17331,1491,519,183,922.27,49211.46,148,25,Mobile
CMP_FB_01,FB_Retargeting_Q1,2025-01-08,Facebook Ads,Retargeting,North America,52149,1802,731,122,5342.17,26942.48,91,28,Tablet
CMP_LI_02,LI_Whitepaper_Downloads,2025-01-08,LinkedIn Ads,Lead Generation,Asia-Pacific,8272,231,118,19,1744.05,10240.23,12,24,Mobile
CMP_YT_01,YT_Video_Awareness_V1,2025-01-08,YouTube Ads,Awareness,Latin America,44184,467,234,17,941.82,3135.75,10,7,Tablet
CMP_DSP_01,DSP_Programmatic_Banner,2025-01-09,Display Ads,Awareness,Middle East,65808,781,375,20,2907.39,3413.47,7,11,Desktop
CMP_EM_01,EM_Weekly_Newsletter,2025-01-09,Email Marketing,Product Promotion,Latin America,14581,1564,427,206,1025.21,77931.15,158,19,Desktop
CMP_FB_01,FB_Retargeting_Q1,2025-01-09,Facebook Ads,Retargeting,Middle East,42376,2110,1099,153,4475.03,35395.37,114,25,Mobile
CMP_FB_01,FB_Retargeting_Q1,2025-01-09,Facebook Ads,Retargeting,Middle East,62453,3017,1099,202,6425.1,38456.61,120,12,Tablet
CMP_IG_01,IG_Influencer_Promos,2025-01-09,Instagram Ads,Product Promotion,North America,25823,817,318,74,2059.9,13208.36,41,10,Desktop
CMP_IG_01,IG_Influencer_Promos,2025-01-09,Instagram Ads,Product Promotion,Latin America,19885,966,431,89,1959.06,20215.02,60,20,Desktop
CMP_LI_01,LI_B2B_Executive_Leads,2025-01-09,LinkedIn Ads,Lead Generation,Latin America,8267,130,44,13,1161.31,8696.08,6,30,Mobile
CMP_LI_01,LI_B2B_Executive_Leads,2025-01-09,LinkedIn Ads,Lead Generation,Europe,12713,295,97,29,2417.49,16645.67,18,29,Tablet
CMP_LI_02,LI_Whitepaper_Downloads,2025-01-09,LinkedIn Ads,Lead Generation,Asia-Pacific,22709,666,268,60,5995.93,28394.62,30,18,Mobile
CMP_LI_02,LI_Whitepaper_Downloads,2025-01-09,LinkedIn Ads,Lead Generation,Asia-Pacific,17014,307,111,36,3279.02,26405.75,23,29,Mobile
CMP_YT_01,YT_Video_Awareness_V1,2025-01-09,YouTube Ads,Awareness,Europe,69090,708,199,25,1387.53,6027.54,15,15,Tablet
CMP_DSP_02,DSP_Dynamic_Retargeting,2025-01-10,Display Ads,Retargeting,Europe,53951,870,297,20,2132.71,3037.12,10,29,Mobile
CMP_GGL_01,Google_Search_Brand,2025-01-10,Google Ads,Conversion,Europe,38129,1443,573,140,3933.8,36560.85,118,18,Mobile
CMP_GGL_01,Google_Search_Brand,2025-01-10,Google Ads,Conversion,Middle East,31059,1111,290,115,4183.99,31673.43,81,19,Desktop
CMP_GGL_02,Google_NonBrand_Generic,2025-01-10,Google Ads,Lead Generation,Europe,42580,1593,835,167,7082.99,48985.06,115,21,Tablet
CMP_GGL_02,Google_NonBrand_Generic,2025-01-10,Google Ads,Lead Generation,Latin America,21779,1391,589,128,4242.45,41966.05,103,24,Tablet
CMP_DSP_01,DSP_Programmatic_Banner,2025-01-11,Display Ads,Awareness,Latin America,25207,215,95,4,666.81,729.21,1,30,Tablet
CMP_DSP_01,DSP_Programmatic_Banner,2025-01-11,Display Ads,Awareness,Middle East,93023,536,134,10,1364.81,1870.88,4,8,Mobile
CMP_DSP_02,DSP_Dynamic_Retargeting,2025-01-11,Display Ads,Retargeting,North America,45426,254,102,8,773.28,1051.38,4,20,Mobile
CMP_GGL_02,Google_NonBrand_Generic,2025-01-11,Google Ads,Lead Generation,North America,10521,513,166,43,1387.44,12786.84,34,29,Mobile
CMP_LI_01,LI_B2B_Executive_Leads,2025-01-11,LinkedIn Ads,Lead Generation,Europe,8671,268,109,29,2289.14,16534.21,13,10,Desktop
CMP_YT_02,YT_TrueView_Product_Demo,2025-01-11,YouTube Ads,Product Promotion,Asia-Pacific,74576,1547,530,91,2597.0,18457.72,44,20,Desktop
CMP_DSP_01,DSP_Programmatic_Banner,2025-01-12,Display Ads,Awareness,Europe,66358,989,383,22,2551.08,2640.25,11,15,Desktop
CMP_DSP_01,DSP_Programmatic_Banner,2025-01-12,Display Ads,Awareness,North America,60678,693,195,27,2591.68,4659.75,11,26,Mobile
CMP_DSP_02,DSP_Dynamic_Retargeting,2025-01-12,Display Ads,Retargeting,Latin America,75137,1002,274,17,2511.26,3125.21,7,12,Tablet
CMP_FB_01,FB_Retargeting_Q1,2025-01-12,Facebook Ads,Retargeting,Latin America,23290,595,229,48,980.48,12007.4,35,14,Mobile
CMP_FB_01,FB_Retargeting_Q1,2025-01-12,Facebook Ads,Retargeting,North America,47283,1487,519,161,4568.88,40813.12,100,7,Desktop
CMP_FB_02,FB_Lookalike_Prospecting,2025-01-12,Facebook Ads,Awareness,Asia-Pacific,33246,1454,647,106,3406.0,25612.56,67,18,Tablet
CMP_GGL_01,Google_Search_Brand,2025-01-12,Google Ads,Conversion,Asia-Pacific,26703,1614,757,173,4848.2,49944.23,112,20,Desktop
CMP_IG_01,IG_Influencer_Promos,2025-01-12,Instagram Ads,Product Promotion,Asia-Pacific,31891,1618,646,103,5260.9,18436.44,64,12,Desktop
CMP_IG_02,IG_Stories_Conversion,2025-01-12,Instagram Ads,Conversion,Latin America,51985,2261,772,134,7098.48,27666.76,85,20,Mobile
CMP_SEO_02,SEO_High_Intent_Landing,2025-01-12,SEO,Conversion,Asia-Pacific,26536,1907,854,245,448.94,62865.4,194,9,Tablet
CMP_EM_01,EM_Weekly_Newsletter,2025-01-13,Email Marketing,Product Promotion,Middle East,19459,2396,1187,393,1905.01,88915.2,278,12,Tablet
CMP_EM_01,EM_Weekly_Newsletter,2025-01-13,Email Marketing,Product Promotion,Middle East,28500,2347,827,368,1439.1,73936.42,310,12,Desktop
CMP_IG_01,IG_Influencer_Promos,2025-01-13,Instagram Ads,Product Promotion,North America,52767,1962,686,190,6422.46,35009.11,97,10,Desktop
CMP_IG_02,IG_Stories_Conversion,2025-01-13,Instagram Ads,Conversion,Asia-Pacific,20055,707,377,58,2438.25,9318.98,37,29,Tablet
CMP_YT_02,YT_TrueView_Product_Demo,2025-01-13,YouTube Ads,Product Promotion,Europe,83317,1930,679,121,2502.99,18314.47,72,7,Mobile
CMP_FB_02,FB_Lookalike_Prospecting,2025-01-14,Facebook Ads,Awareness,Asia-Pacific,59761,2248,636,215,4001.57,52123.15,158,26,Desktop
CMP_GGL_02,Google_NonBrand_Generic,2025-01-14,Google Ads,Lead Generation,Asia-Pacific,33302,1932,491,226,7274.65,78037.33,159,23,Mobile
CMP_IG_01,IG_Influencer_Promos,2025-01-14,Instagram Ads,Product Promotion,Europe,47857,2521,1255,171,5096.81,28898.84,90,29,Tablet
CMP_IG_01,IG_Influencer_Promos,2025-01-14,Instagram Ads,Product Promotion,Latin America,17080,627,173,52,1695.09,10435.26,29,14,Mobile
CMP_IG_02,IG_Stories_Conversion,2025-01-14,Instagram Ads,Conversion,North America,36596,1460,409,78,4402.67,17866.79,48,25,Tablet
CMP_LI_02,LI_Whitepaper_Downloads,2025-01-14,LinkedIn Ads,Lead Generation,Latin America,23657,825,423,73,7025.88,40185.99,29,28,Mobile
CMP_LI_02,LI_Whitepaper_Downloads,2025-01-14,LinkedIn Ads,Lead Generation,Middle East,19109,310,143,27,2947.42,17415.87,13,15,Desktop
CMP_YT_01,YT_Video_Awareness_V1,2025-01-14,YouTube Ads,Awareness,Europe,33068,744,270,35,1255.61,7853.8,20,21,Mobile
CMP_EM_01,EM_Weekly_Newsletter,2025-01-15,Email Marketing,Product Promotion,Europe,27415,2689,1262,404,1925.63,111542.08,323,24,Desktop
CMP_EM_01,EM_Weekly_Newsletter,2025-01-15,Email Marketing,Product Promotion,Asia-Pacific,26600,3177,1263,441,1847.6,166627.93,386,18,Tablet
CMP_EM_01,EM_Weekly_Newsletter,2025-01-15,Email Marketing,Product Promotion,Middle East,22223,3124,1299,664,2159.64,222726.93,572,26,Desktop
CMP_EM_01,EM_Weekly_Newsletter,2025-01-15,Email Marketing,Product Promotion,Europe,19662,1634,814,211,1129.95,58956.98,185,25,Tablet
CMP_FB_02,FB_Lookalike_Prospecting,2025-01-15,Facebook Ads,Awareness,North America,52004,2147,1006,235,4068.52,43662.03,172,12,Tablet
CMP_GGL_01,Google_Search_Brand,2025-01-15,Google Ads,Conversion,Asia-Pacific,15156,562,201,72,2231.83,21314.8,56,25,Mobile
CMP_LI_01,LI_B2B_Executive_Leads,2025-01-15,LinkedIn Ads,Lead Generation,Middle East,10085,267,143,28,2358.78,18824.35,17,12,Desktop
CMP_LI_02,LI_Whitepaper_Downloads,2025-01-15,LinkedIn Ads,Lead Generation,Latin America,15429,392,130,28,2369.45,16762.01,17,30,Desktop
CMP_SEO_01,SEO_Organic_Blog_Content,2025-01-15,SEO,Awareness,Middle East,69852,2955,1065,276,630.09,85908.8,190,13,Tablet
CMP_SEO_02,SEO_High_Intent_Landing,2025-01-15,SEO,Conversion,Latin America,35564,2433,1308,315,1359.74,93775.05,252,27,Tablet
CMP_YT_01,YT_Video_Awareness_V1,2025-01-15,YouTube Ads,Awareness,Europe,85155,2065,1118,72,2831.84,12931.24,33,29,Desktop
CMP_YT_01,YT_Video_Awareness_V1,2025-01-15,YouTube Ads,Awareness,Europe,76501,775,202,45,1018.83,9061.04,25,18,Desktop
CMP_DSP_01,DSP_Programmatic_Banner,2025-01-16,Display Ads,Awareness,Europe,64920,919,297,18,2506.03,2041.13,7,10,Tablet
CMP_DSP_01,DSP_Programmatic_Banner,2025-01-16,Display Ads,Awareness,Latin America,27999,313,109,5,840.07,673.5,2,26,Tablet
CMP_EM_02,EM_Abandoned_Cart_Nurture,2025-01-16,Email Marketing,Conversion,Europe,28529,3349,1623,604,1282.62,141171.84,436,19,Mobile
CMP_EM_02,EM_Abandoned_Cart_Nurture,2025-01-16,Email Marketing,Conversion,North America,27436,2420,1100,485,1153.4,170470.61,417,27,Desktop
CMP_EM_02,EM_Abandoned_Cart_Nurture,2025-01-16,Email Marketing,Conversion,North America,17521,1941,601,410,1195.01,108561.3,366,11,Mobile
CMP_GGL_02,Google_NonBrand_Generic,2025-01-16,Google Ads,Lead Generation,Asia-Pacific,35149,2024,1082,213,8176.1,63117.48,174,22,Mobile
CMP_IG_02,IG_Stories_Conversion,2025-01-16,Instagram Ads,Conversion,Europe,19882,997,404,64,2322.84,12473.95,34,24,Mobile
CMP_LI_01,LI_B2B_Executive_Leads,2025-01-16,LinkedIn Ads,Lead Generation,North America,16593,533,194,54,3450.31,39061.77,29,16,Desktop
CMP_LI_02,LI_Whitepaper_Downloads,2025-01-16,LinkedIn Ads,Lead Generation,Latin America,5556,181,80,19,1405.41,8902.12,9,28,Tablet
CMP_LI_02,LI_Whitepaper_Downloads,2025-01-16,LinkedIn Ads,Lead Generation,Latin America,6303,186,62,14,1797.84,7536.17,8,9,Tablet
CMP_SEO_02,SEO_High_Intent_Landing,2025-01-16,SEO,Conversion,Asia-Pacific,15358,819,243,119,491.32,45468.81,91,24,Mobile
CMP_YT_01,YT_Video_Awareness_V1,2025-01-16,YouTube Ads,Awareness,Asia-Pacific,39783,488,262,27,1154.77,4287.05,14,15,Mobile
CMP_YT_02,YT_TrueView_Product_Demo,2025-01-16,YouTube Ads,Product Promotion,Asia-Pacific,82824,2050,1092,136,2501.35,32887.76,69,22,Mobile
CMP_YT_02,YT_TrueView_Product_Demo,2025-01-16,YouTube Ads,Product Promotion,Asia-Pacific,61087,1096,349,56,2683.84,8553.51,27,20,Mobile
CMP_DSP_02,DSP_Dynamic_Retargeting,2025-01-17,Display Ads,Retargeting,Latin America,77741,915,319,22,2955.42,3998.51,11,7,Desktop
CMP_EM_02,EM_Abandoned_Cart_Nurture,2025-01-17,Email Marketing,Conversion,Europe,26757,3852,1248,529,2281.89,120737.87,471,24,Tablet
CMP_EM_02,EM_Abandoned_Cart_Nurture,2025-01-17,Email Marketing,Conversion,Latin America,22743,3329,1229,653,1617.92,198058.77,526,28,Tablet
CMP_GGL_02,Google_NonBrand_Generic,2025-01-17,Google Ads,Lead Generation,North America,29517,1846,875,160,6368.12,37424.31,123,13,Mobile
CMP_IG_02,IG_Stories_Conversion,2025-01-17,Instagram Ads,Conversion,Europe,37449,1677,466,162,5385.32,32875.08,96,8,Tablet
CMP_IG_02,IG_Stories_Conversion,2025-01-17,Instagram Ads,Conversion,North America,34474,1604,700,141,5410.94,35706.87,76,30,Tablet
CMP_SEO_02,SEO_High_Intent_Landing,2025-01-17,SEO,Conversion,Asia-Pacific,66802,3488,1428,402,1813.36,149754.75,309,30,Tablet
CMP_SEO_02,SEO_High_Intent_Landing,2025-01-17,SEO,Conversion,Europe,26005,1339,651,138,355.62,56590.89,96,27,Tablet
CMP_YT_01,YT_Video_Awareness_V1,2025-01-17,YouTube Ads,Awareness,Latin America,66692,1222,388,39,1979.57,6352.22,23,7,Mobile
CMP_YT_01,YT_Video_Awareness_V1,2025-01-17,YouTube Ads,Awareness,Middle East,69361,1380,687,49,2709.03,11140.95,29,23,Desktop
CMP_DSP_02,DSP_Dynamic_Retargeting,2025-01-18,Display Ads,Retargeting,North America,41880,748,266,27,1544.44,4954.23,14,7,Desktop
CMP_GGL_02,Google_NonBrand_Generic,2025-01-18,Google Ads,Lead Generation,Middle East,42889,1763,664,223,7441.1,71178.18,185,15,Desktop
CMP_GGL_02,Google_NonBrand_Generic,2025-01-18,Google Ads,Lead Generation,North America,10033,366,94,47,1258.29,13372.77,36,25,Desktop
CMP_LI_02,LI_Whitepaper_Downloads,2025-01-18,LinkedIn Ads,Lead Generation,Latin America,12467,363,93,45,2984.24,28243.89,20,8,Mobile
CMP_SEO_01,SEO_Organic_Blog_Content,2025-01-18,SEO,Awareness,Middle East,41365,2538,1346,243,1400.31,87968.41,169,18,Tablet
CMP_SEO_01,SEO_Organic_Blog_Content,2025-01-18,SEO,Awareness,Latin America,39907,1712,761,227,444.31,73238.23,181,28,Tablet
CMP_YT_02,YT_TrueView_Product_Demo,2025-01-18,YouTube Ads,Product Promotion,Europe,25730,360,157,23,521.43,3902.3,10,21,Mobile
CMP_DSP_02,DSP_Dynamic_Retargeting,2025-01-19,Display Ads,Retargeting,Europe,34602,275,88,5,953.2,855.02,2,10,Tablet
CMP_FB_02,FB_Lookalike_Prospecting,2025-01-19,Facebook Ads,Awareness,Middle East,58955,1793,498,194,3667.74,49024.97,133,9,Tablet
CMP_IG_02,IG_Stories_Conversion,2025-01-19,Instagram Ads,Conversion,Middle East,33156,1300,439,69,3177.46,13988.53,42,16,Mobile
CMP_SEO_01,SEO_Organic_Blog_Content,2025-01-19,SEO,Awareness,Latin America,56363,3797,1815,402,1195.87,106676.52,339,14,Tablet
CMP_SEO_02,SEO_High_Intent_Landing,2025-01-19,SEO,Conversion,Asia-Pacific,15416,645,223,75,156.45,29390.27,57,9,Tablet
CMP_SEO_02,SEO_High_Intent_Landing,2025-01-19,SEO,Conversion,North America,28433,2003,1083,222,946.0,75536.47,156,23,Mobile
CMP_YT_01,YT_Video_Awareness_V1,2025-01-19,YouTube Ads,Awareness,Middle East,61858,1355,484,76,3352.64,13063.9,39,20,Mobile
CMP_DSP_02,DSP_Dynamic_Retargeting,2025-01-20,Display Ads,Retargeting,Asia-Pacific,39072,520,276,8,1268.99,1264.69,3,22,Mobile
CMP_EM_02,EM_Abandoned_Cart_Nurture,2025-01-20,Email Marketing,Conversion,Europe,27599,3479,1800,485,1743.34,98862.18,397,26,Tablet
CMP_FB_01,FB_Retargeting_Q1,2025-01-20,Facebook Ads,Retargeting,Latin America,54527,1474,774,122,2880.73,32190.83,86,11,Desktop
CMP_FB_01,FB_Retargeting_Q1,2025-01-20,Facebook Ads,Retargeting,North America,28682,898,470,74,2280.67,17753.58,53,25,Desktop
CMP_YT_02,YT_TrueView_Product_Demo,2025-01-20,YouTube Ads,Product Promotion,Asia-Pacific,38796,421,164,23,747.58,5304.65,14,29,Tablet
CMP_YT_02,YT_TrueView_Product_Demo,2025-01-20,YouTube Ads,Product Promotion,Middle East,42612,847,356,52,1877.93,10961.6,24,18,Mobile
CMP_FB_02,FB_Lookalike_Prospecting,2025-01-21,Facebook Ads,Awareness,Latin America,18924,477,152,43,989.26,8931.85,27,25,Desktop
CMP_IG_01,IG_Influencer_Promos,2025-01-21,Instagram Ads,Product Promotion,Latin America,27187,858,307,44,2083.26,7949.81,29,22,Mobile
CMP_IG_01,IG_Influencer_Promos,2025-01-21,Instagram Ads,Product Promotion,Middle East,38275,1539,673,129,4391.48,26326.68,77,16,Mobile
CMP_LI_02,LI_Whitepaper_Downloads,2025-01-21,LinkedIn Ads,Lead Generation,Latin America,23087,474,137,54,4605.17,39162.96,33,15,Desktop
CMP_GGL_02,Google_NonBrand_Generic,2025-01-22,Google Ads,Lead Generation,Asia-Pacific,30281,1723,473,199,6602.82,66790.93,124,29,Desktop
CMP_IG_02,IG_Stories_Conversion,2025-01-22,Instagram Ads,Conversion,Latin America,52961,2210,857,137,5506.09,30168.8,85,8,Tablet
CMP_LI_01,LI_B2B_Executive_Leads,2025-01-22,LinkedIn Ads,Lead Generation,Middle East,20235,659,336,77,5022.79,56484.42,38,20,Desktop
CMP_SEO_01,SEO_Organic_Blog_Content,2025-01-22,SEO,Awareness,Latin America,43581,2184,625,277,1161.89,114186.54,198,17,Tablet
CMP_SEO_01,SEO_Organic_Blog_Content,2025-01-22,SEO,Awareness,Asia-Pacific,24802,1316,712,132,630.51,48116.37,112,25,Tablet
CMP_YT_02,YT_TrueView_Product_Demo,2025-01-22,YouTube Ads,Product Promotion,Europe,46696,706,321,32,1113.69,6731.62,19,11,Mobile
CMP_YT_02,YT_TrueView_Product_Demo,2025-01-22,YouTube Ads,Product Promotion,North America,58776,938,315,45,2119.91,6914.79,26,16,Desktop
CMP_DSP_01,DSP_Programmatic_Banner,2025-01-23,Display Ads,Awareness,North America,22960,368,118,11,1139.31,1354.63,6,10,Mobile
CMP_FB_02,FB_Lookalike_Prospecting,2025-01-23,Facebook Ads,Awareness,Asia-Pacific,57126,1678,828,139,4739.58,34685.91,94,17,Desktop
CMP_FB_02,FB_Lookalike_Prospecting,2025-01-23,Facebook Ads,Awareness,Latin America,32202,1310,616,91,2226.8,17905.56,53,23,Mobile
CMP_FB_02,FB_Lookalike_Prospecting,2025-01-23,Facebook Ads,Awareness,Latin America,46791,2138,819,192,3697.81,50123.22,136,23,Tablet
CMP_GGL_01,Google_Search_Brand,2025-01-23,Google Ads,Conversion,Middle East,46134,2837,1194,287,8967.54,100105.03,221,15,Mobile
CMP_GGL_01,Google_Search_Brand,2025-01-23,Google Ads,Conversion,Latin America,17220,955,408,82,3526.48,21227.66,59,24,Mobile
CMP_GGL_01,Google_Search_Brand,2025-01-23,Google Ads,Conversion,North America,34728,1318,349,124,4027.8,41334.7,75,15,Mobile
CMP_GGL_02,Google_NonBrand_Generic,2025-01-23,Google Ads,Lead Generation,North America,10673,615,187,83,2499.82,20476.28,68,28,Mobile
CMP_IG_01,IG_Influencer_Promos,2025-01-23,Instagram Ads,Product Promotion,North America,45044,1389,551,102,3754.34,24459.78,67,22,Mobile
CMP_SEO_01,SEO_Organic_Blog_Content,2025-01-23,SEO,Awareness,Europe,37286,2782,1486,346,1205.8,128487.36,280,14,Mobile
CMP_YT_01,YT_Video_Awareness_V1,2025-01-23,YouTube Ads,Awareness,Middle East,68598,1038,310,68,1814.97,12925.91,43,15,Tablet
CMP_EM_01,EM_Weekly_Newsletter,2025-01-24,Email Marketing,Product Promotion,North America,29736,3726,1750,780,1730.1,290094.52,587,11,Desktop
CMP_GGL_01,Google_Search_Brand,2025-01-24,Google Ads,Conversion,Middle East,14178,726,244,97,1902.49,33775.19,69,29,Desktop
CMP_GGL_01,Google_Search_Brand,2025-01-24,Google Ads,Conversion,North America,39388,1593,662,178,6465.93,46508.62,131,20,Desktop
CMP_GGL_02,Google_NonBrand_Generic,2025-01-24,Google Ads,Lead Generation,Latin America,45455,2348,669,223,7814.17,49464.25,183,7,Tablet
CMP_GGL_02,Google_NonBrand_Generic,2025-01-24,Google Ads,Lead Generation,Asia-Pacific,17597,1140,491,91,4247.2,24344.7,66,9,Desktop
CMP_IG_02,IG_Stories_Conversion,2025-01-24,Instagram Ads,Conversion,Latin America,18527,745,409,55,1843.61,10736.67,32,13,Desktop
CMP_LI_02,LI_Whitepaper_Downloads,2025-01-24,LinkedIn Ads,Lead Generation,Middle East,15901,548,245,47,5353.82,30612.1,28,7,Tablet
CMP_LI_02,LI_Whitepaper_Downloads,2025-01-24,LinkedIn Ads,Lead Generation,Europe,5248,98,31,7,610.09,4378.58,2,18,Tablet
CMP_YT_01,YT_Video_Awareness_V1,2025-01-24,YouTube Ads,Awareness,Middle East,31227,525,238,31,1131.53,5491.41,17,27,Tablet
CMP_YT_01,YT_Video_Awareness_V1,2025-01-24,YouTube Ads,Awareness,Latin America,67932,860,292,40,1193.36,9950.3,24,16,Tablet
CMP_DSP_02,DSP_Dynamic_Retargeting,2025-01-25,Display Ads,Retargeting,Latin America,53297,568,307,22,1810.96,3835.86,11,23,Tablet
CMP_EM_02,EM_Abandoned_Cart_Nurture,2025-01-25,Email Marketing,Conversion,North America,24697,2973,797,575,2017.67,144584.57,475,23,Tablet
CMP_FB_01,FB_Retargeting_Q1,2025-01-25,Facebook Ads,Retargeting,Latin America,39214,1148,475,90,3033.45,20732.22,49,12,Tablet
CMP_IG_01,IG_Influencer_Promos,2025-01-25,Instagram Ads,Product Promotion,Asia-Pacific,34604,1661,712,116,5135.17,25429.22,78,8,Desktop
CMP_IG_01,IG_Influencer_Promos,2025-01-25,Instagram Ads,Product Promotion,Europe,18562,669,167,35,1523.57,7509.22,18,17,Desktop
CMP_IG_02,IG_Stories_Conversion,2025-01-25,Instagram Ads,Conversion,Europe,16653,882,323,44,2535.08,8891.16,28,27,Tablet
CMP_LI_01,LI_B2B_Executive_Leads,2025-01-25,LinkedIn Ads,Lead Generation,Asia-Pacific,22295,359,169,26,3317.67,16612.92,10,19,Desktop
CMP_SEO_02,SEO_High_Intent_Landing,2025-01-25,SEO,Conversion,Middle East,19491,1175,627,167,526.79,60799.5,117,15,Tablet
CMP_YT_01,YT_Video_Awareness_V1,2025-01-25,YouTube Ads,Awareness,Latin America,87298,1176,637,36,1671.46,7464.88,23,21,Mobile
CMP_YT_01,YT_Video_Awareness_V1,2025-01-25,YouTube Ads,Awareness,Middle East,67335,1176,640,69,1894.24,15038.92,31,19,Desktop
CMP_DSP_01,DSP_Programmatic_Banner,2025-01-26,Display Ads,Awareness,Asia-Pacific,22673,345,144,9,739.36,1211.54,4,7,Tablet
CMP_DSP_02,DSP_Dynamic_Retargeting,2025-01-26,Display Ads,Retargeting,Europe,99276,1173,428,45,2544.28,6979.23,16,12,Desktop
CMP_IG_01,IG_Influencer_Promos,2025-01-26,Instagram Ads,Product Promotion,Latin America,49613,2579,894,178,6471.25,30836.87,92,8,Desktop
CMP_IG_01,IG_Influencer_Promos,2025-01-26,Instagram Ads,Product Promotion,Europe,41896,1897,812,100,6108.53,24174.7,52,10,Tablet
CMP_IG_01,IG_Influencer_Promos,2025-01-26,Instagram Ads,Product Promotion,Latin America,29443,1066,486,93,3424.59,18943.11,50,25,Mobile
CMP_SEO_01,SEO_Organic_Blog_Content,2025-01-26,SEO,Awareness,Asia-Pacific,45536,3131,1171,358,850.69,99329.62,244,25,Desktop
CMP_SEO_02,SEO_High_Intent_Landing,2025-01-26,SEO,Conversion,Middle East,58793,4630,1846,568,2269.19,162117.58,408,14,Desktop
CMP_YT_02,YT_TrueView_Product_Demo,2025-01-26,YouTube Ads,Product Promotion,Europe,80040,1389,607,41,1765.22,6509.28,25,24,Desktop
CMP_DSP_02,DSP_Dynamic_Retargeting,2025-01-27,Display Ads,Retargeting,North America,29575,223,70,3,453.32,377.38,1,27,Tablet
CMP_EM_02,EM_Abandoned_Cart_Nurture,2025-01-27,Email Marketing,Conversion,Middle East,9504,1395,485,232,466.58,58189.13,201,18,Tablet
CMP_FB_01,FB_Retargeting_Q1,2025-01-27,Facebook Ads,Retargeting,Middle East,46041,1253,348,117,3819.42,27602.12,82,9,Mobile
CMP_DSP_01,DSP_Programmatic_Banner,2025-01-28,Display Ads,Awareness,Latin America,30847,524,271,15,1733.84,1884.01,5,21,Desktop
CMP_EM_01,EM_Weekly_Newsletter,2025-01-28,Email Marketing,Product Promotion,Middle East,15526,2263,1221,463,1085.63,134616.04,366,30,Desktop
CMP_EM_01,EM_Weekly_Newsletter,2025-01-28,Email Marketing,Product Promotion,North America,26847,2943,1390,597,1952.27,154683.93,454,10,Desktop
CMP_GGL_01,Google_Search_Brand,2025-01-28,Google Ads,Conversion,Europe,31910,1864,921,178,6827.7,58378.33,107,30,Desktop
CMP_GGL_02,Google_NonBrand_Generic,2025-01-28,Google Ads,Lead Generation,Latin America,35331,1838,528,248,7807.05,67139.23,182,7,Mobile
CMP_IG_02,IG_Stories_Conversion,2025-01-28,Instagram Ads,Conversion,Middle East,39915,2152,1158,153,4056.45,38589.25,78,23,Tablet
CMP_IG_02,IG_Stories_Conversion,2025-01-28,Instagram Ads,Conversion,Latin America,51063,1798,903,99,3443.05,18135.66,67,26,Tablet
CMP_DSP_01,DSP_Programmatic_Banner,2025-01-29,Display Ads,Awareness,Latin America,41976,572,252,18,1924.92,2518.13,8,28,Mobile
CMP_DSP_02,DSP_Dynamic_Retargeting,2025-01-29,Display Ads,Retargeting,Middle East,41873,409,130,7,944.88,1091.39,3,25,Mobile
CMP_EM_01,EM_Weekly_Newsletter,2025-01-29,Email Marketing,Product Promotion,Europe,15209,1917,496,250,1013.99,90835.72,220,20,Tablet
CMP_FB_01,FB_Retargeting_Q1,2025-01-29,Facebook Ads,Retargeting,North America,19261,875,433,60,2600.9,11562.81,40,24,Tablet
CMP_FB_01,FB_Retargeting_Q1,2025-01-29,Facebook Ads,Retargeting,Asia-Pacific,38854,1833,554,143,3095.28,34593.61,89,28,Tablet
CMP_IG_02,IG_Stories_Conversion,2025-01-29,Instagram Ads,Conversion,Latin America,21523,920,244,66,2676.3,12406.21,38,11,Desktop
CMP_LI_01,LI_B2B_Executive_Leads,2025-01-29,LinkedIn Ads,Lead Generation,Europe,9763,313,82,37,2921.85,19962.7,23,8,Desktop
CMP_SEO_02,SEO_High_Intent_Landing,2025-01-29,SEO,Conversion,Europe,62756,3065,1561,360,1419.1,90478.98,274,17,Tablet
CMP_YT_01,YT_Video_Awareness_V1,2025-01-29,YouTube Ads,Awareness,Asia-Pacific,28221,292,158,15,599.44,3460.49,7,7,Tablet
CMP_YT_02,YT_TrueView_Product_Demo,2025-01-29,YouTube Ads,Product Promotion,North America,53225,648,177,34,1225.05,7794.57,16,18,Mobile
CMP_YT_02,YT_TrueView_Product_Demo,2025-01-29,YouTube Ads,Product Promotion,Asia-Pacific,79463,1269,495,56,1692.08,11077.91,34,26,Desktop
CMP_EM_01,EM_Weekly_Newsletter,2025-01-30,Email Marketing,Product Promotion,Asia-Pacific,29363,4292,1382,593,3040.51,192127.56,500,23,Desktop
CMP_EM_01,EM_Weekly_Newsletter,2025-01-30,Email Marketing,Product Promotion,Europe,26119,3588,1118,534,1342.9,118620.09,466,21,Mobile
CMP_GGL_01,Google_Search_Brand,2025-01-30,Google Ads,Conversion,Asia-Pacific,27309,1537,387,163,5886.75,39056.91,105,10,Mobile
CMP_IG_02,IG_Stories_Conversion,2025-01-30,Instagram Ads,Conversion,Asia-Pacific,34120,1203,585,114,3507.17,21001.57,77,26,Mobile
CMP_LI_02,LI_Whitepaper_Downloads,2025-01-30,LinkedIn Ads,Lead Generation,Latin America,15291,263,138,33,1588.13,23793.86,20,30,Tablet
CMP_SEO_01,SEO_Organic_Blog_Content,2025-01-30,SEO,Awareness,Europe,65949,3258,1404,472,659.45,173149.29,395,18,Desktop
CMP_YT_01,YT_Video_Awareness_V1,2025-01-30,YouTube Ads,Awareness,Middle East,84746,853,237,41,1484.44,7012.71,23,13,Desktop
CMP_YT_02,YT_TrueView_Product_Demo,2025-01-30,YouTube Ads,Product Promotion,Europe,61522,1104,424,44,1882.26,8053.16,20,20,Mobile
CMP_DSP_02,DSP_Dynamic_Retargeting,2025-01-31,Display Ads,Retargeting,Middle East,65267,1012,257,20,2787.05,3385.69,9,12,Mobile
CMP_DSP_02,DSP_Dynamic_Retargeting,2025-01-31,Display Ads,Retargeting,Middle East,73983,669,248,12,1656.27,1628.59,5,15,Desktop
CMP_EM_02,EM_Abandoned_Cart_Nurture,2025-01-31,Email Marketing,Conversion,Latin America,29020,3739,1619,482,2895.47,146231.56,431,24,Desktop
CMP_FB_02,FB_Lookalike_Prospecting,2025-01-31,Facebook Ads,Awareness,Middle East,21480,996,482,99,2990.38,18968.46,71,22,Mobile
CMP_GGL_02,Google_NonBrand_Generic,2025-01-31,Google Ads,Lead Generation,Europe,15071,673,171,78,2328.67,23060.82,64,8,Desktop
CMP_SEO_01,SEO_Organic_Blog_Content,2025-01-31,SEO,Awareness,North America,39476,1604,781,147,601.31,49350.25,119,23,Tablet
CMP_YT_01,YT_Video_Awareness_V1,2025-01-31,YouTube Ads,Awareness,Europe,66488,667,358,36,1109.23,7422.76,21,14,Mobile
CMP_DSP_01,DSP_Programmatic_Banner,2025-02-01,Display Ads,Awareness,Middle East,40811,571,310,18,1619.99,3049.2,9,11,Desktop
CMP_EM_01,EM_Weekly_Newsletter,2025-02-01,Email Marketing,Product Promotion,Asia-Pacific,25353,3173,884,626,1746.14,133572.79,519,28,Desktop
CMP_IG_02,IG_Stories_Conversion,2025-02-01,Instagram Ads,Conversion,Middle East,25237,768,323,47,2659.26,9342.9,24,8,Mobile
CMP_IG_02,IG_Stories_Conversion,2025-02-01,Instagram Ads,Conversion,Latin America,18293,888,397,68,2896.2,11891.31,40,20,Desktop
CMP_LI_01,LI_B2B_Executive_Leads,2025-02-01,LinkedIn Ads,Lead Generation,Latin America,7048,232,107,26,1883.96,19028.4,11,24,Desktop
CMP_LI_02,LI_Whitepaper_Downloads,2025-02-01,LinkedIn Ads,Lead Generation,Latin America,16158,511,135,56,3728.23,37308.47,23,26,Mobile
CMP_SEO_02,SEO_High_Intent_Landing,2025-02-01,SEO,Conversion,Asia-Pacific,24154,1261,617,151,686.41,52745.29,105,22,Desktop
CMP_YT_01,YT_Video_Awareness_V1,2025-02-01,YouTube Ads,Awareness,Europe,89270,1809,526,72,3185.07,15950.58,44,9,Desktop
CMP_YT_01,YT_Video_Awareness_V1,2025-02-01,YouTube Ads,Awareness,Asia-Pacific,68743,787,250,49,1627.98,9378.53,29,29,Tablet
CMP_EM_02,EM_Abandoned_Cart_Nurture,2025-02-02,Email Marketing,Conversion,Latin America,18665,2341,1186,291,1472.82,59526.12,212,18,Tablet
CMP_FB_02,FB_Lookalike_Prospecting,2025-02-02,Facebook Ads,Awareness,Middle East,45833,2259,568,217,4369.25,45136.89,132,16,Desktop
CMP_GGL_02,Google_NonBrand_Generic,2025-02-02,Google Ads,Lead Generation,Middle East,12949,534,278,56,2261.79,14436.57,39,24,Mobile
CMP_SEO_02,SEO_High_Intent_Landing,2025-02-02,SEO,Conversion,Middle East,55549,3102,1413,280,647.19,107215.91,207,25,Mobile
CMP_YT_02,YT_TrueView_Product_Demo,2025-02-02,YouTube Ads,Product Promotion,North America,66982,996,305,56,1553.71,13732.25,32,15,Mobile
CMP_EM_02,EM_Abandoned_Cart_Nurture,2025-02-03,Email Marketing,Conversion,Middle East,26811,2486,745,545,765.41,206304.81,445,16,Tablet
CMP_GGL_01,Google_Search_Brand,2025-02-03,Google Ads,Conversion,Asia-Pacific,32559,2021,1050,253,5296.65,69805.82,194,22,Desktop
CMP_GGL_01,Google_Search_Brand,2025-02-03,Google Ads,Conversion,Europe,11300,521,285,57,2028.68,13000.29,47,20,Tablet
CMP_GGL_02,Google_NonBrand_Generic,2025-02-03,Google Ads,Lead Generation,North America,45676,2289,840,196,9289.03,58581.05,126,16,Tablet
CMP_IG_02,IG_Stories_Conversion,2025-02-03,Instagram Ads,Conversion,Latin America,25756,1296,632,103,2633.65,19126.61,59,14,Tablet
CMP_LI_02,LI_Whitepaper_Downloads,2025-02-03,LinkedIn Ads,Lead Generation,Asia-Pacific,19061,627,253,68,6819.2,39144.19,42,27,Tablet
CMP_SEO_02,SEO_High_Intent_Landing,2025-02-03,SEO,Conversion,Latin America,39778,3074,826,327,1653.5,111075.98,244,13,Desktop
CMP_SEO_02,SEO_High_Intent_Landing,2025-02-03,SEO,Conversion,Asia-Pacific,33784,1925,764,275,635.06,79671.76,230,22,Desktop
CMP_YT_02,YT_TrueView_Product_Demo,2025-02-03,YouTube Ads,Product Promotion,Middle East,63449,1397,356,97,2651.36,18479.97,60,15,Desktop
CMP_YT_02,YT_TrueView_Product_Demo,2025-02-03,YouTube Ads,Product Promotion,Middle East,74579,1763,485,67,2545.89,16275.65,33,7,Desktop
CMP_DSP_01,DSP_Programmatic_Banner,2025-02-04,Display Ads,Awareness,North America,63222,440,176,13,1539.31,2257.3,6,19,Mobile
CMP_DSP_01,DSP_Programmatic_Banner,2025-02-04,Display Ads,Awareness,Europe,81834,707,224,24,2679.66,2818.85,10,15,Mobile
CMP_FB_01,FB_Retargeting_Q1,2025-02-04,Facebook Ads,Retargeting,North America,41461,1160,435,83,3495.65,19874.51,55,14,Tablet
CMP_FB_02,FB_Lookalike_Prospecting,2025-02-04,Facebook Ads,Awareness,Latin America,25822,1215,322,130,3574.3,25214.37,77,15,Desktop
CMP_GGL_02,Google_NonBrand_Generic,2025-02-04,Google Ads,Lead Generation,Latin America,35517,2283,635,248,7243.47,69091.21,186,18,Tablet
CMP_SEO_01,SEO_Organic_Blog_Content,2025-02-04,SEO,Awareness,Middle East,63574,4201,1139,388,1221.36,115748.75,324,16,Tablet
CMP_SEO_02,SEO_High_Intent_Landing,2025-02-04,SEO,Conversion,Europe,68356,3675,1262,413,980.81,156445.3,309,15,Mobile
CMP_YT_01,YT_Video_Awareness_V1,2025-02-04,YouTube Ads,Awareness,Europe,72213,723,287,42,1230.34,10370.23,26,10,Tablet
CMP_DSP_01,DSP_Programmatic_Banner,2025-02-05,Display Ads,Awareness,Middle East,49682,742,229,25,1917.82,2988.76,8,14,Mobile
CMP_EM_01,EM_Weekly_Newsletter,2025-02-05,Email Marketing,Product Promotion,Middle East,27931,3936,1067,569,1919.03,130292.18,430,13,Mobile
CMP_EM_02,EM_Abandoned_Cart_Nurture,2025-02-05,Email Marketing,Conversion,North America,17833,2272,702,297,1723.04,109386.64,264,26,Mobile
CMP_FB_01,FB_Retargeting_Q1,2025-02-05,Facebook Ads,Retargeting,Asia-Pacific,40517,1599,724,130,4762.43,26098.31,82,20,Tablet
CMP_IG_02,IG_Stories_Conversion,2025-02-05,Instagram Ads,Conversion,North America,14847,708,288,65,2238.53,11813.81,34,20,Mobile
CMP_SEO_02,SEO_High_Intent_Landing,2025-02-05,SEO,Conversion,Latin America,59507,3254,1323,446,667.44,162458.28,325,22,Desktop
CMP_FB_02,FB_Lookalike_Prospecting,2025-02-06,Facebook Ads,Awareness,Europe,62891,2839,1402,222,4756.58,46603.47,139,9,Mobile
CMP_GGL_01,Google_Search_Brand,2025-02-06,Google Ads,Conversion,Latin America,44245,1669,903,220,5451.19,65526.49,176,9,Desktop
CMP_LI_01,LI_B2B_Executive_Leads,2025-02-06,LinkedIn Ads,Lead Generation,Latin America,9893,324,89,35,1958.73,19229.69,16,23,Tablet
CMP_LI_02,LI_Whitepaper_Downloads,2025-02-06,LinkedIn Ads,Lead Generation,Asia-Pacific,9881,267,83,22,2463.87,11704.27,9,23,Mobile
CMP_YT_02,YT_TrueView_Product_Demo,2025-02-06,YouTube Ads,Product Promotion,Europe,60427,1006,267,49,1377.31,10659.93,23,17,Desktop
CMP_FB_01,FB_Retargeting_Q1,2025-02-07,Facebook Ads,Retargeting,Asia-Pacific,48905,1643,887,162,4916.73,39524.66,94,28,Tablet
CMP_GGL_02,Google_NonBrand_Generic,2025-02-07,Google Ads,Lead Generation,Asia-Pacific,40125,1636,661,155,4933.92,49642.02,117,25,Mobile
CMP_GGL_02,Google_NonBrand_Generic,2025-02-07,Google Ads,Lead Generation,Middle East,21017,1080,583,124,3880.0,40072.78,74,17,Mobile
CMP_IG_01,IG_Influencer_Promos,2025-02-07,Instagram Ads,Product Promotion,Latin America,53087,2592,694,176,8365.97,32126.02,97,14,Tablet
CMP_SEO_02,SEO_High_Intent_Landing,2025-02-07,SEO,Conversion,Middle East,18415,981,529,150,288.35,62916.86,125,8,Mobile
CMP_SEO_02,SEO_High_Intent_Landing,2025-02-07,SEO,Conversion,Europe,29259,1401,458,218,306.21,84643.5,164,7,Mobile
CMP_SEO_02,SEO_High_Intent_Landing,2025-02-07,SEO,Conversion,Middle East,59823,4599,1481,511,1020.65,172268.86,362,9,Desktop
CMP_DSP_01,DSP_Programmatic_Banner,2025-02-08,Display Ads,Awareness,Asia-Pacific,81171,1206,392,44,2267.57,7182.49,20,22,Mobile
CMP_DSP_01,DSP_Programmatic_Banner,2025-02-08,Display Ads,Awareness,Asia-Pacific,75441,1296,366,42,4109.42,7592.12,17,7,Desktop
CMP_DSP_02,DSP_Dynamic_Retargeting,2025-02-08,Display Ads,Retargeting,Middle East,70351,866,365,26,2234.71,3290.4,9,18,Tablet
CMP_DSP_02,DSP_Dynamic_Retargeting,2025-02-08,Display Ads,Retargeting,North America,53540,716,353,28,1942.87,3671.64,10,10,Tablet
CMP_GGL_01,Google_Search_Brand,2025-02-08,Google Ads,Conversion,Middle East,26778,1366,490,156,3986.2,38222.75,118,13,Desktop
CMP_LI_01,LI_B2B_Executive_Leads,2025-02-08,LinkedIn Ads,Lead Generation,North America,12461,227,76,23,2083.06,14500.72,12,17,Tablet
CMP_LI_02,LI_Whitepaper_Downloads,2025-02-08,LinkedIn Ads,Lead Generation,Middle East,14399,427,202,30,3617.64,16814.42,16,20,Mobile
CMP_SEO_02,SEO_High_Intent_Landing,2025-02-08,SEO,Conversion,Asia-Pacific,47151,2295,1080,325,508.18,86279.95,254,23,Desktop
CMP_YT_01,YT_Video_Awareness_V1,2025-02-08,YouTube Ads,Awareness,Asia-Pacific,25294,579,274,23,806.68,3631.78,14,19,Tablet
CMP_DSP_02,DSP_Dynamic_Retargeting,2025-02-09,Display Ads,Retargeting,Middle East,27191,247,132,8,883.67,1504.99,4,28,Tablet
CMP_DSP_02,DSP_Dynamic_Retargeting,2025-02-09,Display Ads,Retargeting,Europe,41432,567,146,11,1882.05,1642.96,5,18,Desktop
CMP_EM_01,EM_Weekly_Newsletter,2025-02-09,Email Marketing,Product Promotion,Europe,21502,1897,587,237,1200.81,75516.33,200,25,Desktop
CMP_EM_02,EM_Abandoned_Cart_Nurture,2025-02-09,Email Marketing,Conversion,Europe,21641,2733,1481,543,1373.69,123800.61,407,24,Tablet
CMP_YT_01,YT_Video_Awareness_V1,2025-02-09,YouTube Ads,Awareness,Latin America,88901,918,317,52,1808.72,8411.48,26,15,Tablet
CMP_YT_01,YT_Video_Awareness_V1,2025-02-09,YouTube Ads,Awareness,North America,46930,659,293,31,1384.03,5898.87,15,19,Mobile
CMP_EM_02,EM_Abandoned_Cart_Nurture,2025-02-10,Email Marketing,Conversion,Europe,22635,1957,1058,289,1499.58,65936.89,223,24,Desktop
CMP_FB_01,FB_Retargeting_Q1,2025-02-10,Facebook Ads,Retargeting,Asia-Pacific,16366,738,340,55,1313.41,11959.89,36,19,Desktop
CMP_FB_02,FB_Lookalike_Prospecting,2025-02-10,Facebook Ads,Awareness,Middle East,64103,2086,986,144,4550.1,36673.45,99,27,Tablet
CMP_FB_02,FB_Lookalike_Prospecting,2025-02-10,Facebook Ads,Awareness,Asia-Pacific,50654,1409,527,99,2859.89,21574.52,55,12,Mobile
CMP_IG_02,IG_Stories_Conversion,2025-02-10,Instagram Ads,Conversion,North America,49462,1939,667,104,3949.05,21434.25,58,7,Mobile
CMP_IG_02,IG_Stories_Conversion,2025-02-10,Instagram Ads,Conversion,Latin America,52422,2526,1046,185,6144.74,47295.69,113,17,Desktop
CMP_LI_01,LI_B2B_Executive_Leads,2025-02-10,LinkedIn Ads,Lead Generation,Europe,14961,234,121,27,2195.21,16913.23,12,26,Tablet
CMP_LI_02,LI_Whitepaper_Downloads,2025-02-10,LinkedIn Ads,Lead Generation,Europe,10935,327,146,41,2199.02,30600.32,22,25,Tablet
CMP_SEO_01,SEO_Organic_Blog_Content,2025-02-10,SEO,Awareness,Latin America,25765,1729,651,175,400.16,55049.93,121,13,Tablet
CMP_SEO_02,SEO_High_Intent_Landing,2025-02-10,SEO,Conversion,Latin America,36336,2352,1084,316,743.77,131545.79,242,25,Tablet
CMP_SEO_02,SEO_High_Intent_Landing,2025-02-10,SEO,Conversion,Latin America,49381,2450,808,366,625.46,92680.97,242,9,Desktop
CMP_YT_02,YT_TrueView_Product_Demo,2025-02-10,YouTube Ads,Product Promotion,Middle East,47801,1108,525,74,1955.17,11992.0,44,17,Mobile
CMP_YT_02,YT_TrueView_Product_Demo,2025-02-10,YouTube Ads,Product Promotion,Middle East,28644,555,290,18,892.12,4215.61,8,11,Mobile
CMP_DSP_02,DSP_Dynamic_Retargeting,2025-02-11,Display Ads,Retargeting,Asia-Pacific,86735,1446,684,29,3077.61,4434.05,15,18,Tablet
CMP_DSP_02,DSP_Dynamic_Retargeting,2025-02-11,Display Ads,Retargeting,Asia-Pacific,40573,470,244,17,1505.05,2131.45,8,7,Desktop
CMP_EM_02,EM_Abandoned_Cart_Nurture,2025-02-11,Email Marketing,Conversion,North America,12932,1859,738,239,785.0,62014.63,191,9,Desktop
CMP_FB_01,FB_Retargeting_Q1,2025-02-11,Facebook Ads,Retargeting,Latin America,33898,1659,489,113,2705.51,21605.88,65,12,Desktop
CMP_FB_01,FB_Retargeting_Q1,2025-02-11,Facebook Ads,Retargeting,Europe,63750,2171,631,223,6751.61,49965.13,159,8,Mobile
CMP_IG_01,IG_Influencer_Promos,2025-02-11,Instagram Ads,Product Promotion,Asia-Pacific,54297,2272,926,160,7759.87,41394.53,100,29,Mobile
CMP_LI_01,LI_B2B_Executive_Leads,2025-02-11,LinkedIn Ads,Lead Generation,Europe,11629,186,99,16,1899.7,7986.5,8,11,Mobile
CMP_LI_02,LI_Whitepaper_Downloads,2025-02-11,LinkedIn Ads,Lead Generation,North America,15912,470,125,37,3332.68,25850.78,23,16,Mobile
CMP_YT_02,YT_TrueView_Product_Demo,2025-02-11,YouTube Ads,Product Promotion,Asia-Pacific,89438,1093,422,71,2013.81,12056.54,34,23,Desktop
CMP_DSP_01,DSP_Programmatic_Banner,2025-02-12,Display Ads,Awareness,Latin America,37025,610,238,10,1987.32,1519.75,5,24,Desktop
CMP_GGL_02,Google_NonBrand_Generic,2025-02-12,Google Ads,Lead Generation,Europe,35618,1900,647,244,7900.69,80816.75,163,22,Desktop
CMP_IG_02,IG_Stories_Conversion,2025-02-12,Instagram Ads,Conversion,Middle East,50899,2281,1064,165,6719.01,31687.21,88,7,Tablet
CMP_LI_01,LI_B2B_Executive_Leads,2025-02-12,LinkedIn Ads,Lead Generation,Asia-Pacific,7778,241,69,29,2546.58,20843.63,11,28,Mobile
CMP_YT_01,YT_Video_Awareness_V1,2025-02-12,YouTube Ads,Awareness,North America,26516,519,146,17,1013.69,3330.52,9,27,Mobile
CMP_DSP_01,DSP_Programmatic_Banner,2025-02-13,Display Ads,Awareness,Asia-Pacific,64335,1003,302,34,3788.71,4888.07,15,19,Desktop
CMP_DSP_01,DSP_Programmatic_Banner,2025-02-13,Display Ads,Awareness,North America,78882,1160,604,23,4380.64,3083.36,8,11,Desktop
CMP_DSP_02,DSP_Dynamic_Retargeting,2025-02-13,Display Ads,Retargeting,Middle East,47037,383,99,11,914.2,1863.19,4,19,Tablet
CMP_DSP_02,DSP_Dynamic_Retargeting,2025-02-13,Display Ads,Retargeting,Asia-Pacific,55698,534,191,14,1327.15,2340.21,7,23,Mobile
CMP_EM_02,EM_Abandoned_Cart_Nurture,2025-02-13,Email Marketing,Conversion,Latin America,20984,2061,693,370,892.27,92694.39,317,22,Mobile
CMP_FB_01,FB_Retargeting_Q1,2025-02-13,Facebook Ads,Retargeting,North America,58145,1459,599,141,2573.05,27053.39,97,11,Tablet
CMP_GGL_01,Google_Search_Brand,2025-02-13,Google Ads,Conversion,Middle East,38856,2418,1182,333,6435.72,82562.71,243,26,Desktop
CMP_IG_02,IG_Stories_Conversion,2025-02-13,Instagram Ads,Conversion,North America,51081,1577,589,157,5096.91,31290.67,100,25,Mobile
CMP_SEO_01,SEO_Organic_Blog_Content,2025-02-13,SEO,Awareness,Middle East,57171,4097,1866,560,2152.05,218916.89,446,19,Tablet
CMP_SEO_02,SEO_High_Intent_Landing,2025-02-13,SEO,Conversion,North America,49234,2251,698,216,528.23,86276.1,179,14,Desktop
CMP_SEO_02,SEO_High_Intent_Landing,2025-02-13,SEO,Conversion,Asia-Pacific,23749,1555,449,204,556.29,53159.97,159,23,Mobile
CMP_DSP_01,DSP_Programmatic_Banner,2025-02-14,Display Ads,Awareness,North America,70636,553,145,18,1892.14,3187.34,7,30,Mobile
CMP_EM_01,EM_Weekly_Newsletter,2025-02-14,Email Marketing,Product Promotion,Latin America,25770,3502,1667,577,1581.05,124806.69,464,21,Mobile
CMP_FB_01,FB_Retargeting_Q1,2025-02-14,Facebook Ads,Retargeting,Middle East,62389,1580,691,163,4537.57,39404.61,94,7,Desktop
CMP_IG_02,IG_Stories_Conversion,2025-02-14,Instagram Ads,Conversion,Europe,34266,1465,432,83,3679.32,17045.62,47,18,Mobile
CMP_LI_01,LI_B2B_Executive_Leads,2025-02-14,LinkedIn Ads,Lead Generation,North America,15532,371,116,31,3441.58,22752.27,16,13,Mobile
CMP_SEO_02,SEO_High_Intent_Landing,2025-02-14,SEO,Conversion,Latin America,42474,2037,994,258,1128.21,92164.89,209,11,Desktop
CMP_DSP_01,DSP_Programmatic_Banner,2025-02-15,Display Ads,Awareness,Asia-Pacific,23251,289,120,9,980.38,1393.95,3,29,Tablet
CMP_DSP_02,DSP_Dynamic_Retargeting,2025-02-15,Display Ads,Retargeting,Latin America,49957,424,180,9,1536.24,1103.83,3,18,Mobile
CMP_FB_02,FB_Lookalike_Prospecting,2025-02-15,Facebook Ads,Awareness,Europe,29941,827,328,86,1708.55,20425.75,55,19,Mobile
CMP_GGL_01,Google_Search_Brand,2025-02-15,Google Ads,Conversion,Latin America,36192,2079,756,207,5289.54,54683.62,156,12,Desktop
CMP_IG_01,IG_Influencer_Promos,2025-02-15,Instagram Ads,Product Promotion,Europe,18745,566,281,31,1349.92,5091.82,21,25,Mobile
CMP_IG_02,IG_Stories_Conversion,2025-02-15,Instagram Ads,Conversion,Asia-Pacific,32125,1301,371,89,4303.23,19451.58,52,14,Tablet
CMP_LI_01,LI_B2B_Executive_Leads,2025-02-15,LinkedIn Ads,Lead Generation,Europe,12991,450,203,43,4282.7,24017.81,20,15,Desktop
CMP_SEO_01,SEO_Organic_Blog_Content,2025-02-15,SEO,Awareness,Middle East,41510,3260,1557,483,744.33,122139.41,330,27,Mobile
CMP_YT_02,YT_TrueView_Product_Demo,2025-02-15,YouTube Ads,Product Promotion,Europe,74115,979,256,48,1727.56,10133.84,28,30,Tablet
CMP_YT_02,YT_TrueView_Product_Demo,2025-02-15,YouTube Ads,Product Promotion,Europe,62534,1138,332,59,2343.03,13672.13,34,17,Tablet
CMP_DSP_02,DSP_Dynamic_Retargeting,2025-02-16,Display Ads,Retargeting,Latin America,79930,1404,722,33,3131.33,3763.43,14,23,Desktop
CMP_DSP_02,DSP_Dynamic_Retargeting,2025-02-16,Display Ads,Retargeting,Middle East,26845,281,132,7,1002.9,1054.53,2,28,Mobile
CMP_EM_01,EM_Weekly_Newsletter,2025-02-16,Email Marketing,Product Promotion,Asia-Pacific,8559,1176,644,173,870.51,50128.55,130,17,Tablet
CMP_EM_02,EM_Abandoned_Cart_Nurture,2025-02-16,Email Marketing,Conversion,North America,17246,1381,724,210,722.97,57075.52,181,14,Tablet
CMP_FB_01,FB_Retargeting_Q1,2025-02-16,Facebook Ads,Retargeting,North America,51450,2528,888,238,4236.54,57666.51,161,21,Desktop
CMP_FB_02,FB_Lookalike_Prospecting,2025-02-16,Facebook Ads,Awareness,Middle East,24422,942,486,76,1809.75,18426.61,46,19,Mobile
CMP_GGL_02,Google_NonBrand_Generic,2025-02-16,Google Ads,Lead Generation,Europe,42281,1754,888,174,5805.72,43385.73,142,13,Tablet
CMP_GGL_02,Google_NonBrand_Generic,2025-02-16,Google Ads,Lead Generation,Middle East,33851,1961,930,179,8400.9,61072.03,140,27,Desktop
CMP_IG_01,IG_Influencer_Promos,2025-02-16,Instagram Ads,Product Promotion,Latin America,26788,1281,358,75,3505.13,15235.87,51,12,Desktop
CMP_LI_02,LI_Whitepaper_Downloads,2025-02-16,LinkedIn Ads,Lead Generation,Middle East,23994,687,329,80,7243.26,46425.81,42,28,Mobile
CMP_SEO_01,SEO_Organic_Blog_Content,2025-02-16,SEO,Awareness,Middle East,45172,1986,511,202,870.53,83426.65,159,7,Desktop
CMP_YT_01,YT_Video_Awareness_V1,2025-02-16,YouTube Ads,Awareness,Middle East,25274,297,143,19,477.38,3756.85,10,27,Desktop
CMP_DSP_01,DSP_Programmatic_Banner,2025-02-17,Display Ads,Awareness,Latin America,94813,916,281,21,2765.74,3211.79,10,23,Mobile
CMP_DSP_02,DSP_Dynamic_Retargeting,2025-02-17,Display Ads,Retargeting,North America,66746,985,351,27,3661.72,3649.26,11,7,Mobile
CMP_EM_02,EM_Abandoned_Cart_Nurture,2025-02-17,Email Marketing,Conversion,North America,17381,2414,845,328,1784.9,76662.7,284,20,Tablet
CMP_FB_02,FB_Lookalike_Prospecting,2025-02-17,Facebook Ads,Awareness,Europe,31060,882,318,64,1448.56,13806.55,40,16,Desktop
CMP_FB_02,FB_Lookalike_Prospecting,2025-02-17,Facebook Ads,Awareness,Middle East,25899,910,228,93,2109.66,25132.72,54,14,Desktop
CMP_GGL_01,Google_Search_Brand,2025-02-17,Google Ads,Conversion,Europe,32412,1208,399,131,5270.25,34840.75,107,30,Mobile
CMP_IG_01,IG_Influencer_Promos,2025-02-17,Instagram Ads,Product Promotion,Asia-Pacific,26561,1050,307,54,1900.33,13851.49,37,25,Mobile
CMP_LI_02,LI_Whitepaper_Downloads,2025-02-17,LinkedIn Ads,Lead Generation,Asia-Pacific,12124,359,164,42,3452.83,21078.57,25,25,Mobile
CMP_SEO_01,SEO_Organic_Blog_Content,2025-02-17,SEO,Awareness,Middle East,21208,1350,478,175,417.62,59549.14,128,25,Tablet
CMP_SEO_02,SEO_High_Intent_Landing,2025-02-17,SEO,Conversion,Middle East,23453,1001,384,95,261.49,27833.16,72,8,Mobile
CMP_DSP_02,DSP_Dynamic_Retargeting,2025-02-18,Display Ads,Retargeting,Asia-Pacific,62159,376,124,11,1045.99,1994.0,5,11,Tablet
CMP_DSP_02,DSP_Dynamic_Retargeting,2025-02-18,Display Ads,Retargeting,North America,99304,512,225,19,1856.66,2620.64,8,7,Mobile
CMP_EM_01,EM_Weekly_Newsletter,2025-02-18,Email Marketing,Product Promotion,Latin America,29794,2915,803,550,2264.36,156952.52,395,17,Mobile
CMP_EM_02,EM_Abandoned_Cart_Nurture,2025-02-18,Email Marketing,Conversion,Europe,27059,3726,1697,575,1901.39,152550.34,411,18,Desktop
CMP_FB_01,FB_Retargeting_Q1,2025-02-18,Facebook Ads,Retargeting,Europe,34951,1174,304,114,2474.46,23027.08,73,28,Mobile
CMP_IG_01,IG_Influencer_Promos,2025-02-18,Instagram Ads,Product Promotion,Asia-Pacific,13789,552,235,30,1444.41,5026.16,16,11,Tablet
CMP_IG_01,IG_Influencer_Promos,2025-02-18,Instagram Ads,Product Promotion,North America,52305,1706,924,101,3726.89,22819.63,57,16,Tablet
CMP_LI_02,LI_Whitepaper_Downloads,2025-02-18,LinkedIn Ads,Lead Generation,North America,10117,190,92,18,1147.41,11831.93,7,24,Mobile
CMP_SEO_01,SEO_Organic_Blog_Content,2025-02-18,SEO,Awareness,Middle East,18466,913,257,98,257.43,26192.91,72,16,Desktop
CMP_YT_01,YT_Video_Awareness_V1,2025-02-18,YouTube Ads,Awareness,Middle East,25148,253,66,10,549.07,2284.34,5,16,Tablet
CMP_YT_02,YT_TrueView_Product_Demo,2025-02-18,YouTube Ads,Product Promotion,Latin America,85206,1320,407,49,2451.41,8042.64,27,13,Mobile
CMP_DSP_01,DSP_Programmatic_Banner,2025-02-19,Display Ads,Awareness,Middle East,27438,462,150,16,1310.3,2862.85,8,9,Desktop
CMP_DSP_01,DSP_Programmatic_Banner,2025-02-19,Display Ads,Awareness,North America,45451,614,318,14,2010.79,2292.63,7,15,Mobile
CMP_FB_02,FB_Lookalike_Prospecting,2025-02-19,Facebook Ads,Awareness,Asia-Pacific,64470,1883,580,116,4740.01,31211.48,76,23,Desktop
CMP_GGL_02,Google_NonBrand_Generic,2025-02-19,Google Ads,Lead Generation,Asia-Pacific,41182,2652,1172,228,11554.5,56792.41,175,13,Desktop
CMP_LI_01,LI_B2B_Executive_Leads,2025-02-19,LinkedIn Ads,Lead Generation,Middle East,24656,383,175,47,2913.06,28034.32,21,9,Tablet
CMP_LI_01,LI_B2B_Executive_Leads,2025-02-19,LinkedIn Ads,Lead Generation,Middle East,11556,320,80,24,2380.01,11202.67,9,24,Mobile
CMP_LI_01,LI_B2B_Executive_Leads,2025-02-19,LinkedIn Ads,Lead Generation,Middle East,6773,216,99,21,2062.35,10481.28,9,25,Mobile
CMP_LI_02,LI_Whitepaper_Downloads,2025-02-19,LinkedIn Ads,Lead Generation,Middle East,20588,529,243,63,3451.22,32655.88,30,23,Desktop
CMP_LI_02,LI_Whitepaper_Downloads,2025-02-19,LinkedIn Ads,Lead Generation,Latin America,19603,326,135,40,2112.68,21820.09,22,14,Desktop
CMP_SEO_01,SEO_Organic_Blog_Content,2025-02-19,SEO,Awareness,Asia-Pacific,60507,4692,1979,613,2661.12,186526.12,454,17,Desktop
CMP_SEO_01,SEO_Organic_Blog_Content,2025-02-19,SEO,Awareness,Middle East,32751,1852,565,180,998.44,51930.11,128,21,Desktop
CMP_SEO_02,SEO_High_Intent_Landing,2025-02-19,SEO,Conversion,Latin America,54531,2203,1044,264,924.13,98313.49,209,8,Desktop
CMP_DSP_02,DSP_Dynamic_Retargeting,2025-02-20,Display Ads,Retargeting,Middle East,45227,637,281,12,1635.75,1886.74,5,21,Desktop
CMP_DSP_02,DSP_Dynamic_Retargeting,2025-02-20,Display Ads,Retargeting,Middle East,38900,574,225,15,1657.7,2354.86,7,11,Mobile
CMP_EM_02,EM_Abandoned_Cart_Nurture,2025-02-20,Email Marketing,Conversion,Latin America,13071,1390,414,173,1069.53,55508.85,141,15,Tablet
CMP_LI_01,LI_B2B_Executive_Leads,2025-02-20,LinkedIn Ads,Lead Generation,Middle East,14225,325,145,38,2226.03,17357.94,19,16,Mobile
CMP_YT_01,YT_Video_Awareness_V1,2025-02-20,YouTube Ads,Awareness,Europe,88301,1897,778,117,4110.55,22119.77,65,30,Tablet
CMP_YT_01,YT_Video_Awareness_V1,2025-02-20,YouTube Ads,Awareness,Europe,44760,535,164,33,1091.09,7570.06,20,28,Desktop
CMP_YT_01,YT_Video_Awareness_V1,2025-02-20,YouTube Ads,Awareness,Asia-Pacific,50634,856,347,33,1778.66,7167.24,19,25,Mobile
CMP_YT_02,YT_TrueView_Product_Demo,2025-02-20,YouTube Ads,Product Promotion,Asia-Pacific,45840,1109,454,48,1892.43,10758.23,30,12,Tablet
CMP_DSP_02,DSP_Dynamic_Retargeting,2025-02-21,Display Ads,Retargeting,Europe,74230,442,152,7,1643.55,1154.91,2,7,Mobile
CMP_EM_01,EM_Weekly_Newsletter,2025-02-21,Email Marketing,Product Promotion,North America,29522,3090,1592,677,972.1,155734.76,522,14,Tablet
CMP_EM_02,EM_Abandoned_Cart_Nurture,2025-02-21,Email Marketing,Conversion,Latin America,13036,1921,812,386,787.61,82357.21,285,9,Tablet
CMP_FB_01,FB_Retargeting_Q1,2025-02-21,Facebook Ads,Retargeting,Asia-Pacific,38220,1367,750,123,2866.41,26634.95,77,16,Mobile
CMP_GGL_01,Google_Search_Brand,2025-02-21,Google Ads,Conversion,Latin America,49690,2783,931,372,9288.68,106580.24,280,15,Tablet
CMP_GGL_01,Google_Search_Brand,2025-02-21,Google Ads,Conversion,Europe,49176,2712,1117,256,11510.88,57792.2,181,21,Desktop
CMP_GGL_02,Google_NonBrand_Generic,2025-02-21,Google Ads,Lead Generation,Europe,48980,3004,1267,346,10515.27,82540.09,242,21,Tablet
CMP_IG_01,IG_Influencer_Promos,2025-02-21,Instagram Ads,Product Promotion,Asia-Pacific,14585,721,230,70,1959.77,13492.23,39,26,Desktop
CMP_IG_02,IG_Stories_Conversion,2025-02-21,Instagram Ads,Conversion,North America,38443,1586,684,126,4928.9,23842.15,77,16,Desktop
CMP_LI_02,LI_Whitepaper_Downloads,2025-02-21,LinkedIn Ads,Lead Generation,Middle East,7668,246,128,20,2336.09,11072.4,10,22,Mobile
CMP_SEO_02,SEO_High_Intent_Landing,2025-02-21,SEO,Conversion,Europe,33376,2378,814,302,1262.99,104047.78,254,13,Tablet
CMP_YT_02,YT_TrueView_Product_Demo,2025-02-21,YouTube Ads,Product Promotion,Asia-Pacific,87149,1513,727,52,2473.1,11278.53,30,15,Tablet
CMP_YT_02,YT_TrueView_Product_Demo,2025-02-21,YouTube Ads,Product Promotion,North America,57313,1238,627,41,2365.46,6751.68,20,26,Desktop
CMP_DSP_02,DSP_Dynamic_Retargeting,2025-02-22,Display Ads,Retargeting,Europe,99077,1731,797,36,6110.72,6407.9,16,30,Tablet
CMP_DSP_02,DSP_Dynamic_Retargeting,2025-02-22,Display Ads,Retargeting,Europe,35691,600,266,17,1492.84,2712.45,8,10,Desktop
CMP_FB_01,FB_Retargeting_Q1,2025-02-22,Facebook Ads,Retargeting,Europe,50942,1342,584,115,3771.81,32154.16,65,22,Mobile
CMP_IG_02,IG_Stories_Conversion,2025-02-22,Instagram Ads,Conversion,Asia-Pacific,31375,1181,310,84,3335.68,19234.02,47,28,Mobile
CMP_IG_02,IG_Stories_Conversion,2025-02-22,Instagram Ads,Conversion,Middle East,54446,1839,714,153,3549.54,31522.05,105,14,Tablet
CMP_SEO_02,SEO_High_Intent_Landing,2025-02-22,SEO,Conversion,Latin America,59881,2759,1077,279,1224.25,69842.9,230,21,Desktop
CMP_DSP_01,DSP_Programmatic_Banner,2025-02-23,Display Ads,Awareness,North America,93127,1116,568,26,4138.89,4074.27,12,22,Mobile
CMP_DSP_01,DSP_Programmatic_Banner,2025-02-23,Display Ads,Awareness,Latin America,52974,348,132,5,945.86,565.1,2,17,Tablet
CMP_DSP_02,DSP_Dynamic_Retargeting,2025-02-23,Display Ads,Retargeting,Latin America,94439,1539,716,49,5119.79,5996.7,22,13,Desktop
CMP_DSP_02,DSP_Dynamic_Retargeting,2025-02-23,Display Ads,Retargeting,Europe,66453,889,413,16,2782.25,1987.02,6,21,Tablet
CMP_EM_02,EM_Abandoned_Cart_Nurture,2025-02-23,Email Marketing,Conversion,Middle East,22790,3377,1023,547,1735.62,151541.97,389,28,Tablet
CMP_GGL_01,Google_Search_Brand,2025-02-23,Google Ads,Conversion,Europe,26111,1125,415,107,2945.48,35746.41,66,13,Desktop
CMP_GGL_02,Google_NonBrand_Generic,2025-02-23,Google Ads,Lead Generation,Europe,44523,2860,860,304,10363.82,87397.97,218,7,Tablet
CMP_SEO_01,SEO_Organic_Blog_Content,2025-02-23,SEO,Awareness,Latin America,34969,2748,1339,434,669.04,122508.75,339,24,Mobile
CMP_DSP_01,DSP_Programmatic_Banner,2025-02-24,Display Ads,Awareness,Europe,79768,1226,623,20,2216.43,2978.06,10,8,Mobile
CMP_FB_02,FB_Lookalike_Prospecting,2025-02-24,Facebook Ads,Awareness,Asia-Pacific,16892,456,195,42,1327.96,9467.03,31,11,Desktop
CMP_FB_02,FB_Lookalike_Prospecting,2025-02-24,Facebook Ads,Awareness,Asia-Pacific,38993,1578,440,127,2942.33,32103.59,93,12,Desktop
CMP_GGL_02,Google_NonBrand_Generic,2025-02-24,Google Ads,Lead Generation,Latin America,16676,995,520,85,2571.02,25660.68,69,26,Desktop
CMP_LI_02,LI_Whitepaper_Downloads,2025-02-24,LinkedIn Ads,Lead Generation,Latin America,24039,744,196,81,7457.9,46125.24,38,21,Mobile
CMP_SEO_01,SEO_Organic_Blog_Content,2025-02-24,SEO,Awareness,North America,31521,2281,1117,312,1147.56,107488.03,241,16,Tablet
CMP_SEO_02,SEO_High_Intent_Landing,2025-02-24,SEO,Conversion,Asia-Pacific,30032,1684,436,222,576.25,91080.58,159,20,Mobile
CMP_YT_01,YT_Video_Awareness_V1,2025-02-24,YouTube Ads,Awareness,Latin America,71312,914,392,31,2060.55,6330.2,15,12,Desktop
CMP_YT_02,YT_TrueView_Product_Demo,2025-02-24,YouTube Ads,Product Promotion,Europe,80706,982,306,64,2050.03,10632.97,36,11,Mobile
CMP_DSP_01,DSP_Programmatic_Banner,2025-02-25,Display Ads,Awareness,Middle East,34201,578,199,19,2106.8,2393.2,7,30,Mobile
CMP_DSP_02,DSP_Dynamic_Retargeting,2025-02-25,Display Ads,Retargeting,North America,98258,610,306,16,1872.54,2697.5,8,14,Desktop
CMP_EM_01,EM_Weekly_Newsletter,2025-02-25,Email Marketing,Product Promotion,North America,13583,1132,463,139,645.74,29707.94,102,19,Desktop
CMP_EM_02,EM_Abandoned_Cart_Nurture,2025-02-25,Email Marketing,Conversion,North America,24403,2918,967,634,2324.8,141128.23,483,16,Mobile
CMP_EM_02,EM_Abandoned_Cart_Nurture,2025-02-25,Email Marketing,Conversion,North America,27490,2781,1518,524,834.87,163447.54,414,23,Desktop
CMP_FB_01,FB_Retargeting_Q1,2025-02-25,Facebook Ads,Retargeting,Latin America,59485,2297,1201,251,7008.29,67169.93,146,27,Tablet
CMP_FB_02,FB_Lookalike_Prospecting,2025-02-25,Facebook Ads,Awareness,North America,16804,467,121,33,1316.62,7925.39,22,25,Mobile
CMP_GGL_01,Google_Search_Brand,2025-02-25,Google Ads,Conversion,Middle East,46441,2864,933,312,11878.14,88588.32,262,27,Desktop
CMP_GGL_02,Google_NonBrand_Generic,2025-02-25,Google Ads,Lead Generation,Latin America,30522,1177,593,119,3368.82,38576.11,73,19,Tablet
CMP_IG_02,IG_Stories_Conversion,2025-02-25,Instagram Ads,Conversion,Latin America,48834,2230,885,215,6382.14,42893.87,125,17,Tablet
CMP_LI_01,LI_B2B_Executive_Leads,2025-02-25,LinkedIn Ads,Lead Generation,Latin America,17044,294,141,24,2173.5,13889.61,12,24,Desktop
CMP_LI_02,LI_Whitepaper_Downloads,2025-02-25,LinkedIn Ads,Lead Generation,Middle East,13574,292,77,23,2798.53,15945.26,13,14,Mobile
CMP_YT_01,YT_Video_Awareness_V1,2025-02-25,YouTube Ads,Awareness,Europe,84557,1731,913,71,3874.7,10869.88,44,15,Tablet
CMP_DSP_01,DSP_Programmatic_Banner,2025-02-26,Display Ads,Awareness,Asia-Pacific,65819,404,165,14,1460.77,2590.22,5,11,Tablet
CMP_DSP_01,DSP_Programmatic_Banner,2025-02-26,Display Ads,Awareness,Middle East,42249,357,169,11,1068.93,1363.97,4,27,Mobile
CMP_GGL_01,Google_Search_Brand,2025-02-26,Google Ads,Conversion,Asia-Pacific,30163,1776,959,215,7016.35,48044.79,154,25,Tablet
CMP_GGL_01,Google_Search_Brand,2025-02-26,Google Ads,Conversion,Asia-Pacific,14917,640,337,81,2480.54,21816.73,62,16,Desktop
CMP_SEO_01,SEO_Organic_Blog_Content,2025-02-26,SEO,Awareness,Europe,48826,2970,1104,385,1506.52,102139.28,269,7,Desktop
CMP_FB_01,FB_Retargeting_Q1,2025-02-27,Facebook Ads,Retargeting,North America,47239,1657,424,142,2498.26,34201.16,79,20,Desktop
CMP_FB_01,FB_Retargeting_Q1,2025-02-27,Facebook Ads,Retargeting,North America,20749,816,371,75,1873.83,14931.66,42,23,Tablet
CMP_GGL_01,Google_Search_Brand,2025-02-27,Google Ads,Conversion,Europe,39834,2433,958,276,8903.69,70410.0,214,14,Desktop
CMP_GGL_01,Google_Search_Brand,2025-02-27,Google Ads,Conversion,North America,12119,590,216,79,1880.38,25010.38,65,18,Tablet
CMP_IG_02,IG_Stories_Conversion,2025-02-27,Instagram Ads,Conversion,North America,17521,720,278,70,2253.4,14356.63,35,17,Tablet
CMP_DSP_01,DSP_Programmatic_Banner,2025-02-28,Display Ads,Awareness,Europe,38552,618,227,22,1804.87,2616.87,9,25,Tablet
CMP_EM_01,EM_Weekly_Newsletter,2025-02-28,Email Marketing,Product Promotion,Middle East,12003,1058,295,172,797.32,61181.02,136,17,Mobile
CMP_FB_01,FB_Retargeting_Q1,2025-02-28,Facebook Ads,Retargeting,Middle East,36323,1412,399,97,4091.18,26732.07,54,21,Mobile
CMP_FB_02,FB_Lookalike_Prospecting,2025-02-28,Facebook Ads,Awareness,Europe,47452,1388,513,117,3977.12,29823.22,77,20,Mobile
CMP_GGL_01,Google_Search_Brand,2025-02-28,Google Ads,Conversion,Europe,31465,1232,381,149,3285.6,35231.86,99,7,Mobile
CMP_GGL_02,Google_NonBrand_Generic,2025-02-28,Google Ads,Lead Generation,North America,46741,2148,743,274,8782.21,84191.42,221,15,Mobile
CMP_IG_02,IG_Stories_Conversion,2025-02-28,Instagram Ads,Conversion,North America,35785,1149,342,99,3449.73,25494.4,61,27,Desktop
CMP_IG_02,IG_Stories_Conversion,2025-02-28,Instagram Ads,Conversion,Middle East,38486,1709,917,117,3752.23,29717.96,78,24,Desktop
CMP_LI_02,LI_Whitepaper_Downloads,2025-02-28,LinkedIn Ads,Lead Generation,Asia-Pacific,20696,397,167,47,2702.07,21466.49,19,22,Tablet
CMP_YT_02,YT_TrueView_Product_Demo,2025-02-28,YouTube Ads,Product Promotion,Middle East,35992,421,194,12,869.74,2249.59,6,13,Tablet
CMP_DSP_02,DSP_Dynamic_Retargeting,2025-03-01,Display Ads,Retargeting,Europe,88194,1339,547,32,3095.57,5985.5,16,27,Desktop
CMP_EM_02,EM_Abandoned_Cart_Nurture,2025-03-01,Email Marketing,Conversion,North America,19323,2813,814,343,1311.04,90281.88,258,14,Mobile
CMP_FB_01,FB_Retargeting_Q1,2025-03-01,Facebook Ads,Retargeting,Asia-Pacific,62319,3015,756,329,9602.51,72904.72,239,11,Desktop
CMP_FB_01,FB_Retargeting_Q1,2025-03-01,Facebook Ads,Retargeting,Latin America,29902,926,294,81,2403.98,15005.11,58,15,Desktop
CMP_GGL_02,Google_NonBrand_Generic,2025-03-01,Google Ads,Lead Generation,Europe,49659,3186,924,435,10033.11,145689.43,289,18,Tablet
CMP_LI_01,LI_B2B_Executive_Leads,2025-03-01,LinkedIn Ads,Lead Generation,North America,18036,471,141,40,4466.33,18214.19,22,26,Desktop
CMP_SEO_01,SEO_Organic_Blog_Content,2025-03-01,SEO,Awareness,Asia-Pacific,45131,2127,799,324,825.16,109826.61,241,13,Mobile
CMP_SEO_02,SEO_High_Intent_Landing,2025-03-01,SEO,Conversion,Europe,20841,1117,321,115,488.0,47166.25,87,10,Mobile
CMP_YT_01,YT_Video_Awareness_V1,2025-03-01,YouTube Ads,Awareness,North America,79860,1484,427,72,3237.54,17163.77,44,30,Tablet
CMP_YT_01,YT_Video_Awareness_V1,2025-03-01,YouTube Ads,Awareness,Asia-Pacific,66824,1032,258,35,1569.46,8660.75,18,11,Desktop
CMP_FB_01,FB_Retargeting_Q1,2025-03-02,Facebook Ads,Retargeting,Europe,50784,1523,693,116,2793.64,24391.5,82,8,Desktop
CMP_GGL_01,Google_Search_Brand,2025-03-02,Google Ads,Conversion,Asia-Pacific,26295,1396,359,157,5691.39,38177.29,125,7,Mobile
CMP_LI_01,LI_B2B_Executive_Leads,2025-03-02,LinkedIn Ads,Lead Generation,North America,12774,354,161,27,2377.4,17077.31,13,8,Tablet
CMP_LI_01,LI_B2B_Executive_Leads,2025-03-02,LinkedIn Ads,Lead Generation,Middle East,17597,323,171,37,2005.58,22183.07,16,7,Desktop
CMP_DSP_01,DSP_Programmatic_Banner,2025-03-03,Display Ads,Awareness,Latin America,59874,942,261,15,3008.52,2653.11,6,28,Mobile
CMP_DSP_01,DSP_Programmatic_Banner,2025-03-03,Display Ads,Awareness,North America,49793,580,251,21,1800.14,3629.77,8,17,Desktop
CMP_EM_01,EM_Weekly_Newsletter,2025-03-03,Email Marketing,Product Promotion,Latin America,25887,2319,813,462,1665.54,155953.19,378,25,Mobile
CMP_EM_02,EM_Abandoned_Cart_Nurture,2025-03-03,Email Marketing,Conversion,Middle East,19078,1554,415,277,896.6,55758.54,233,9,Mobile
CMP_FB_01,FB_Retargeting_Q1,2025-03-03,Facebook Ads,Retargeting,Europe,49723,1613,601,165,2567.74,31966.53,97,19,Tablet
CMP_FB_01,FB_Retargeting_Q1,2025-03-03,Facebook Ads,Retargeting,Middle East,48641,1555,508,116,4402.89,29448.65,70,12,Tablet
CMP_FB_02,FB_Lookalike_Prospecting,2025-03-03,Facebook Ads,Awareness,Latin America,17639,671,173,50,1140.81,10872.3,30,16,Desktop
CMP_FB_02,FB_Lookalike_Prospecting,2025-03-03,Facebook Ads,Awareness,Latin America,23277,1090,555,89,2203.93,24780.37,50,16,Desktop
CMP_GGL_01,Google_Search_Brand,2025-03-03,Google Ads,Conversion,Latin America,14934,879,401,84,2584.68,28127.2,54,27,Mobile
CMP_IG_01,IG_Influencer_Promos,2025-03-03,Instagram Ads,Product Promotion,North America,30994,1524,833,108,3697.27,24369.48,59,12,Mobile
CMP_IG_02,IG_Stories_Conversion,2025-03-03,Instagram Ads,Conversion,Latin America,19721,981,364,69,2797.8,13349.05,38,27,Mobile
CMP_SEO_01,SEO_Organic_Blog_Content,2025-03-03,SEO,Awareness,Europe,35723,2672,1065,292,1293.19,93228.93,196,15,Desktop
CMP_DSP_01,DSP_Programmatic_Banner,2025-03-04,Display Ads,Awareness,Middle East,89616,1598,744,61,4779.47,11060.16,28,21,Desktop
CMP_DSP_02,DSP_Dynamic_Retargeting,2025-03-04,Display Ads,Retargeting,Europe,83426,620,312,12,2149.84,1653.78,4,20,Desktop
CMP_DSP_02,DSP_Dynamic_Retargeting,2025-03-04,Display Ads,Retargeting,Latin America,96415,581,233,13,2158.39,1908.99,6,18,Mobile
CMP_FB_02,FB_Lookalike_Prospecting,2025-03-04,Facebook Ads,Awareness,Europe,18449,921,478,85,2874.64,20259.93,50,16,Mobile
CMP_GGL_02,Google_NonBrand_Generic,2025-03-04,Google Ads,Lead Generation,Asia-Pacific,16007,878,283,101,3321.83,22500.42,80,21,Desktop
CMP_LI_02,LI_Whitepaper_Downloads,2025-03-04,LinkedIn Ads,Lead Generation,Middle East,6175,213,85,23,2021.73,13480.96,9,11,Desktop
CMP_YT_01,YT_Video_Awareness_V1,2025-03-04,YouTube Ads,Awareness,North America,88118,1681,563,94,3277.8,19161.32,60,28,Mobile
CMP_EM_01,EM_Weekly_Newsletter,2025-03-05,Email Marketing,Product Promotion,North America,27631,3524,1617,665,1160.43,190187.48,513,30,Desktop
CMP_LI_02,LI_Whitepaper_Downloads,2025-03-05,LinkedIn Ads,Lead Generation,Asia-Pacific,18131,319,127,27,3095.14,12837.82,11,19,Tablet
CMP_SEO_01,SEO_Organic_Blog_Content,2025-03-05,SEO,Awareness,Europe,42062,3210,1555,465,1470.0,147538.67,389,21,Mobile
CMP_YT_01,YT_Video_Awareness_V1,2025-03-05,YouTube Ads,Awareness,Latin America,30164,551,254,30,1255.3,7085.12,16,19,Tablet
CMP_EM_01,EM_Weekly_Newsletter,2025-03-06,Email Marketing,Product Promotion,Asia-Pacific,18906,2079,714,350,1143.16,103952.82,301,13,Desktop
CMP_FB_02,FB_Lookalike_Prospecting,2025-03-06,Facebook Ads,Awareness,Middle East,58108,2435,1097,183,4244.51,41837.5,121,19,Tablet
CMP_FB_02,FB_Lookalike_Prospecting,2025-03-06,Facebook Ads,Awareness,Middle East,44227,1198,653,84,3091.87,23250.46,52,20,Tablet
CMP_GGL_01,Google_Search_Brand,2025-03-06,Google Ads,Conversion,Latin America,26518,1033,312,135,3162.99,29949.26,84,15,Desktop
CMP_IG_01,IG_Influencer_Promos,2025-03-06,Instagram Ads,Product Promotion,Europe,39840,1883,494,101,5899.16,23984.39,65,9,Mobile
CMP_SEO_01,SEO_Organic_Blog_Content,2025-03-06,SEO,Awareness,Latin America,46492,2873,878,448,731.1,165496.57,360,30,Mobile
CMP_SEO_02,SEO_High_Intent_Landing,2025-03-06,SEO,Conversion,Middle East,50844,2310,1259,274,591.09,103465.41,206,23,Desktop
CMP_SEO_02,SEO_High_Intent_Landing,2025-03-06,SEO,Conversion,Asia-Pacific,49888,3422,1836,484,700.18,156810.41,346,15,Desktop
CMP_SEO_02,SEO_High_Intent_Landing,2025-03-06,SEO,Conversion,Asia-Pacific,31362,1437,420,154,472.54,60584.29,112,11,Tablet
CMP_SEO_02,SEO_High_Intent_Landing,2025-03-06,SEO,Conversion,Asia-Pacific,57492,2335,643,289,1140.73,93706.8,245,9,Tablet
CMP_YT_02,YT_TrueView_Product_Demo,2025-03-06,YouTube Ads,Product Promotion,Latin America,42756,763,231,51,1324.29,10763.74,23,27,Tablet
CMP_EM_01,EM_Weekly_Newsletter,2025-03-07,Email Marketing,Product Promotion,Europe,22734,1880,767,243,1199.92,91883.53,175,15,Desktop
CMP_EM_02,EM_Abandoned_Cart_Nurture,2025-03-07,Email Marketing,Conversion,Europe,16890,2380,818,337,1169.81,72226.42,264,11,Tablet
CMP_GGL_02,Google_NonBrand_Generic,2025-03-07,Google Ads,Lead Generation,North America,12762,808,298,67,3433.72,22447.8,46,7,Tablet
CMP_IG_01,IG_Influencer_Promos,2025-03-07,Instagram Ads,Product Promotion,North America,12231,494,146,34,1648.81,6995.87,19,9,Desktop
CMP_IG_02,IG_Stories_Conversion,2025-03-07,Instagram Ads,Conversion,Europe,21878,670,184,36,1394.42,8264.9,19,10,Mobile
CMP_LI_02,LI_Whitepaper_Downloads,2025-03-07,LinkedIn Ads,Lead Generation,North America,11390,278,114,19,2031.93,8916.73,9,25,Desktop
CMP_SEO_01,SEO_Organic_Blog_Content,2025-03-07,SEO,Awareness,Europe,16767,1278,651,174,558.18,45983.17,128,24,Mobile
CMP_SEO_01,SEO_Organic_Blog_Content,2025-03-07,SEO,Awareness,Europe,39979,2243,954,323,864.54,134021.27,236,8,Desktop
CMP_SEO_02,SEO_High_Intent_Landing,2025-03-07,SEO,Conversion,North America,66172,2721,1141,258,1095.25,72448.89,181,28,Tablet
CMP_SEO_02,SEO_High_Intent_Landing,2025-03-07,SEO,Conversion,Europe,23479,1848,480,234,748.95,86126.04,173,21,Tablet
CMP_YT_01,YT_Video_Awareness_V1,2025-03-07,YouTube Ads,Awareness,Asia-Pacific,34627,798,320,31,1638.11,6679.26,15,12,Mobile
CMP_YT_02,YT_TrueView_Product_Demo,2025-03-07,YouTube Ads,Product Promotion,Europe,60288,685,365,26,1068.24,5572.33,13,28,Mobile
CMP_FB_01,FB_Retargeting_Q1,2025-03-08,Facebook Ads,Retargeting,Latin America,56386,2505,1257,232,4551.95,46904.72,136,27,Desktop
CMP_GGL_01,Google_Search_Brand,2025-03-08,Google Ads,Conversion,Europe,20882,1216,601,166,4920.58,42430.11,125,22,Mobile
CMP_LI_02,LI_Whitepaper_Downloads,2025-03-08,LinkedIn Ads,Lead Generation,Asia-Pacific,24289,513,208,37,3245.46,27177.94,19,23,Mobile
CMP_SEO_02,SEO_High_Intent_Landing,2025-03-08,SEO,Conversion,Latin America,24178,1345,719,149,396.11,49484.86,114,13,Mobile
CMP_SEO_02,SEO_High_Intent_Landing,2025-03-08,SEO,Conversion,North America,62497,3433,876,339,1632.07,117329.83,252,17,Tablet
CMP_SEO_02,SEO_High_Intent_Landing,2025-03-08,SEO,Conversion,Latin America,25062,1750,795,157,720.26,63388.83,123,8,Desktop
CMP_YT_01,YT_Video_Awareness_V1,2025-03-08,YouTube Ads,Awareness,North America,35589,751,386,35,1439.81,5283.84,16,15,Mobile
CMP_DSP_01,DSP_Programmatic_Banner,2025-03-09,Display Ads,Awareness,Middle East,62823,924,378,16,1987.78,2450.44,8,16,Mobile
CMP_EM_01,EM_Weekly_Newsletter,2025-03-09,Email Marketing,Product Promotion,Latin America,18743,2563,910,536,1931.13,156992.79,425,9,Desktop
CMP_FB_02,FB_Lookalike_Prospecting,2025-03-09,Facebook Ads,Awareness,Latin America,64896,1935,643,118,3361.77,30924.09,83,21,Desktop
CMP_IG_01,IG_Influencer_Promos,2025-03-09,Instagram Ads,Product Promotion,Middle East,40618,1512,822,146,4365.52,28607.01,87,7,Tablet
CMP_LI_01,LI_B2B_Executive_Leads,2025-03-09,LinkedIn Ads,Lead Generation,Europe,24189,665,246,55,4005.78,28826.6,27,28,Mobile
CMP_SEO_02,SEO_High_Intent_Landing,2025-03-09,SEO,Conversion,Europe,46218,1911,819,231,968.9,75056.57,171,24,Tablet
CMP_SEO_02,SEO_High_Intent_Landing,2025-03-09,SEO,Conversion,Latin America,52449,3661,1681,396,1534.91,125828.84,291,22,Desktop
CMP_SEO_02,SEO_High_Intent_Landing,2025-03-09,SEO,Conversion,Europe,31859,2412,1279,234,580.26,87085.95,179,25,Desktop
CMP_YT_01,YT_Video_Awareness_V1,2025-03-09,YouTube Ads,Awareness,Europe,74006,861,265,58,1504.94,10787.43,33,23,Desktop
CMP_DSP_02,DSP_Dynamic_Retargeting,2025-03-10,Display Ads,Retargeting,Asia-Pacific,48245,616,272,9,1352.2,1205.54,4,29,Mobile
CMP_EM_02,EM_Abandoned_Cart_Nurture,2025-03-10,Email Marketing,Conversion,Middle East,8771,1280,559,160,465.21,40806.34,126,22,Desktop
CMP_FB_02,FB_Lookalike_Prospecting,2025-03-10,Facebook Ads,Awareness,Latin America,51468,1543,460,126,2976.82,26284.73,74,25,Mobile
CMP_GGL_01,Google_Search_Brand,2025-03-10,Google Ads,Conversion,Latin America,44112,2286,1069,201,6247.61,57137.25,170,26,Desktop
CMP_IG_01,IG_Influencer_Promos,2025-03-10,Instagram Ads,Product Promotion,Europe,43907,2242,1037,164,7034.58,41992.86,83,29,Mobile
CMP_IG_02,IG_Stories_Conversion,2025-03-10,Instagram Ads,Conversion,Europe,44939,2413,735,218,6192.06,38926.91,111,12,Tablet
CMP_IG_02,IG_Stories_Conversion,2025-03-10,Instagram Ads,Conversion,Asia-Pacific,16032,750,253,48,1783.41,10747.59,33,29,Tablet
CMP_LI_01,LI_B2B_Executive_Leads,2025-03-10,LinkedIn Ads,Lead Generation,Europe,12806,443,122,38,4147.04,26658.39,22,18,Mobile
CMP_LI_02,LI_Whitepaper_Downloads,2025-03-10,LinkedIn Ads,Lead Generation,Asia-Pacific,12404,419,164,35,2785.66,19530.88,20,25,Desktop
CMP_LI_02,LI_Whitepaper_Downloads,2025-03-10,LinkedIn Ads,Lead Generation,Europe,9379,268,139,23,2919.66,14409.84,9,11,Desktop
CMP_SEO_01,SEO_Organic_Blog_Content,2025-03-10,SEO,Awareness,North America,57523,4204,1802,496,852.64,184311.45,406,7,Tablet
CMP_YT_02,YT_TrueView_Product_Demo,2025-03-10,YouTube Ads,Product Promotion,Latin America,45207,480,131,27,797.43,5197.27,14,29,Mobile
CMP_DSP_01,DSP_Programmatic_Banner,2025-03-11,Display Ads,Awareness,Europe,82511,730,195,18,1495.59,2061.75,6,10,Mobile
CMP_DSP_02,DSP_Dynamic_Retargeting,2025-03-11,Display Ads,Retargeting,North America,35216,438,200,16,823.25,2334.04,6,18,Desktop
CMP_EM_01,EM_Weekly_Newsletter,2025-03-11,Email Marketing,Product Promotion,Middle East,23617,2683,909,408,1009.2,125903.53,326,26,Desktop
CMP_EM_01,EM_Weekly_Newsletter,2025-03-11,Email Marketing,Product Promotion,Europe,8710,1047,333,229,445.69,48489.96,188,12,Desktop
CMP_EM_01,EM_Weekly_Newsletter,2025-03-11,Email Marketing,Product Promotion,Latin America,14441,1568,539,193,896.66,50375.61,153,18,Mobile
CMP_EM_02,EM_Abandoned_Cart_Nurture,2025-03-11,Email Marketing,Conversion,Middle East,9368,1091,546,168,620.4,39068.61,144,19,Mobile
CMP_FB_01,FB_Retargeting_Q1,2025-03-11,Facebook Ads,Retargeting,Latin America,24808,810,432,71,2510.48,18118.47,45,9,Desktop
CMP_FB_02,FB_Lookalike_Prospecting,2025-03-11,Facebook Ads,Awareness,Asia-Pacific,49858,2141,752,179,3800.9,43852.3,122,11,Desktop
CMP_GGL_02,Google_NonBrand_Generic,2025-03-11,Google Ads,Lead Generation,North America,40914,1932,865,238,5572.56,56125.85,194,7,Mobile
CMP_IG_02,IG_Stories_Conversion,2025-03-11,Instagram Ads,Conversion,Latin America,21749,684,225,55,2297.96,12343.83,29,13,Tablet
CMP_SEO_01,SEO_Organic_Blog_Content,2025-03-11,SEO,Awareness,North America,62815,2658,669,403,842.25,132947.2,270,18,Mobile
CMP_SEO_01,SEO_Organic_Blog_Content,2025-03-11,SEO,Awareness,North America,42566,2401,1042,369,1303.86,132546.06,297,12,Tablet
CMP_YT_02,YT_TrueView_Product_Demo,2025-03-11,YouTube Ads,Product Promotion,North America,60068,608,241,41,1458.42,8105.97,18,22,Tablet
CMP_DSP_01,DSP_Programmatic_Banner,2025-03-12,Display Ads,Awareness,North America,27371,391,178,15,1069.74,1776.94,5,26,Mobile
CMP_DSP_02,DSP_Dynamic_Retargeting,2025-03-12,Display Ads,Retargeting,Asia-Pacific,98943,849,350,17,2755.19,3005.69,7,26,Mobile
CMP_DSP_02,DSP_Dynamic_Retargeting,2025-03-12,Display Ads,Retargeting,North America,62604,1125,461,27,3101.33,5036.44,11,24,Tablet
CMP_DSP_02,DSP_Dynamic_Retargeting,2025-03-12,Display Ads,Retargeting,North America,87056,606,259,16,1808.36,2512.03,8,13,Desktop
CMP_EM_02,EM_Abandoned_Cart_Nurture,2025-03-12,Email Marketing,Conversion,Middle East,17545,2260,655,276,736.69,66635.26,226,23,Mobile
CMP_GGL_01,Google_Search_Brand,2025-03-12,Google Ads,Conversion,North America,23432,1148,475,142,4098.32,33134.28,120,8,Tablet
CMP_SEO_01,SEO_Organic_Blog_Content,2025-03-12,SEO,Awareness,North America,52322,4130,2134,408,1866.75,136266.28,318,21,Tablet
CMP_YT_02,YT_TrueView_Product_Demo,2025-03-12,YouTube Ads,Product Promotion,Asia-Pacific,75184,915,420,56,1579.04,8505.18,31,15,Mobile
CMP_DSP_01,DSP_Programmatic_Banner,2025-03-13,Display Ads,Awareness,Asia-Pacific,93065,857,410,24,2201.07,2686.98,12,20,Mobile
CMP_DSP_01,DSP_Programmatic_Banner,2025-03-13,Display Ads,Awareness,Middle East,61750,439,218,14,1659.96,1875.14,5,26,Tablet
CMP_DSP_01,DSP_Programmatic_Banner,2025-03-13,Display Ads,Awareness,Latin America,58556,434,218,16,995.27,2634.91,7,26,Desktop
CMP_DSP_01,DSP_Programmatic_Banner,2025-03-13,Display Ads,Awareness,Middle East,36356,534,250,13,1110.65,1672.09,7,25,Mobile
CMP_DSP_02,DSP_Dynamic_Retargeting,2025-03-13,Display Ads,Retargeting,North America,45520,328,89,12,1064.66,1902.31,5,20,Tablet
CMP_GGL_01,Google_Search_Brand,2025-03-13,Google Ads,Conversion,Europe,36740,1912,895,192,8085.81,59271.74,161,18,Desktop
CMP_LI_01,LI_B2B_Executive_Leads,2025-03-13,LinkedIn Ads,Lead Generation,Asia-Pacific,16888,363,114,41,3103.63,24409.51,21,16,Mobile
CMP_SEO_01,SEO_Organic_Blog_Content,2025-03-13,SEO,Awareness,Asia-Pacific,47595,3802,1758,453,1154.94,143151.05,297,27,Tablet
CMP_SEO_01,SEO_Organic_Blog_Content,2025-03-13,SEO,Awareness,Latin America,20521,1024,264,143,450.97,42676.42,119,27,Mobile
CMP_SEO_02,SEO_High_Intent_Landing,2025-03-13,SEO,Conversion,Europe,34334,1634,635,228,775.16,78430.53,157,29,Tablet
CMP_SEO_02,SEO_High_Intent_Landing,2025-03-13,SEO,Conversion,Europe,42940,2061,531,328,505.21,131251.74,267,23,Tablet
CMP_YT_02,YT_TrueView_Product_Demo,2025-03-13,YouTube Ads,Product Promotion,Latin America,44946,1120,404,44,1513.07,8965.21,23,8,Desktop
CMP_YT_02,YT_TrueView_Product_Demo,2025-03-13,YouTube Ads,Product Promotion,Middle East,73333,1005,280,53,1634.33,12311.07,27,23,Tablet
CMP_DSP_02,DSP_Dynamic_Retargeting,2025-03-14,Display Ads,Retargeting,Middle East,24273,246,80,7,708.19,1131.18,3,11,Tablet
CMP_EM_01,EM_Weekly_Newsletter,2025-03-14,Email Marketing,Product Promotion,North America,20975,1920,526,258,576.81,92604.42,196,21,Mobile
CMP_GGL_01,Google_Search_Brand,2025-03-14,Google Ads,Conversion,Europe,23932,1054,360,86,2645.05,19814.58,66,12,Desktop
CMP_GGL_01,Google_Search_Brand,2025-03-14,Google Ads,Conversion,North America,34731,1841,622,236,4912.01,71816.66,141,25,Desktop
CMP_LI_02,LI_Whitepaper_Downloads,2025-03-14,LinkedIn Ads,Lead Generation,North America,20475,425,186,42,4301.04,26066.13,22,13,Mobile
CMP_SEO_01,SEO_Organic_Blog_Content,2025-03-14,SEO,Awareness,Latin America,42900,1922,860,203,1006.09,50905.62,156,26,Desktop
CMP_YT_01,YT_Video_Awareness_V1,2025-03-14,YouTube Ads,Awareness,Middle East,38401,535,164,17,925.5,3567.99,9,14,Mobile
CMP_DSP_01,DSP_Programmatic_Banner,2025-03-15,Display Ads,Awareness,Europe,53823,907,466,29,2343.83,4733.22,14,26,Desktop
CMP_DSP_02,DSP_Dynamic_Retargeting,2025-03-15,Display Ads,Retargeting,Middle East,54574,478,233,8,1781.15,1074.56,3,23,Tablet
CMP_DSP_02,DSP_Dynamic_Retargeting,2025-03-15,Display Ads,Retargeting,Middle East,65895,581,175,16,2129.38,2083.99,8,7,Desktop
CMP_FB_01,FB_Retargeting_Q1,2025-03-15,Facebook Ads,Retargeting,Latin America,56259,2436,1089,231,7775.98,46029.69,144,9,Tablet
CMP_FB_02,FB_Lookalike_Prospecting,2025-03-15,Facebook Ads,Awareness,Europe,47950,1381,592,145,2633.38,37884.76,91,7,Tablet
CMP_IG_01,IG_Influencer_Promos,2025-03-15,Instagram Ads,Product Promotion,Middle East,25127,981,290,64,3028.6,16505.22,34,26,Tablet
CMP_LI_01,LI_B2B_Executive_Leads,2025-03-15,LinkedIn Ads,Lead Generation,Asia-Pacific,19471,482,170,53,4793.41,32720.69,26,24,Tablet
CMP_LI_02,LI_Whitepaper_Downloads,2025-03-15,LinkedIn Ads,Lead Generation,Latin America,15425,325,170,22,2421.42,14095.36,11,18,Desktop
CMP_SEO_01,SEO_Organic_Blog_Content,2025-03-15,SEO,Awareness,Asia-Pacific,49866,2883,1131,336,1425.27,95817.0,267,17,Tablet
CMP_SEO_01,SEO_Organic_Blog_Content,2025-03-15,SEO,Awareness,Latin America,29312,1892,512,228,458.81,67038.69,149,20,Desktop
CMP_SEO_01,SEO_Organic_Blog_Content,2025-03-15,SEO,Awareness,Europe,68386,3169,1668,494,944.42,183784.21,408,30,Desktop
CMP_SEO_02,SEO_High_Intent_Landing,2025-03-15,SEO,Conversion,Latin America,66653,3626,1226,554,2139.48,173790.72,464,26,Mobile
CMP_DSP_01,DSP_Programmatic_Banner,2025-03-16,Display Ads,Awareness,North America,34651,498,196,15,1261.4,1820.34,5,25,Desktop
CMP_DSP_02,DSP_Dynamic_Retargeting,2025-03-16,Display Ads,Retargeting,Middle East,33731,448,241,14,1299.44,2513.08,7,17,Desktop
CMP_EM_01,EM_Weekly_Newsletter,2025-03-16,Email Marketing,Product Promotion,Europe,9681,1058,301,208,481.14,58307.91,171,29,Desktop
CMP_LI_01,LI_B2B_Executive_Leads,2025-03-16,LinkedIn Ads,Lead Generation,Middle East,15371,234,114,29,2452.91,17395.18,13,30,Tablet
CMP_LI_02,LI_Whitepaper_Downloads,2025-03-16,LinkedIn Ads,Lead Generation,Middle East,13281,463,235,46,4071.2,23779.77,28,12,Tablet
CMP_LI_02,LI_Whitepaper_Downloads,2025-03-16,LinkedIn Ads,Lead Generation,Middle East,15846,506,246,35,5265.17,24757.3,21,14,Tablet
CMP_YT_01,YT_Video_Awareness_V1,2025-03-16,YouTube Ads,Awareness,Asia-Pacific,48195,1081,272,45,1740.36,9284.79,27,30,Mobile
CMP_DSP_02,DSP_Dynamic_Retargeting,2025-03-17,Display Ads,Retargeting,Europe,43502,760,190,17,1885.11,2880.17,8,15,Desktop
CMP_FB_01,FB_Retargeting_Q1,2025-03-17,Facebook Ads,Retargeting,Middle East,45473,1591,627,105,3681.07,22497.28,69,15,Mobile
CMP_GGL_02,Google_NonBrand_Generic,2025-03-17,Google Ads,Lead Generation,Europe,14915,896,484,106,3727.6,30073.52,79,10,Tablet
CMP_IG_01,IG_Influencer_Promos,2025-03-17,Instagram Ads,Product Promotion,Europe,43354,2183,757,155,4349.36,36063.97,81,30,Mobile
CMP_IG_02,IG_Stories_Conversion,2025-03-17,Instagram Ads,Conversion,Latin America,33551,1007,408,61,2168.91,10131.85,30,18,Tablet
CMP_YT_02,YT_TrueView_Product_Demo,2025-03-17,YouTube Ads,Product Promotion,Asia-Pacific,55617,839,371,34,1976.88,8471.53,17,10,Mobile
CMP_EM_01,EM_Weekly_Newsletter,2025-03-18,Email Marketing,Product Promotion,Europe,10603,891,415,120,657.18,45561.68,87,8,Mobile
CMP_FB_01,FB_Retargeting_Q1,2025-03-18,Facebook Ads,Retargeting,Middle East,40000,1823,912,160,5281.04,35429.11,105,11,Tablet
CMP_GGL_02,Google_NonBrand_Generic,2025-03-18,Google Ads,Lead Generation,Middle East,28354,1734,475,239,7288.01,80102.87,155,8,Mobile
CMP_LI_01,LI_B2B_Executive_Leads,2025-03-18,LinkedIn Ads,Lead Generation,Middle East,15797,438,179,44,3345.04,21185.71,27,29,Tablet
CMP_YT_01,YT_Video_Awareness_V1,2025-03-18,YouTube Ads,Awareness,Asia-Pacific,25539,576,210,24,817.85,5675.79,14,18,Mobile
CMP_DSP_01,DSP_Programmatic_Banner,2025-03-19,Display Ads,Awareness,Middle East,89640,634,266,20,2156.67,3615.31,9,10,Tablet
CMP_DSP_02,DSP_Dynamic_Retargeting,2025-03-19,Display Ads,Retargeting,Europe,31552,268,74,8,825.35,1486.15,4,30,Mobile
CMP_EM_01,EM_Weekly_Newsletter,2025-03-19,Email Marketing,Product Promotion,Latin America,14243,1935,1062,285,1260.44,104552.02,242,26,Desktop
CMP_EM_01,EM_Weekly_Newsletter,2025-03-19,Email Marketing,Product Promotion,Europe,10163,1071,493,191,808.2,66675.39,151,16,Tablet
CMP_FB_01,FB_Retargeting_Q1,2025-03-19,Facebook Ads,Retargeting,Latin America,49085,2140,1111,164,3235.15,40178.91,90,13,Desktop
CMP_FB_02,FB_Lookalike_Prospecting,2025-03-19,Facebook Ads,Awareness,Middle East,59055,1883,906,172,3872.76,39914.67,112,11,Tablet
CMP_LI_01,LI_B2B_Executive_Leads,2025-03-19,LinkedIn Ads,Lead Generation,Europe,11701,212,88,17,2147.28,11495.14,8,17,Desktop
CMP_LI_01,LI_B2B_Executive_Leads,2025-03-19,LinkedIn Ads,Lead Generation,Asia-Pacific,24259,448,204,46,4117.82,28348.26,22,18,Desktop
CMP_SEO_01,SEO_Organic_Blog_Content,2025-03-19,SEO,Awareness,Europe,43365,3197,1552,455,1412.56,126406.54,319,27,Desktop
CMP_SEO_02,SEO_High_Intent_Landing,2025-03-19,SEO,Conversion,Europe,31721,2525,1182,402,717.72,111666.17,264,25,Mobile
CMP_YT_01,YT_Video_Awareness_V1,2025-03-19,YouTube Ads,Awareness,North America,78596,1595,695,69,2534.3,12458.28,32,27,Mobile
CMP_EM_01,EM_Weekly_Newsletter,2025-03-20,Email Marketing,Product Promotion,Latin America,12261,1168,565,254,562.77,90478.5,203,10,Tablet
CMP_EM_01,EM_Weekly_Newsletter,2025-03-20,Email Marketing,Product Promotion,Europe,9666,1296,537,264,794.04,67110.88,226,26,Desktop
CMP_FB_02,FB_Lookalike_Prospecting,2025-03-20,Facebook Ads,Awareness,Middle East,37372,1752,767,108,5455.95,28490.16,64,30,Mobile
CMP_GGL_01,Google_Search_Brand,2025-03-20,Google Ads,Conversion,Europe,38666,1915,557,239,5811.35,83356.8,181,8,Tablet
CMP_SEO_02,SEO_High_Intent_Landing,2025-03-20,SEO,Conversion,Asia-Pacific,63007,4138,2200,618,2104.16,155206.8,432,27,Mobile
CMP_IG_01,IG_Influencer_Promos,2025-03-21,Instagram Ads,Product Promotion,Europe,32944,1650,655,111,3726.83,24689.13,75,21,Desktop
CMP_LI_02,LI_Whitepaper_Downloads,2025-03-21,LinkedIn Ads,Lead Generation,Middle East,24009,638,279,61,4372.32,27601.61,32,7,Tablet
CMP_SEO_02,SEO_High_Intent_Landing,2025-03-21,SEO,Conversion,Latin America,29817,1754,580,202,613.42,81137.92,152,15,Desktop
CMP_EM_01,EM_Weekly_Newsletter,2025-03-22,Email Marketing,Product Promotion,Asia-Pacific,16630,2461,1236,420,1675.89,92044.66,346,30,Mobile
CMP_EM_02,EM_Abandoned_Cart_Nurture,2025-03-22,Email Marketing,Conversion,Middle East,20078,2114,1080,369,771.24,110754.23,307,29,Tablet
CMP_FB_01,FB_Retargeting_Q1,2025-03-22,Facebook Ads,Retargeting,Europe,29812,1480,622,160,3457.16,33247.68,102,26,Mobile
CMP_IG_01,IG_Influencer_Promos,2025-03-22,Instagram Ads,Product Promotion,Asia-Pacific,19669,625,184,61,2106.81,14448.49,33,16,Tablet
CMP_IG_02,IG_Stories_Conversion,2025-03-22,Instagram Ads,Conversion,North America,37643,1306,517,110,3032.08,19627.64,68,11,Mobile
CMP_LI_01,LI_B2B_Executive_Leads,2025-03-22,LinkedIn Ads,Lead Generation,Europe,10628,340,151,27,3077.21,19899.33,17,19,Mobile
CMP_LI_02,LI_Whitepaper_Downloads,2025-03-22,LinkedIn Ads,Lead Generation,Middle East,15590,298,161,35,2004.75,17831.3,22,7,Tablet
CMP_YT_01,YT_Video_Awareness_V1,2025-03-22,YouTube Ads,Awareness,Asia-Pacific,73590,1702,798,100,3393.73,22608.53,63,20,Mobile
CMP_YT_01,YT_Video_Awareness_V1,2025-03-22,YouTube Ads,Awareness,Middle East,74031,1536,521,51,3798.33,12031.9,32,21,Tablet
CMP_DSP_01,DSP_Programmatic_Banner,2025-03-23,Display Ads,Awareness,Middle East,70203,1069,544,17,3675.4,2633.11,7,11,Tablet
CMP_EM_02,EM_Abandoned_Cart_Nurture,2025-03-23,Email Marketing,Conversion,Asia-Pacific,23574,3062,1323,414,1949.39,142803.4,300,16,Mobile
CMP_FB_02,FB_Lookalike_Prospecting,2025-03-23,Facebook Ads,Awareness,Latin America,16797,684,282,49,1793.96,12983.13,35,28,Desktop
CMP_IG_02,IG_Stories_Conversion,2025-03-23,Instagram Ads,Conversion,North America,38438,1241,391,75,2700.46,14489.13,42,24,Tablet
CMP_LI_02,LI_Whitepaper_Downloads,2025-03-23,LinkedIn Ads,Lead Generation,North America,6946,220,101,16,1861.52,10744.06,9,8,Mobile
CMP_SEO_02,SEO_High_Intent_Landing,2025-03-23,SEO,Conversion,North America,31934,2286,1066,293,711.19,105342.28,192,7,Desktop
CMP_YT_01,YT_Video_Awareness_V1,2025-03-23,YouTube Ads,Awareness,Latin America,89359,1595,639,94,2086.1,20099.04,46,19,Mobile
CMP_YT_01,YT_Video_Awareness_V1,2025-03-23,YouTube Ads,Awareness,Middle East,36030,885,411,52,1555.98,9675.09,29,14,Mobile
CMP_YT_01,YT_Video_Awareness_V1,2025-03-23,YouTube Ads,Awareness,Latin America,38208,816,249,42,1115.15,7591.8,21,24,Desktop
CMP_YT_02,YT_TrueView_Product_Demo,2025-03-23,YouTube Ads,Product Promotion,North America,41543,608,223,39,1419.77,8111.2,21,18,Mobile
CMP_DSP_01,DSP_Programmatic_Banner,2025-03-24,Display Ads,Awareness,Latin America,99559,627,300,17,1497.46,2401.56,6,7,Mobile
CMP_DSP_02,DSP_Dynamic_Retargeting,2025-03-24,Display Ads,Retargeting,Latin America,39307,535,167,14,1212.87,2617.14,7,29,Tablet
CMP_EM_02,EM_Abandoned_Cart_Nurture,2025-03-24,Email Marketing,Conversion,Latin America,23376,2432,1047,345,1011.84,125453.26,264,13,Desktop
CMP_GGL_01,Google_Search_Brand,2025-03-24,Google Ads,Conversion,Middle East,12288,441,116,40,1659.06,10736.28,30,27,Mobile
CMP_IG_02,IG_Stories_Conversion,2025-03-24,Instagram Ads,Conversion,North America,50600,2196,825,178,4633.71,33127.55,122,22,Desktop
CMP_LI_01,LI_B2B_Executive_Leads,2025-03-24,LinkedIn Ads,Lead Generation,Europe,5553,153,83,13,1495.1,9738.84,6,23,Desktop
CMP_LI_01,LI_B2B_Executive_Leads,2025-03-24,LinkedIn Ads,Lead Generation,Latin America,22596,458,236,47,5006.77,33755.56,25,12,Desktop
CMP_SEO_02,SEO_High_Intent_Landing,2025-03-24,SEO,Conversion,Latin America,19349,1046,270,153,461.13,57439.8,113,23,Desktop
CMP_SEO_02,SEO_High_Intent_Landing,2025-03-24,SEO,Conversion,Europe,40640,2903,787,340,1330.83,96176.86,277,14,Mobile
CMP_YT_01,YT_Video_Awareness_V1,2025-03-24,YouTube Ads,Awareness,Asia-Pacific,75928,830,251,57,1415.29,10021.96,34,15,Mobile
CMP_YT_01,YT_Video_Awareness_V1,2025-03-24,YouTube Ads,Awareness,Middle East,87049,2019,801,102,3357.33,24756.44,57,21,Desktop
CMP_YT_01,YT_Video_Awareness_V1,2025-03-24,YouTube Ads,Awareness,North America,86701,1805,823,124,3268.55,19170.4,72,22,Desktop
CMP_YT_01,YT_Video_Awareness_V1,2025-03-24,YouTube Ads,Awareness,Asia-Pacific,65170,888,279,30,1723.88,6234.4,13,30,Mobile
CMP_YT_02,YT_TrueView_Product_Demo,2025-03-24,YouTube Ads,Product Promotion,Asia-Pacific,31917,684,248,21,1634.29,3598.58,9,23,Tablet
CMP_DSP_01,DSP_Programmatic_Banner,2025-03-25,Display Ads,Awareness,Europe,74986,995,271,16,3691.76,2133.33,7,18,Mobile
CMP_EM_02,EM_Abandoned_Cart_Nurture,2025-03-25,Email Marketing,Conversion,Asia-Pacific,15426,1423,503,292,491.27,97104.55,208,14,Tablet
CMP_EM_02,EM_Abandoned_Cart_Nurture,2025-03-25,Email Marketing,Conversion,Latin America,18384,2218,794,363,1268.83,103232.26,258,26,Tablet
CMP_EM_02,EM_Abandoned_Cart_Nurture,2025-03-25,Email Marketing,Conversion,Latin America,26055,3070,1110,564,1413.29,154118.81,460,18,Tablet
CMP_EM_02,EM_Abandoned_Cart_Nurture,2025-03-25,Email Marketing,Conversion,Middle East,21349,1869,1017,358,760.07,129237.87,275,13,Tablet
CMP_GGL_01,Google_Search_Brand,2025-03-25,Google Ads,Conversion,Latin America,18677,817,428,68,3482.18,22158.63,53,28,Tablet
CMP_IG_01,IG_Influencer_Promos,2025-03-25,Instagram Ads,Product Promotion,Latin America,37605,1678,596,116,5272.08,26319.12,66,10,Desktop
CMP_DSP_01,DSP_Programmatic_Banner,2025-03-26,Display Ads,Awareness,Asia-Pacific,88310,1044,357,18,2598.05,3327.39,7,28,Desktop
CMP_EM_01,EM_Weekly_Newsletter,2025-03-26,Email Marketing,Product Promotion,Asia-Pacific,12782,1688,610,212,980.38,61842.78,175,10,Tablet
CMP_EM_02,EM_Abandoned_Cart_Nurture,2025-03-26,Email Marketing,Conversion,North America,15414,2142,1087,289,1447.03,106812.83,237,26,Tablet
CMP_FB_01,FB_Retargeting_Q1,2025-03-26,Facebook Ads,Retargeting,Europe,63720,2048,927,205,6308.46,37119.24,151,9,Desktop
CMP_FB_01,FB_Retargeting_Q1,2025-03-26,Facebook Ads,Retargeting,Europe,60340,1964,733,182,6176.9,39726.75,111,15,Mobile
CMP_FB_01,FB_Retargeting_Q1,2025-03-26,Facebook Ads,Retargeting,Latin America,42788,1258,417,93,2419.45,20908.92,62,14,Mobile
CMP_FB_02,FB_Lookalike_Prospecting,2025-03-26,Facebook Ads,Awareness,Europe,29776,1001,440,104,3102.64,27517.71,62,29,Mobile
CMP_GGL_01,Google_Search_Brand,2025-03-26,Google Ads,Conversion,North America,48393,1811,938,197,7019.28,63965.61,139,27,Mobile
CMP_GGL_01,Google_Search_Brand,2025-03-26,Google Ads,Conversion,Europe,42161,2372,637,316,6263.51,86685.73,235,7,Mobile
CMP_GGL_02,Google_NonBrand_Generic,2025-03-26,Google Ads,Lead Generation,North America,11502,444,242,57,1513.82,15039.09,39,14,Desktop
CMP_YT_01,YT_Video_Awareness_V1,2025-03-26,YouTube Ads,Awareness,Middle East,44540,962,528,38,1444.78,7241.66,19,14,Tablet
CMP_YT_02,YT_TrueView_Product_Demo,2025-03-26,YouTube Ads,Product Promotion,Middle East,69607,1241,572,41,2035.44,6852.56,23,24,Desktop
CMP_GGL_01,Google_Search_Brand,2025-03-27,Google Ads,Conversion,Middle East,38280,1816,993,227,7318.26,58317.53,178,25,Tablet
CMP_IG_01,IG_Influencer_Promos,2025-03-27,Instagram Ads,Product Promotion,North America,35188,1663,774,112,5424.88,21479.3,62,9,Desktop
CMP_IG_01,IG_Influencer_Promos,2025-03-27,Instagram Ads,Product Promotion,Asia-Pacific,47082,1748,517,160,6038.38,36685.75,101,12,Mobile
CMP_IG_02,IG_Stories_Conversion,2025-03-27,Instagram Ads,Conversion,Latin America,18047,821,387,73,2276.99,18044.34,49,14,Mobile
CMP_LI_02,LI_Whitepaper_Downloads,2025-03-27,LinkedIn Ads,Lead Generation,Europe,19232,639,205,70,5324.03,39179.55,43,23,Tablet
CMP_SEO_01,SEO_Organic_Blog_Content,2025-03-27,SEO,Awareness,Asia-Pacific,19444,1287,511,194,345.11,77998.59,149,15,Mobile
CMP_SEO_02,SEO_High_Intent_Landing,2025-03-27,SEO,Conversion,Europe,67753,4745,2508,615,1154.97,188020.39,432,29,Tablet
CMP_DSP_01,DSP_Programmatic_Banner,2025-03-28,Display Ads,Awareness,Middle East,61975,648,274,10,2450.34,1110.7,3,19,Desktop
CMP_EM_02,EM_Abandoned_Cart_Nurture,2025-03-28,Email Marketing,Conversion,Latin America,13747,1565,488,292,766.75,61803.4,217,22,Tablet
CMP_GGL_01,Google_Search_Brand,2025-03-28,Google Ads,Conversion,Europe,15260,620,160,66,2471.32,16119.96,42,13,Mobile
CMP_GGL_02,Google_NonBrand_Generic,2025-03-28,Google Ads,Lead Generation,North America,34014,1522,641,164,4751.66,41359.51,125,19,Tablet
CMP_IG_01,IG_Influencer_Promos,2025-03-28,Instagram Ads,Product Promotion,Latin America,29712,1000,356,92,3282.25,22093.16,63,15,Desktop
CMP_LI_01,LI_B2B_Executive_Leads,2025-03-28,LinkedIn Ads,Lead Generation,Europe,16770,539,142,56,5008.48,34520.56,31,22,Mobile
CMP_LI_02,LI_Whitepaper_Downloads,2025-03-28,LinkedIn Ads,Lead Generation,Asia-Pacific,23952,484,172,41,2985.38,21647.59,25,8,Tablet
CMP_YT_01,YT_Video_Awareness_V1,2025-03-28,YouTube Ads,Awareness,Middle East,65361,1394,613,62,1864.37,12051.5,39,9,Mobile
CMP_EM_01,EM_Weekly_Newsletter,2025-03-29,Email Marketing,Product Promotion,Latin America,17069,2292,957,333,1783.3,96820.6,240,26,Tablet
CMP_GGL_02,Google_NonBrand_Generic,2025-03-29,Google Ads,Lead Generation,Middle East,35631,1414,758,158,3848.18,44583.28,97,20,Desktop
CMP_IG_01,IG_Influencer_Promos,2025-03-29,Instagram Ads,Product Promotion,Latin America,15406,648,296,47,1484.7,10767.1,28,26,Mobile
CMP_IG_02,IG_Stories_Conversion,2025-03-29,Instagram Ads,Conversion,Europe,48477,1962,647,117,6489.75,24094.63,65,23,Mobile
CMP_LI_01,LI_B2B_Executive_Leads,2025-03-29,LinkedIn Ads,Lead Generation,Asia-Pacific,16012,249,100,22,2497.3,15660.87,12,7,Tablet
CMP_DSP_01,DSP_Programmatic_Banner,2025-03-30,Display Ads,Awareness,North America,25682,288,133,10,691.98,1378.2,4,22,Tablet
CMP_DSP_01,DSP_Programmatic_Banner,2025-03-30,Display Ads,Awareness,Europe,56935,431,222,8,1133.1,1440.89,4,17,Mobile
CMP_DSP_02,DSP_Dynamic_Retargeting,2025-03-30,Display Ads,Retargeting,North America,56448,1007,459,20,1874.76,2777.96,8,26,Tablet
CMP_EM_02,EM_Abandoned_Cart_Nurture,2025-03-30,Email Marketing,Conversion,Asia-Pacific,23714,3294,867,662,1213.61,187421.64,463,15,Mobile
CMP_FB_01,FB_Retargeting_Q1,2025-03-30,Facebook Ads,Retargeting,Asia-Pacific,52253,2091,576,225,3194.36,47006.17,163,16,Tablet
CMP_GGL_02,Google_NonBrand_Generic,2025-03-30,Google Ads,Lead Generation,Europe,22854,1188,347,126,4625.94,42702.43,91,26,Mobile
CMP_SEO_02,SEO_High_Intent_Landing,2025-03-30,SEO,Conversion,Middle East,16093,1021,377,107,209.83,43531.72,89,9,Tablet
CMP_GGL_01,Google_Search_Brand,2025-03-31,Google Ads,Conversion,Europe,43339,2536,911,237,9707.66,77655.98,170,8,Mobile
CMP_GGL_01,Google_Search_Brand,2025-03-31,Google Ads,Conversion,Middle East,38981,2435,675,280,6971.35,84706.16,202,27,Desktop
CMP_GGL_02,Google_NonBrand_Generic,2025-03-31,Google Ads,Lead Generation,Latin America,43961,2145,745,173,8319.21,42799.82,128,10,Tablet
CMP_GGL_02,Google_NonBrand_Generic,2025-03-31,Google Ads,Lead Generation,Asia-Pacific,46832,1887,726,257,8279.31,75065.35,176,30,Mobile
CMP_IG_01,IG_Influencer_Promos,2025-03-31,Instagram Ads,Product Promotion,North America,25924,1193,492,80,3752.89,16246.93,50,15,Tablet
CMP_LI_02,LI_Whitepaper_Downloads,2025-03-31,LinkedIn Ads,Lead Generation,Asia-Pacific,18794,479,135,47,4659.87,32120.04,24,11,Desktop
CMP_SEO_01,SEO_Organic_Blog_Content,2025-03-31,SEO,Awareness,North America,62482,3790,1354,396,1004.93,162327.64,316,25,Desktop
CMP_SEO_02,SEO_High_Intent_Landing,2025-03-31,SEO,Conversion,Europe,68099,4312,1886,520,1477.48,170117.43,407,30,Mobile
CMP_DSP_02,DSP_Dynamic_Retargeting,2025-04-01,Display Ads,Retargeting,Middle East,30497,419,124,11,1229.05,1350.57,4,23,Tablet
CMP_DSP_02,DSP_Dynamic_Retargeting,2025-04-01,Display Ads,Retargeting,North America,58606,701,207,25,2138.43,3207.28,12,26,Desktop
CMP_FB_02,FB_Lookalike_Prospecting,2025-04-01,Facebook Ads,Awareness,Europe,46803,1795,871,193,3291.45,43692.63,143,26,Mobile
CMP_IG_01,IG_Influencer_Promos,2025-04-01,Instagram Ads,Product Promotion,Middle East,27436,1067,386,98,2181.29,20846.12,58,14,Tablet
CMP_SEO_01,SEO_Organic_Blog_Content,2025-04-01,SEO,Awareness,Asia-Pacific,15552,699,333,72,243.39,18114.61,57,29,Mobile
CMP_YT_01,YT_Video_Awareness_V1,2025-04-01,YouTube Ads,Awareness,North America,68703,826,422,35,1461.24,8028.6,19,9,Tablet
CMP_DSP_02,DSP_Dynamic_Retargeting,2025-04-02,Display Ads,Retargeting,North America,55388,832,413,31,2051.62,4111.82,11,21,Mobile
CMP_EM_01,EM_Weekly_Newsletter,2025-04-02,Email Marketing,Product Promotion,Europe,12477,1595,474,263,541.76,62273.86,188,22,Desktop
CMP_IG_02,IG_Stories_Conversion,2025-04-02,Instagram Ads,Conversion,Middle East,29156,1538,435,128,2823.29,25330.21,84,12,Desktop
CMP_IG_02,IG_Stories_Conversion,2025-04-02,Instagram Ads,Conversion,Latin America,38982,1951,551,176,6377.64,32855.78,115,17,Desktop
CMP_SEO_02,SEO_High_Intent_Landing,2025-04-02,SEO,Conversion,Middle East,60821,2541,879,310,726.21,87286.67,215,28,Tablet
CMP_SEO_02,SEO_High_Intent_Landing,2025-04-02,SEO,Conversion,Asia-Pacific,57180,2934,1364,380,1250.61,152058.57,251,8,Mobile
CMP_DSP_01,DSP_Programmatic_Banner,2025-04-03,Display Ads,Awareness,Asia-Pacific,46957,698,268,14,1584.48,2023.86,5,15,Desktop
CMP_EM_01,EM_Weekly_Newsletter,2025-04-03,Email Marketing,Product Promotion,North America,16358,1635,450,266,1102.68,68967.03,193,18,Mobile
CMP_EM_01,EM_Weekly_Newsletter,2025-04-03,Email Marketing,Product Promotion,Latin America,26436,2434,716,475,1046.08,153588.98,370,12,Tablet
CMP_EM_02,EM_Abandoned_Cart_Nurture,2025-04-03,Email Marketing,Conversion,Asia-Pacific,23934,2236,899,302,1788.77,76479.26,259,17,Mobile
CMP_FB_01,FB_Retargeting_Q1,2025-04-03,Facebook Ads,Retargeting,Latin America,45425,1499,545,117,4151.64,28404.49,75,22,Desktop
CMP_GGL_01,Google_Search_Brand,2025-04-03,Google Ads,Conversion,North America,42741,2709,811,269,8877.78,93598.51,201,13,Desktop
CMP_IG_01,IG_Influencer_Promos,2025-04-03,Instagram Ads,Product Promotion,Europe,51279,2780,1485,261,8017.4,60760.13,173,19,Mobile
CMP_IG_01,IG_Influencer_Promos,2025-04-03,Instagram Ads,Product Promotion,Asia-Pacific,40581,2037,537,121,4286.62,19567.0,77,11,Tablet
CMP_IG_02,IG_Stories_Conversion,2025-04-03,Instagram Ads,Conversion,Europe,34468,1882,895,150,6482.53,36325.86,100,8,Mobile
CMP_LI_01,LI_B2B_Executive_Leads,2025-04-03,LinkedIn Ads,Lead Generation,Latin America,15163,276,74,25,1901.27,15808.67,10,7,Tablet
CMP_LI_01,LI_B2B_Executive_Leads,2025-04-03,LinkedIn Ads,Lead Generation,Middle East,14091,459,190,45,4610.32,31837.7,19,8,Desktop
CMP_SEO_01,SEO_Organic_Blog_Content,2025-04-03,SEO,Awareness,Europe,32686,2294,974,324,589.02,132583.48,257,25,Mobile
CMP_YT_01,YT_Video_Awareness_V1,2025-04-03,YouTube Ads,Awareness,Latin America,72830,1681,497,61,4032.66,10376.36,33,18,Mobile
CMP_YT_01,YT_Video_Awareness_V1,2025-04-03,YouTube Ads,Awareness,Latin America,49599,1218,451,71,1791.04,13476.36,32,30,Desktop
CMP_GGL_01,Google_Search_Brand,2025-04-04,Google Ads,Conversion,Latin America,15458,734,282,72,2869.03,22617.53,56,8,Desktop
CMP_IG_01,IG_Influencer_Promos,2025-04-04,Instagram Ads,Product Promotion,Asia-Pacific,41756,1803,761,164,5368.25,33331.31,82,17,Desktop
CMP_LI_01,LI_B2B_Executive_Leads,2025-04-04,LinkedIn Ads,Lead Generation,Asia-Pacific,14405,377,113,32,3101.38,16966.26,18,12,Tablet
CMP_LI_02,LI_Whitepaper_Downloads,2025-04-04,LinkedIn Ads,Lead Generation,Middle East,19245,643,199,65,6307.97,34286.28,32,22,Tablet
CMP_DSP_01,DSP_Programmatic_Banner,2025-04-05,Display Ads,Awareness,Latin America,76640,777,195,28,2544.5,4087.05,12,28,Tablet
CMP_EM_01,EM_Weekly_Newsletter,2025-04-05,Email Marketing,Product Promotion,Europe,23537,2408,660,508,927.68,153468.31,357,22,Mobile
CMP_GGL_02,Google_NonBrand_Generic,2025-04-05,Google Ads,Lead Generation,Latin America,12578,447,141,37,1324.55,11686.53,22,16,Desktop
CMP_IG_01,IG_Influencer_Promos,2025-04-05,Instagram Ads,Product Promotion,Asia-Pacific,14273,665,272,38,2302.65,7784.03,26,29,Mobile
CMP_IG_01,IG_Influencer_Promos,2025-04-05,Instagram Ads,Product Promotion,Latin America,32668,1794,914,118,3955.4,28050.3,68,10,Desktop
CMP_DSP_02,DSP_Dynamic_Retargeting,2025-04-06,Display Ads,Retargeting,Middle East,29142,400,194,7,1425.28,1212.04,3,30,Tablet
CMP_EM_01,EM_Weekly_Newsletter,2025-04-06,Email Marketing,Product Promotion,Asia-Pacific,14638,1506,460,250,502.71,73687.4,202,17,Tablet
CMP_FB_01,FB_Retargeting_Q1,2025-04-06,Facebook Ads,Retargeting,North America,44986,1252,458,105,3305.52,29042.12,64,13,Tablet
CMP_GGL_01,Google_Search_Brand,2025-04-06,Google Ads,Conversion,Latin America,41343,2498,1228,213,10248.24,54207.8,173,30,Desktop
CMP_IG_01,IG_Influencer_Promos,2025-04-06,Instagram Ads,Product Promotion,Asia-Pacific,15775,617,160,38,1357.98,9687.09,26,28,Mobile
CMP_LI_02,LI_Whitepaper_Downloads,2025-04-06,LinkedIn Ads,Lead Generation,North America,16947,258,132,24,1808.21,16662.33,11,22,Desktop
CMP_FB_01,FB_Retargeting_Q1,2025-04-07,Facebook Ads,Retargeting,Europe,62534,1591,428,159,4858.27,41233.63,90,15,Mobile
CMP_FB_01,FB_Retargeting_Q1,2025-04-07,Facebook Ads,Retargeting,Latin America,60033,2008,917,175,3209.78,42841.19,115,7,Mobile
CMP_FB_02,FB_Lookalike_Prospecting,2025-04-07,Facebook Ads,Awareness,Europe,64109,3175,1205,286,10121.02,62484.47,182,25,Desktop
CMP_FB_02,FB_Lookalike_Prospecting,2025-04-07,Facebook Ads,Awareness,North America,35264,976,320,99,2167.36,20902.89,56,14,Tablet
CMP_GGL_02,Google_NonBrand_Generic,2025-04-07,Google Ads,Lead Generation,Europe,39766,1581,430,138,6846.07,45796.57,95,28,Desktop
CMP_IG_01,IG_Influencer_Promos,2025-04-07,Instagram Ads,Product Promotion,Latin America,13253,473,142,26,1436.12,6068.6,16,19,Mobile
CMP_SEO_01,SEO_Organic_Blog_Content,2025-04-07,SEO,Awareness,Europe,36912,2101,1101,213,1125.73,55743.42,170,30,Mobile
CMP_YT_01,YT_Video_Awareness_V1,2025-04-07,YouTube Ads,Awareness,North America,81009,1263,390,87,2572.41,14672.14,49,29,Tablet
CMP_FB_02,FB_Lookalike_Prospecting,2025-04-08,Facebook Ads,Awareness,North America,15477,663,354,64,1786.39,13083.05,44,30,Tablet
CMP_FB_02,FB_Lookalike_Prospecting,2025-04-08,Facebook Ads,Awareness,Middle East,62637,2878,1285,179,8654.02,46766.49,98,25,Mobile
CMP_GGL_02,Google_NonBrand_Generic,2025-04-08,Google Ads,Lead Generation,North America,49557,1989,879,178,7595.17,54485.46,121,23,Desktop
CMP_YT_01,YT_Video_Awareness_V1,2025-04-08,YouTube Ads,Awareness,North America,27678,371,141,17,716.99,3331.72,8,11,Mobile
CMP_YT_02,YT_TrueView_Product_Demo,2025-04-08,YouTube Ads,Product Promotion,Middle East,45948,991,423,66,2216.64,10733.63,38,18,Tablet
CMP_DSP_02,DSP_Dynamic_Retargeting,2025-04-09,Display Ads,Retargeting,Europe,46545,719,279,28,2676.86,4735.33,14,7,Mobile
CMP_EM_01,EM_Weekly_Newsletter,2025-04-09,Email Marketing,Product Promotion,Asia-Pacific,25672,3199,1067,509,1341.06,114645.96,393,10,Tablet
CMP_GGL_02,Google_NonBrand_Generic,2025-04-09,Google Ads,Lead Generation,Latin America,25791,1098,289,145,3297.09,40013.49,101,28,Desktop
CMP_YT_02,YT_TrueView_Product_Demo,2025-04-09,YouTube Ads,Product Promotion,Europe,52523,747,401,29,1349.04,6450.85,17,18,Tablet
CMP_DSP_02,DSP_Dynamic_Retargeting,2025-04-10,Display Ads,Retargeting,Europe,89248,1197,442,25,3111.5,4096.0,9,13,Tablet
CMP_FB_01,FB_Retargeting_Q1,2025-04-10,Facebook Ads,Retargeting,Europe,43761,1121,334,114,2521.02,27378.92,69,30,Tablet
CMP_FB_02,FB_Lookalike_Prospecting,2025-04-10,Facebook Ads,Awareness,Latin America,55266,2425,1065,176,7728.0,38846.17,106,27,Tablet
CMP_IG_01,IG_Influencer_Promos,2025-04-10,Instagram Ads,Product Promotion,Middle East,33215,1349,729,87,4133.23,17912.48,45,16,Mobile
CMP_SEO_01,SEO_Organic_Blog_Content,2025-04-10,SEO,Awareness,Latin America,50750,3296,922,433,662.53,132676.8,294,15,Mobile
CMP_SEO_02,SEO_High_Intent_Landing,2025-04-10,SEO,Conversion,North America,67716,3721,1201,360,821.0,132638.67,268,23,Tablet
CMP_YT_02,YT_TrueView_Product_Demo,2025-04-10,YouTube Ads,Product Promotion,Europe,37631,870,252,34,1377.13,8225.06,19,14,Tablet
CMP_IG_02,IG_Stories_Conversion,2025-04-11,Instagram Ads,Conversion,Asia-Pacific,44975,1452,571,143,3233.15,35808.47,78,7,Tablet
CMP_LI_02,LI_Whitepaper_Downloads,2025-04-11,LinkedIn Ads,Lead Generation,North America,17672,449,144,48,4318.63,24800.6,29,9,Tablet
CMP_LI_02,LI_Whitepaper_Downloads,2025-04-11,LinkedIn Ads,Lead Generation,Europe,20549,416,175,32,3194.2,14915.38,20,25,Mobile
CMP_SEO_01,SEO_Organic_Blog_Content,2025-04-11,SEO,Awareness,North America,59614,4169,1814,523,1050.43,182119.27,393,20,Tablet
CMP_EM_01,EM_Weekly_Newsletter,2025-04-12,Email Marketing,Product Promotion,Europe,20652,3061,866,556,1783.1,207565.64,438,30,Mobile
CMP_FB_02,FB_Lookalike_Prospecting,2025-04-12,Facebook Ads,Awareness,Latin America,42641,1768,920,119,4120.47,25751.76,70,17,Desktop
CMP_GGL_01,Google_Search_Brand,2025-04-12,Google Ads,Conversion,Middle East,32312,1620,846,139,5972.58,40256.96,115,25,Tablet
CMP_IG_02,IG_Stories_Conversion,2025-04-12,Instagram Ads,Conversion,Asia-Pacific,18067,883,279,80,1680.14,17715.97,55,8,Mobile
CMP_LI_01,LI_B2B_Executive_Leads,2025-04-12,LinkedIn Ads,Lead Generation,Europe,22222,600,215,72,4055.31,43740.98,43,18,Desktop
CMP_SEO_02,SEO_High_Intent_Landing,2025-04-12,SEO,Conversion,Latin America,57424,3861,1527,560,940.79,167114.7,390,9,Tablet
CMP_YT_01,YT_Video_Awareness_V1,2025-04-12,YouTube Ads,Awareness,Asia-Pacific,31792,370,197,23,856.63,4907.02,11,23,Desktop
CMP_EM_01,EM_Weekly_Newsletter,2025-04-13,Email Marketing,Product Promotion,Europe,26162,2458,749,368,1112.24,135012.34,291,20,Tablet
CMP_LI_02,LI_Whitepaper_Downloads,2025-04-13,LinkedIn Ads,Lead Generation,Europe,14674,447,111,57,3806.85,32068.23,28,14,Desktop
CMP_SEO_01,SEO_Organic_Blog_Content,2025-04-13,SEO,Awareness,North America,26791,1802,687,282,756.91,92630.17,223,24,Tablet
CMP_YT_02,YT_TrueView_Product_Demo,2025-04-13,YouTube Ads,Product Promotion,North America,78133,1238,326,53,1646.96,9411.09,27,11,Desktop
CMP_YT_02,YT_TrueView_Product_Demo,2025-04-13,YouTube Ads,Product Promotion,Middle East,65957,1169,473,60,2423.37,14285.38,34,15,Mobile
CMP_YT_02,YT_TrueView_Product_Demo,2025-04-13,YouTube Ads,Product Promotion,Latin America,45487,792,285,55,1273.26,8623.92,35,21,Tablet
CMP_DSP_02,DSP_Dynamic_Retargeting,2025-04-14,Display Ads,Retargeting,Europe,67810,883,286,26,1780.25,4694.65,11,24,Mobile
CMP_FB_02,FB_Lookalike_Prospecting,2025-04-14,Facebook Ads,Awareness,Europe,38515,1175,402,90,3349.29,20088.43,52,7,Mobile
CMP_GGL_01,Google_Search_Brand,2025-04-14,Google Ads,Conversion,Middle East,13337,600,239,78,1623.2,21538.33,54,19,Desktop
CMP_GGL_01,Google_Search_Brand,2025-04-14,Google Ads,Conversion,Latin America,19836,1265,649,136,5241.35,40219.8,102,10,Tablet
CMP_YT_01,YT_Video_Awareness_V1,2025-04-14,YouTube Ads,Awareness,Latin America,57536,576,267,18,769.56,3682.24,10,11,Mobile
CMP_DSP_02,DSP_Dynamic_Retargeting,2025-04-15,Display Ads,Retargeting,Latin America,97469,1363,341,29,2583.21,3670.72,13,22,Tablet
CMP_EM_02,EM_Abandoned_Cart_Nurture,2025-04-15,Email Marketing,Conversion,Europe,18922,2650,1125,458,1940.22,140644.02,338,21,Desktop
CMP_FB_02,FB_Lookalike_Prospecting,2025-04-15,Facebook Ads,Awareness,North America,39456,1883,972,143,3673.37,36940.75,88,27,Mobile
CMP_FB_02,FB_Lookalike_Prospecting,2025-04-15,Facebook Ads,Awareness,North America,48148,1737,861,114,2769.84,25131.95,85,7,Desktop
CMP_GGL_01,Google_Search_Brand,2025-04-15,Google Ads,Conversion,North America,45278,2617,1207,252,6754.2,72948.02,204,14,Desktop
CMP_GGL_01,Google_Search_Brand,2025-04-15,Google Ads,Conversion,Asia-Pacific,16614,597,207,81,1703.43,23510.93,63,17,Mobile
CMP_GGL_02,Google_NonBrand_Generic,2025-04-15,Google Ads,Lead Generation,Latin America,23462,986,320,115,2562.25,36529.06,74,18,Tablet
CMP_GGL_01,Google_Search_Brand,2025-04-16,Google Ads,Conversion,Asia-Pacific,31369,1477,709,174,3755.05,48455.65,111,13,Desktop
CMP_IG_02,IG_Stories_Conversion,2025-04-16,Instagram Ads,Conversion,North America,14227,756,234,55,2403.77,13002.56,32,19,Mobile
CMP_LI_01,LI_B2B_Executive_Leads,2025-04-16,LinkedIn Ads,Lead Generation,Europe,21819,336,149,38,3326.91,17201.44,23,18,Tablet
CMP_LI_01,LI_B2B_Executive_Leads,2025-04-16,LinkedIn Ads,Lead Generation,Latin America,19261,537,187,61,5745.23,30263.71,31,29,Desktop
CMP_SEO_01,SEO_Organic_Blog_Content,2025-04-16,SEO,Awareness,North America,56950,3820,1107,420,1690.87,136049.43,349,17,Tablet
CMP_YT_01,YT_Video_Awareness_V1,2025-04-16,YouTube Ads,Awareness,Asia-Pacific,60483,1424,364,48,3058.88,7445.66,29,19,Mobile
CMP_YT_01,YT_Video_Awareness_V1,2025-04-16,YouTube Ads,Awareness,Asia-Pacific,75826,1304,489,66,2746.77,13743.2,39,16,Tablet
CMP_FB_01,FB_Retargeting_Q1,2025-04-17,Facebook Ads,Retargeting,Asia-Pacific,18892,766,255,47,1224.77,11832.85,31,13,Mobile
CMP_FB_02,FB_Lookalike_Prospecting,2025-04-17,Facebook Ads,Awareness,Asia-Pacific,20739,1018,344,82,2077.03,16414.4,56,17,Mobile
CMP_GGL_01,Google_Search_Brand,2025-04-17,Google Ads,Conversion,North America,19782,822,236,101,2270.69,28759.09,82,15,Tablet
CMP_GGL_01,Google_Search_Brand,2025-04-17,Google Ads,Conversion,North America,37134,1350,616,173,4319.06,42835.48,131,20,Tablet
CMP_GGL_02,Google_NonBrand_Generic,2025-04-17,Google Ads,Lead Generation,Asia-Pacific,13213,623,264,59,2518.11,19558.56,39,20,Desktop
CMP_IG_01,IG_Influencer_Promos,2025-04-17,Instagram Ads,Product Promotion,Europe,42169,1697,767,96,5225.95,16465.59,62,28,Desktop
CMP_IG_01,IG_Influencer_Promos,2025-04-17,Instagram Ads,Product Promotion,Asia-Pacific,30708,1226,374,108,2616.26,25736.37,63,10,Tablet
CMP_IG_02,IG_Stories_Conversion,2025-04-17,Instagram Ads,Conversion,Asia-Pacific,52022,2715,1486,213,9425.8,41059.29,144,18,Tablet
CMP_SEO_02,SEO_High_Intent_Landing,2025-04-17,SEO,Conversion,North America,27312,1297,477,150,394.7,39403.31,101,20,Desktop
CMP_YT_02,YT_TrueView_Product_Demo,2025-04-17,YouTube Ads,Product Promotion,Middle East,82706,1896,644,132,4113.58,31503.32,73,18,Tablet
CMP_DSP_02,DSP_Dynamic_Retargeting,2025-04-18,Display Ads,Retargeting,North America,58415,574,309,10,1509.48,1237.94,5,28,Tablet
CMP_EM_02,EM_Abandoned_Cart_Nurture,2025-04-18,Email Marketing,Conversion,Asia-Pacific,18095,1455,546,246,559.01,53489.43,210,19,Tablet
CMP_IG_02,IG_Stories_Conversion,2025-04-18,Instagram Ads,Conversion,North America,21127,1113,553,98,3132.27,22409.31,62,9,Mobile
CMP_SEO_01,SEO_Organic_Blog_Content,2025-04-18,SEO,Awareness,Europe,44742,2056,1071,275,839.32,88491.38,216,18,Mobile
CMP_SEO_02,SEO_High_Intent_Landing,2025-04-18,SEO,Conversion,Europe,52445,3628,1923,577,1638.37,191692.5,454,10,Tablet
CMP_DSP_01,DSP_Programmatic_Banner,2025-04-19,Display Ads,Awareness,Middle East,57087,525,194,8,1003.31,1489.22,3,27,Desktop
CMP_FB_01,FB_Retargeting_Q1,2025-04-19,Facebook Ads,Retargeting,Latin America,50856,1902,485,119,5455.41,30980.79,84,21,Tablet
CMP_FB_02,FB_Lookalike_Prospecting,2025-04-19,Facebook Ads,Awareness,Latin America,33962,1000,372,98,1770.5,24837.71,61,25,Desktop
CMP_FB_02,FB_Lookalike_Prospecting,2025-04-19,Facebook Ads,Awareness,Europe,32180,1468,800,140,3057.62,36658.92,80,27,Mobile
CMP_YT_02,YT_TrueView_Product_Demo,2025-04-19,YouTube Ads,Product Promotion,North America,33264,423,172,28,978.37,5761.6,16,30,Desktop
CMP_DSP_01,DSP_Programmatic_Banner,2025-04-20,Display Ads,Awareness,Latin America,21215,219,92,4,743.18,759.87,1,17,Mobile
CMP_DSP_02,DSP_Dynamic_Retargeting,2025-04-20,Display Ads,Retargeting,Middle East,27517,179,94,3,345.02,486.7,1,23,Mobile
CMP_EM_01,EM_Weekly_Newsletter,2025-04-20,Email Marketing,Product Promotion,Latin America,15460,1735,822,325,809.39,106187.53,244,21,Tablet
CMP_FB_02,FB_Lookalike_Prospecting,2025-04-20,Facebook Ads,Awareness,Latin America,25819,1147,531,97,2179.13,22899.7,57,23,Desktop
CMP_GGL_02,Google_NonBrand_Generic,2025-04-20,Google Ads,Lead Generation,Europe,44488,2094,923,265,7575.96,88340.91,197,18,Mobile
CMP_GGL_02,Google_NonBrand_Generic,2025-04-20,Google Ads,Lead Generation,Latin America,15409,610,278,68,1974.23,19865.92,50,13,Desktop
CMP_YT_01,YT_Video_Awareness_V1,2025-04-20,YouTube Ads,Awareness,Asia-Pacific,78672,1160,529,38,1823.91,7678.93,23,28,Tablet
CMP_DSP_01,DSP_Programmatic_Banner,2025-04-21,Display Ads,Awareness,Middle East,29500,518,170,10,1221.17,1774.81,4,8,Mobile
CMP_EM_01,EM_Weekly_Newsletter,2025-04-21,Email Marketing,Product Promotion,Middle East,15527,1266,363,203,504.67,56713.16,171,7,Desktop
CMP_FB_01,FB_Retargeting_Q1,2025-04-21,Facebook Ads,Retargeting,Latin America,41218,1982,1055,196,4474.57,52688.18,134,9,Desktop
CMP_FB_01,FB_Retargeting_Q1,2025-04-21,Facebook Ads,Retargeting,Latin America,50678,1382,620,150,3013.83,35675.13,103,15,Tablet
CMP_FB_01,FB_Retargeting_Q1,2025-04-21,Facebook Ads,Retargeting,Europe,16571,792,216,77,1868.18,18425.03,44,20,Tablet
CMP_FB_02,FB_Lookalike_Prospecting,2025-04-21,Facebook Ads,Awareness,North America,60440,2573,773,229,7801.79,54513.17,138,18,Desktop
CMP_GGL_02,Google_NonBrand_Generic,2025-04-21,Google Ads,Lead Generation,Europe,46180,1915,625,167,6162.72,50250.41,103,26,Mobile
CMP_IG_02,IG_Stories_Conversion,2025-04-21,Instagram Ads,Conversion,Asia-Pacific,12893,398,157,38,729.95,6469.58,22,14,Mobile
CMP_SEO_01,SEO_Organic_Blog_Content,2025-04-21,SEO,Awareness,Europe,60071,2473,1302,352,1190.24,112834.92,232,23,Desktop
CMP_YT_02,YT_TrueView_Product_Demo,2025-04-21,YouTube Ads,Product Promotion,Latin America,29579,664,188,35,1317.33,5401.9,18,25,Desktop
CMP_YT_02,YT_TrueView_Product_Demo,2025-04-21,YouTube Ads,Product Promotion,Middle East,45077,845,372,38,1786.78,7825.89,22,14,Mobile
CMP_YT_02,YT_TrueView_Product_Demo,2025-04-21,YouTube Ads,Product Promotion,Latin America,43811,977,497,60,1621.64,13564.3,31,29,Tablet
CMP_DSP_02,DSP_Dynamic_Retargeting,2025-04-22,Display Ads,Retargeting,North America,20024,297,114,7,927.16,933.24,3,25,Desktop
CMP_EM_02,EM_Abandoned_Cart_Nurture,2025-04-22,Email Marketing,Conversion,Latin America,9982,1055,327,213,600.55,47809.75,155,23,Tablet
CMP_EM_02,EM_Abandoned_Cart_Nurture,2025-04-22,Email Marketing,Conversion,Europe,17399,1516,553,191,1178.27,41123.29,167,8,Tablet
CMP_EM_02,EM_Abandoned_Cart_Nurture,2025-04-22,Email Marketing,Conversion,Latin America,27782,3581,1330,674,1455.14,160317.64,606,11,Desktop
CMP_FB_01,FB_Retargeting_Q1,2025-04-22,Facebook Ads,Retargeting,Latin America,52655,1320,465,86,2451.7,21467.53,54,10,Desktop
CMP_FB_01,FB_Retargeting_Q1,2025-04-22,Facebook Ads,Retargeting,Europe,18961,766,193,69,2017.25,15754.11,44,18,Desktop
CMP_IG_01,IG_Influencer_Promos,2025-04-22,Instagram Ads,Product Promotion,Latin America,46942,2162,642,171,7134.54,43327.25,88,28,Tablet
CMP_IG_02,IG_Stories_Conversion,2025-04-22,Instagram Ads,Conversion,Europe,46325,1591,776,148,4066.01,38286.98,80,16,Desktop
CMP_IG_02,IG_Stories_Conversion,2025-04-22,Instagram Ads,Conversion,Latin America,24294,1027,552,82,2291.28,17943.65,56,11,Desktop
CMP_SEO_02,SEO_High_Intent_Landing,2025-04-22,SEO,Conversion,Middle East,61256,3333,917,360,1064.35,110028.07,261,15,Tablet
CMP_YT_02,YT_TrueView_Product_Demo,2025-04-22,YouTube Ads,Product Promotion,North America,71371,1295,514,77,2928.34,13016.26,35,12,Tablet
CMP_GGL_02,Google_NonBrand_Generic,2025-04-23,Google Ads,Lead Generation,North America,45415,2346,734,200,10109.58,63073.25,163,12,Tablet
CMP_IG_01,IG_Influencer_Promos,2025-04-23,Instagram Ads,Product Promotion,Middle East,44118,1920,1002,141,4471.01,34538.13,85,28,Tablet
CMP_LI_02,LI_Whitepaper_Downloads,2025-04-23,LinkedIn Ads,Lead Generation,Latin America,21701,604,168,51,4060.97,28623.76,23,24,Mobile
CMP_SEO_01,SEO_Organic_Blog_Content,2025-04-23,SEO,Awareness,Latin America,38819,2320,1100,240,889.74,94519.55,181,18,Tablet
CMP_YT_01,YT_Video_Awareness_V1,2025-04-23,YouTube Ads,Awareness,North America,27381,676,170,45,1409.56,9784.54,26,9,Mobile
CMP_DSP_02,DSP_Dynamic_Retargeting,2025-04-24,Display Ads,Retargeting,Asia-Pacific,21420,272,115,10,572.91,1211.95,4,9,Desktop
CMP_DSP_02,DSP_Dynamic_Retargeting,2025-04-24,Display Ads,Retargeting,Middle East,56720,477,130,18,1155.47,2753.85,6,29,Tablet
CMP_DSP_02,DSP_Dynamic_Retargeting,2025-04-24,Display Ads,Retargeting,Latin America,77811,1116,562,28,2662.04,4753.06,10,27,Tablet
CMP_EM_02,EM_Abandoned_Cart_Nurture,2025-04-24,Email Marketing,Conversion,Asia-Pacific,18488,2609,958,316,808.05,108442.8,240,25,Desktop
CMP_FB_02,FB_Lookalike_Prospecting,2025-04-24,Facebook Ads,Awareness,Europe,55201,2331,1143,238,7270.95,59798.62,164,24,Tablet
CMP_FB_02,FB_Lookalike_Prospecting,2025-04-24,Facebook Ads,Awareness,North America,25271,952,439,87,1874.85,20121.74,61,17,Tablet
CMP_GGL_02,Google_NonBrand_Generic,2025-04-24,Google Ads,Lead Generation,Asia-Pacific,27401,1171,505,136,4396.84,47062.11,96,21,Desktop
CMP_SEO_02,SEO_High_Intent_Landing,2025-04-24,SEO,Conversion,North America,32165,1641,632,193,628.2,60559.54,146,23,Mobile
CMP_SEO_02,SEO_High_Intent_Landing,2025-04-24,SEO,Conversion,North America,67282,3908,1693,358,2296.12,114818.66,286,11,Mobile
CMP_DSP_01,DSP_Programmatic_Banner,2025-04-25,Display Ads,Awareness,Asia-Pacific,72227,669,247,26,2360.7,3440.58,12,13,Desktop
CMP_DSP_01,DSP_Programmatic_Banner,2025-04-25,Display Ads,Awareness,Latin America,54891,479,262,8,1335.61,1428.06,3,13,Desktop
CMP_DSP_02,DSP_Dynamic_Retargeting,2025-04-25,Display Ads,Retargeting,Middle East,80457,1282,348,42,2994.83,7137.19,22,16,Tablet
CMP_EM_02,EM_Abandoned_Cart_Nurture,2025-04-25,Email Marketing,Conversion,North America,12546,1096,336,206,505.73,57355.11,151,7,Desktop
CMP_FB_02,FB_Lookalike_Prospecting,2025-04-25,Facebook Ads,Awareness,Asia-Pacific,59348,2582,825,231,6266.83,42314.18,131,10,Desktop
CMP_FB_02,FB_Lookalike_Prospecting,2025-04-25,Facebook Ads,Awareness,Europe,38416,1033,271,80,2135.55,21797.62,45,16,Desktop
CMP_FB_02,FB_Lookalike_Prospecting,2025-04-25,Facebook Ads,Awareness,Middle East,45217,1963,940,123,5374.99,28005.51,85,12,Tablet
CMP_GGL_01,Google_Search_Brand,2025-04-25,Google Ads,Conversion,Asia-Pacific,26458,1196,333,116,3297.56,38071.16,93,14,Desktop
CMP_IG_01,IG_Influencer_Promos,2025-04-25,Instagram Ads,Product Promotion,Latin America,22143,830,378,82,1932.67,13172.9,48,18,Desktop
CMP_SEO_01,SEO_Organic_Blog_Content,2025-04-25,SEO,Awareness,Europe,46959,3589,1286,503,934.5,161541.4,397,16,Desktop
CMP_DSP_02,DSP_Dynamic_Retargeting,2025-04-26,Display Ads,Retargeting,North America,75076,1105,573,29,3585.86,5306.79,15,25,Desktop
CMP_EM_02,EM_Abandoned_Cart_Nurture,2025-04-26,Email Marketing,Conversion,Middle East,21056,2610,871,396,1919.24,121188.93,334,14,Desktop
CMP_GGL_01,Google_Search_Brand,2025-04-26,Google Ads,Conversion,Middle East,44670,1690,796,208,6554.83,61426.55,172,15,Tablet
CMP_YT_01,YT_Video_Awareness_V1,2025-04-26,YouTube Ads,Awareness,Latin America,82479,1331,401,80,1626.92,18694.17,47,15,Mobile
CMP_YT_02,YT_TrueView_Product_Demo,2025-04-26,YouTube Ads,Product Promotion,Europe,25559,371,135,13,736.76,2196.7,8,18,Tablet
CMP_FB_01,FB_Retargeting_Q1,2025-04-27,Facebook Ads,Retargeting,Europe,26410,761,345,53,2156.63,10256.48,33,17,Mobile
CMP_GGL_02,Google_NonBrand_Generic,2025-04-27,Google Ads,Lead Generation,North America,28255,1624,526,152,6009.26,45311.5,100,11,Mobile
CMP_LI_01,LI_B2B_Executive_Leads,2025-04-27,LinkedIn Ads,Lead Generation,Latin America,16522,546,159,59,5638.39,33273.15,32,24,Tablet
CMP_LI_02,LI_Whitepaper_Downloads,2025-04-27,LinkedIn Ads,Lead Generation,Asia-Pacific,9118,290,127,25,2431.31,14550.05,15,21,Desktop
CMP_YT_01,YT_Video_Awareness_V1,2025-04-27,YouTube Ads,Awareness,Middle East,71172,834,287,47,1267.81,10932.4,30,10,Desktop
CMP_YT_02,YT_TrueView_Product_Demo,2025-04-27,YouTube Ads,Product Promotion,Latin America,31720,489,197,16,613.34,3584.69,8,20,Desktop
CMP_YT_02,YT_TrueView_Product_Demo,2025-04-27,YouTube Ads,Product Promotion,Europe,25927,534,284,16,728.67,2487.24,8,16,Mobile
CMP_EM_02,EM_Abandoned_Cart_Nurture,2025-04-28,Email Marketing,Conversion,Latin America,15528,1861,692,246,1327.62,73005.63,210,20,Tablet
CMP_FB_02,FB_Lookalike_Prospecting,2025-04-28,Facebook Ads,Awareness,Europe,32304,1257,358,103,3871.49,21525.33,60,17,Desktop
CMP_GGL_02,Google_NonBrand_Generic,2025-04-28,Google Ads,Lead Generation,Middle East,32423,1356,358,156,4327.59,42145.43,122,22,Mobile
CMP_GGL_02,Google_NonBrand_Generic,2025-04-28,Google Ads,Lead Generation,Asia-Pacific,16054,858,252,81,3093.65,23350.92,53,12,Desktop
CMP_GGL_02,Google_NonBrand_Generic,2025-04-28,Google Ads,Lead Generation,North America,40688,2456,959,199,6991.82,45977.21,146,14,Tablet
CMP_GGL_02,Google_NonBrand_Generic,2025-04-28,Google Ads,Lead Generation,Asia-Pacific,32461,1372,625,184,4909.87,56386.94,121,17,Desktop
CMP_DSP_01,DSP_Programmatic_Banner,2025-04-29,Display Ads,Awareness,Middle East,44467,782,397,23,1472.76,3511.54,8,25,Mobile
CMP_EM_02,EM_Abandoned_Cart_Nurture,2025-04-29,Email Marketing,Conversion,Middle East,18964,2430,1017,530,1940.69,144568.71,457,9,Mobile
CMP_FB_02,FB_Lookalike_Prospecting,2025-04-29,Facebook Ads,Awareness,Asia-Pacific,31128,1266,428,114,4043.2,26163.09,78,28,Tablet
CMP_IG_02,IG_Stories_Conversion,2025-04-29,Instagram Ads,Conversion,Europe,54436,2175,729,117,4108.33,28336.49,68,7,Mobile
CMP_LI_01,LI_B2B_Executive_Leads,2025-04-29,LinkedIn Ads,Lead Generation,Europe,7377,219,62,27,1486.52,18493.89,14,27,Tablet
CMP_LI_02,LI_Whitepaper_Downloads,2025-04-29,LinkedIn Ads,Lead Generation,Middle East,13746,428,147,52,2992.59,33955.87,29,9,Mobile
CMP_SEO_02,SEO_High_Intent_Landing,2025-04-29,SEO,Conversion,North America,21076,1349,724,213,493.01,58760.72,171,9,Desktop
CMP_YT_01,YT_Video_Awareness_V1,2025-04-29,YouTube Ads,Awareness,Asia-Pacific,51608,817,448,33,1996.71,6727.82,17,13,Mobile
CMP_EM_01,EM_Weekly_Newsletter,2025-04-30,Email Marketing,Product Promotion,Latin America,14940,1478,465,182,575.04,63486.25,160,15,Mobile
CMP_FB_02,FB_Lookalike_Prospecting,2025-04-30,Facebook Ads,Awareness,North America,64619,1704,632,170,4343.87,40521.32,106,7,Desktop
CMP_FB_02,FB_Lookalike_Prospecting,2025-04-30,Facebook Ads,Awareness,Asia-Pacific,61533,2102,961,148,3398.34,37993.63,99,23,Tablet
CMP_SEO_02,SEO_High_Intent_Landing,2025-04-30,SEO,Conversion,Asia-Pacific,33564,2145,540,231,895.52,57964.79,184,9,Mobile
CMP_FB_01,FB_Retargeting_Q1,2025-05-01,Facebook Ads,Retargeting,North America,35927,1481,584,95,3835.73,21948.18,53,16,Tablet
CMP_FB_01,FB_Retargeting_Q1,2025-05-01,Facebook Ads,Retargeting,Asia-Pacific,23791,881,323,93,1928.62,23865.2,53,10,Desktop
CMP_IG_01,IG_Influencer_Promos,2025-05-01,Instagram Ads,Product Promotion,Middle East,35401,1361,554,119,3404.53,24900.22,72,18,Desktop
CMP_LI_01,LI_B2B_Executive_Leads,2025-05-01,LinkedIn Ads,Lead Generation,Europe,18927,620,179,78,5491.25,43854.11,41,16,Mobile
CMP_SEO_01,SEO_Organic_Blog_Content,2025-05-01,SEO,Awareness,Asia-Pacific,43760,2855,1455,410,1575.35,130818.33,269,12,Desktop
CMP_SEO_01,SEO_Organic_Blog_Content,2025-05-01,SEO,Awareness,Asia-Pacific,46909,2382,874,285,996.53,95775.79,241,19,Desktop
CMP_SEO_02,SEO_High_Intent_Landing,2025-05-01,SEO,Conversion,Latin America,33753,2080,599,314,946.16,85308.5,220,26,Tablet
CMP_YT_02,YT_TrueView_Product_Demo,2025-05-01,YouTube Ads,Product Promotion,Europe,87917,1861,1022,65,3615.16,14434.89,39,17,Desktop
CMP_DSP_02,DSP_Dynamic_Retargeting,2025-05-02,Display Ads,Retargeting,North America,38924,569,153,15,1448.87,2435.05,7,19,Tablet
CMP_LI_01,LI_B2B_Executive_Leads,2025-05-02,LinkedIn Ads,Lead Generation,Latin America,17938,332,105,32,3589.04,18186.84,15,25,Tablet
CMP_YT_01,YT_Video_Awareness_V1,2025-05-02,YouTube Ads,Awareness,North America,39164,700,194,31,999.26,4765.92,15,16,Mobile
CMP_YT_02,YT_TrueView_Product_Demo,2025-05-02,YouTube Ads,Product Promotion,Asia-Pacific,29888,371,164,25,498.85,4769.68,15,18,Mobile
CMP_DSP_01,DSP_Programmatic_Banner,2025-05-03,Display Ads,Awareness,Asia-Pacific,25731,223,67,4,438.28,530.24,2,11,Mobile
CMP_DSP_02,DSP_Dynamic_Retargeting,2025-05-03,Display Ads,Retargeting,Latin America,62894,738,244,21,2336.65,3055.29,10,27,Mobile
CMP_FB_01,FB_Retargeting_Q1,2025-05-03,Facebook Ads,Retargeting,Latin America,43474,1212,481,76,3079.58,18742.2,51,9,Desktop
CMP_FB_02,FB_Lookalike_Prospecting,2025-05-03,Facebook Ads,Awareness,Asia-Pacific,52285,2527,1094,252,6638.23,63771.3,178,30,Mobile
CMP_GGL_02,Google_NonBrand_Generic,2025-05-03,Google Ads,Lead Generation,North America,11502,666,252,64,2978.49,20727.79,47,12,Desktop
CMP_IG_02,IG_Stories_Conversion,2025-05-03,Instagram Ads,Conversion,Middle East,15353,802,322,49,1916.91,8834.82,33,7,Tablet
CMP_IG_02,IG_Stories_Conversion,2025-05-03,Instagram Ads,Conversion,Asia-Pacific,45443,2396,953,164,6271.84,27432.78,91,13,Tablet
CMP_LI_01,LI_B2B_Executive_Leads,2025-05-03,LinkedIn Ads,Lead Generation,Latin America,11546,247,79,30,1843.83,15363.07,15,29,Mobile
CMP_SEO_01,SEO_Organic_Blog_Content,2025-05-03,SEO,Awareness,Europe,42635,1753,942,258,360.81,94323.02,170,7,Mobile
CMP_DSP_02,DSP_Dynamic_Retargeting,2025-05-04,Display Ads,Retargeting,Europe,50042,382,200,11,878.37,1347.28,4,13,Desktop
CMP_EM_02,EM_Abandoned_Cart_Nurture,2025-05-04,Email Marketing,Conversion,Latin America,27255,3583,1103,452,1256.93,115979.16,359,8,Tablet
CMP_EM_02,EM_Abandoned_Cart_Nurture,2025-05-04,Email Marketing,Conversion,Asia-Pacific,28251,2315,782,489,1404.28,128160.92,410,13,Desktop
CMP_GGL_01,Google_Search_Brand,2025-05-04,Google Ads,Conversion,Asia-Pacific,25979,1656,605,164,6400.61,55607.68,137,26,Mobile
CMP_GGL_02,Google_NonBrand_Generic,2025-05-04,Google Ads,Lead Generation,Latin America,15322,548,152,57,1955.06,15002.25,39,8,Mobile
CMP_IG_02,IG_Stories_Conversion,2025-05-04,Instagram Ads,Conversion,Asia-Pacific,37064,1671,481,166,4356.68,26642.24,90,19,Tablet
CMP_IG_02,IG_Stories_Conversion,2025-05-04,Instagram Ads,Conversion,Europe,15664,769,408,60,2623.26,15495.99,34,30,Tablet
CMP_SEO_02,SEO_High_Intent_Landing,2025-05-04,SEO,Conversion,Asia-Pacific,16300,967,278,134,451.86,38897.17,99,28,Mobile
CMP_DSP_02,DSP_Dynamic_Retargeting,2025-05-05,Display Ads,Retargeting,Middle East,31722,202,73,3,764.92,552.96,1,28,Desktop
CMP_EM_02,EM_Abandoned_Cart_Nurture,2025-05-05,Email Marketing,Conversion,Europe,12370,1076,426,195,778.68,66295.92,137,8,Desktop
CMP_EM_02,EM_Abandoned_Cart_Nurture,2025-05-05,Email Marketing,Conversion,Asia-Pacific,13684,1279,566,263,799.61,92903.83,207,20,Mobile
CMP_EM_02,EM_Abandoned_Cart_Nurture,2025-05-05,Email Marketing,Conversion,Latin America,11965,977,404,135,335.3,31775.36,112,11,Tablet
CMP_IG_02,IG_Stories_Conversion,2025-05-05,Instagram Ads,Conversion,Middle East,53297,2897,1509,183,8394.13,39531.38,96,27,Desktop
CMP_LI_01,LI_B2B_Executive_Leads,2025-05-05,LinkedIn Ads,Lead Generation,North America,20835,661,333,68,5336.01,42188.95,34,26,Mobile
CMP_YT_01,YT_Video_Awareness_V1,2025-05-05,YouTube Ads,Awareness,Europe,53409,1035,531,65,2391.37,15562.53,36,29,Mobile
CMP_DSP_01,DSP_Programmatic_Banner,2025-05-06,Display Ads,Awareness,Middle East,62898,948,449,29,3526.11,3843.7,15,23,Mobile
CMP_EM_01,EM_Weekly_Newsletter,2025-05-06,Email Marketing,Product Promotion,Europe,29648,4017,2190,501,2315.15,145579.87,405,11,Tablet
CMP_EM_02,EM_Abandoned_Cart_Nurture,2025-05-06,Email Marketing,Conversion,Asia-Pacific,18448,2376,1037,297,1310.89,107536.74,249,15,Tablet
CMP_FB_01,FB_Retargeting_Q1,2025-05-06,Facebook Ads,Retargeting,Europe,53478,1845,496,149,5762.92,27002.01,83,22,Desktop
CMP_FB_01,FB_Retargeting_Q1,2025-05-06,Facebook Ads,Retargeting,North America,32747,980,332,76,2874.23,16578.13,52,21,Desktop
CMP_FB_02,FB_Lookalike_Prospecting,2025-05-06,Facebook Ads,Awareness,Europe,43625,2070,1034,168,4914.61,42461.88,115,8,Desktop
CMP_IG_01,IG_Influencer_Promos,2025-05-06,Instagram Ads,Product Promotion,Asia-Pacific,40772,1480,427,126,3668.49,24841.75,68,14,Mobile
CMP_LI_02,LI_Whitepaper_Downloads,2025-05-06,LinkedIn Ads,Lead Generation,Latin America,19025,472,154,54,4057.45,32441.73,25,9,Mobile
CMP_SEO_01,SEO_Organic_Blog_Content,2025-05-06,SEO,Awareness,Europe,51575,3185,1674,449,1028.8,143879.47,297,27,Desktop
CMP_SEO_01,SEO_Organic_Blog_Content,2025-05-06,SEO,Awareness,Middle East,19714,1320,518,139,343.48,45141.16,102,24,Mobile
CMP_SEO_02,SEO_High_Intent_Landing,2025-05-06,SEO,Conversion,North America,67746,4087,2104,549,2422.96,211340.98,460,13,Desktop
CMP_YT_01,YT_Video_Awareness_V1,2025-05-06,YouTube Ads,Awareness,North America,68616,762,197,33,1636.77,5632.9,19,18,Mobile
CMP_YT_01,YT_Video_Awareness_V1,2025-05-06,YouTube Ads,Awareness,Asia-Pacific,69291,1637,614,83,2731.0,15996.13,49,27,Desktop
CMP_YT_02,YT_TrueView_Product_Demo,2025-05-06,YouTube Ads,Product Promotion,North America,68214,1115,364,77,2106.4,18286.44,44,19,Mobile
CMP_YT_02,YT_TrueView_Product_Demo,2025-05-06,YouTube Ads,Product Promotion,Latin America,79821,1232,482,77,2593.96,13975.85,43,10,Desktop
CMP_DSP_01,DSP_Programmatic_Banner,2025-05-07,Display Ads,Awareness,Asia-Pacific,54438,800,233,23,2125.49,3196.07,12,24,Desktop
CMP_DSP_02,DSP_Dynamic_Retargeting,2025-05-07,Display Ads,Retargeting,Latin America,75461,443,222,13,1665.46,1606.44,6,24,Desktop
CMP_FB_02,FB_Lookalike_Prospecting,2025-05-07,Facebook Ads,Awareness,Latin America,21256,1061,571,68,1844.73,14398.73,43,19,Desktop
CMP_IG_02,IG_Stories_Conversion,2025-05-07,Instagram Ads,Conversion,Europe,22415,807,208,72,2034.16,17377.51,42,15,Mobile
CMP_SEO_01,SEO_Organic_Blog_Content,2025-05-07,SEO,Awareness,Latin America,53211,2562,1159,295,1315.9,80199.03,196,27,Desktop
CMP_SEO_02,SEO_High_Intent_Landing,2025-05-07,SEO,Conversion,Asia-Pacific,63788,4503,2351,448,2457.25,170675.83,372,17,Mobile
CMP_SEO_02,SEO_High_Intent_Landing,2025-05-07,SEO,Conversion,Europe,23216,1345,471,161,761.75,48226.18,133,20,Mobile
CMP_YT_01,YT_Video_Awareness_V1,2025-05-07,YouTube Ads,Awareness,Latin America,39736,958,380,58,2372.91,12788.43,34,16,Desktop
CMP_YT_01,YT_Video_Awareness_V1,2025-05-07,YouTube Ads,Awareness,North America,85384,987,417,45,2163.49,10843.15,23,13,Tablet
CMP_YT_02,YT_TrueView_Product_Demo,2025-05-07,YouTube Ads,Product Promotion,Latin America,36547,620,298,21,1001.04,4613.63,12,10,Mobile
CMP_DSP_02,DSP_Dynamic_Retargeting,2025-05-08,Display Ads,Retargeting,Middle East,58639,980,480,31,2274.75,4560.14,11,11,Tablet
CMP_GGL_01,Google_Search_Brand,2025-05-08,Google Ads,Conversion,Middle East,28594,1831,599,183,6242.32,41996.29,143,23,Desktop
CMP_IG_01,IG_Influencer_Promos,2025-05-08,Instagram Ads,Product Promotion,Middle East,29270,1605,791,146,3563.91,26256.82,93,10,Desktop
CMP_LI_01,LI_B2B_Executive_Leads,2025-05-08,LinkedIn Ads,Lead Generation,Asia-Pacific,8270,157,61,20,1664.71,9665.87,9,17,Mobile
CMP_SEO_02,SEO_High_Intent_Landing,2025-05-08,SEO,Conversion,Middle East,40940,2778,1268,310,1166.26,104204.31,236,25,Tablet
CMP_YT_01,YT_Video_Awareness_V1,2025-05-08,YouTube Ads,Awareness,North America,29310,432,184,17,615.06,3585.04,7,29,Mobile
CMP_YT_01,YT_Video_Awareness_V1,2025-05-08,YouTube Ads,Awareness,Middle East,50262,1170,507,73,1642.39,17861.73,36,22,Desktop
CMP_EM_01,EM_Weekly_Newsletter,2025-05-09,Email Marketing,Product Promotion,Europe,10226,1442,584,214,546.42,63386.01,160,18,Mobile
CMP_EM_02,EM_Abandoned_Cart_Nurture,2025-05-09,Email Marketing,Conversion,Europe,10365,904,235,180,606.9,61750.28,150,15,Mobile
CMP_GGL_02,Google_NonBrand_Generic,2025-05-09,Google Ads,Lead Generation,Latin America,34723,1926,1026,263,5368.98,87252.01,204,21,Mobile
CMP_SEO_01,SEO_Organic_Blog_Content,2025-05-09,SEO,Awareness,Latin America,15909,785,331,105,252.75,35356.48,88,15,Mobile
CMP_SEO_02,SEO_High_Intent_Landing,2025-05-09,SEO,Conversion,North America,66463,4942,1636,710,2303.62,196212.97,473,16,Desktop
CMP_YT_02,YT_TrueView_Product_Demo,2025-05-09,YouTube Ads,Product Promotion,Latin America,88950,1482,587,59,3158.46,14626.53,34,25,Desktop
CMP_EM_02,EM_Abandoned_Cart_Nurture,2025-05-10,Email Marketing,Conversion,Asia-Pacific,8903,1156,363,220,630.49,81332.83,197,30,Tablet
CMP_GGL_02,Google_NonBrand_Generic,2025-05-10,Google Ads,Lead Generation,Latin America,19300,1197,577,102,4558.29,22459.53,85,25,Tablet
CMP_LI_01,LI_B2B_Executive_Leads,2025-05-10,LinkedIn Ads,Lead Generation,Europe,11900,205,83,21,1676.11,14776.41,12,25,Mobile
CMP_SEO_01,SEO_Organic_Blog_Content,2025-05-10,SEO,Awareness,Europe,60385,3370,1487,409,1612.21,148345.82,284,27,Mobile
CMP_SEO_02,SEO_High_Intent_Landing,2025-05-10,SEO,Conversion,North America,68029,4966,1683,604,2119.53,230857.53,419,18,Tablet
CMP_YT_01,YT_Video_Awareness_V1,2025-05-10,YouTube Ads,Awareness,Middle East,80039,851,278,28,1619.84,5911.32,17,20,Desktop
CMP_FB_01,FB_Retargeting_Q1,2025-05-11,Facebook Ads,Retargeting,Asia-Pacific,16058,404,215,32,1157.78,8503.98,19,21,Mobile
CMP_FB_02,FB_Lookalike_Prospecting,2025-05-11,Facebook Ads,Awareness,Europe,16051,406,198,36,806.06,8792.21,23,25,Tablet
CMP_GGL_02,Google_NonBrand_Generic,2025-05-11,Google Ads,Lead Generation,Latin America,41957,1676,648,180,5662.19,42207.54,128,12,Desktop
CMP_IG_01,IG_Influencer_Promos,2025-05-11,Instagram Ads,Product Promotion,Latin America,12615,661,352,42,1712.61,9015.71,21,28,Tablet
CMP_LI_01,LI_B2B_Executive_Leads,2025-05-11,LinkedIn Ads,Lead Generation,Latin America,10423,231,110,23,1724.9,15492.97,11,7,Tablet
CMP_DSP_02,DSP_Dynamic_Retargeting,2025-05-12,Display Ads,Retargeting,Middle East,70555,674,335,20,2180.22,3684.92,10,8,Tablet
CMP_EM_01,EM_Weekly_Newsletter,2025-05-12,Email Marketing,Product Promotion,Middle East,24471,3622,1127,554,2144.99,149904.46,464,27,Desktop
CMP_FB_01,FB_Retargeting_Q1,2025-05-12,Facebook Ads,Retargeting,North America,18525,918,485,65,1602.82,13659.97,46,20,Mobile
CMP_GGL_01,Google_Search_Brand,2025-05-12,Google Ads,Conversion,Europe,43038,2394,1140,267,10367.73,70178.82,222,23,Tablet
CMP_GGL_01,Google_Search_Brand,2025-05-12,Google Ads,Conversion,Latin America,45388,2086,1054,256,7774.98,72220.85,201,28,Mobile
CMP_IG_01,IG_Influencer_Promos,2025-05-12,Instagram Ads,Product Promotion,North America,22018,1079,513,63,3144.6,14948.94,37,26,Desktop
CMP_IG_02,IG_Stories_Conversion,2025-05-12,Instagram Ads,Conversion,Latin America,54359,2047,1073,136,6021.26,34239.55,86,25,Mobile
CMP_IG_02,IG_Stories_Conversion,2025-05-12,Instagram Ads,Conversion,Asia-Pacific,25375,1223,559,107,2952.85,20209.93,74,20,Tablet
CMP_IG_02,IG_Stories_Conversion,2025-05-12,Instagram Ads,Conversion,Asia-Pacific,38096,1414,521,131,3233.74,24385.64,85,29,Desktop
CMP_LI_01,LI_B2B_Executive_Leads,2025-05-12,LinkedIn Ads,Lead Generation,Asia-Pacific,16055,520,215,52,3513.6,29727.85,24,14,Mobile
CMP_SEO_01,SEO_Organic_Blog_Content,2025-05-12,SEO,Awareness,Middle East,51373,2514,1326,381,1290.66,111360.76,316,11,Mobile
CMP_SEO_01,SEO_Organic_Blog_Content,2025-05-12,SEO,Awareness,Asia-Pacific,15570,974,342,148,266.49,45203.86,117,9,Tablet
CMP_DSP_01,DSP_Programmatic_Banner,2025-05-13,Display Ads,Awareness,North America,41286,720,322,20,1687.04,3020.21,10,23,Mobile
CMP_DSP_02,DSP_Dynamic_Retargeting,2025-05-13,Display Ads,Retargeting,Middle East,55227,802,326,30,1632.96,4104.03,13,11,Tablet
CMP_GGL_01,Google_Search_Brand,2025-05-13,Google Ads,Conversion,Asia-Pacific,25120,1209,314,167,4611.97,57944.61,104,30,Mobile
CMP_IG_02,IG_Stories_Conversion,2025-05-13,Instagram Ads,Conversion,Latin America,30173,1482,497,120,3980.96,22495.17,61,27,Mobile
CMP_LI_02,LI_Whitepaper_Downloads,2025-05-13,LinkedIn Ads,Lead Generation,Latin America,15702,402,208,32,3725.76,22286.64,20,25,Desktop
CMP_SEO_02,SEO_High_Intent_Landing,2025-05-13,SEO,Conversion,Latin America,48962,2270,1130,221,1159.68,59600.94,168,30,Mobile
CMP_YT_01,YT_Video_Awareness_V1,2025-05-13,YouTube Ads,Awareness,Middle East,27060,644,223,35,1205.66,6913.23,19,15,Desktop
CMP_YT_02,YT_TrueView_Product_Demo,2025-05-13,YouTube Ads,Product Promotion,Latin America,34766,715,345,31,1531.04,6273.42,15,10,Mobile
CMP_DSP_01,DSP_Programmatic_Banner,2025-05-14,Display Ads,Awareness,Latin America,78284,727,212,15,1963.45,1980.36,5,29,Desktop
CMP_DSP_02,DSP_Dynamic_Retargeting,2025-05-14,Display Ads,Retargeting,Latin America,35929,439,146,7,1633.75,1064.34,3,24,Tablet
CMP_EM_01,EM_Weekly_Newsletter,2025-05-14,Email Marketing,Product Promotion,Middle East,14862,2023,1027,400,1100.49,140509.74,293,15,Mobile
CMP_FB_02,FB_Lookalike_Prospecting,2025-05-14,Facebook Ads,Awareness,Latin America,54368,2631,837,192,4764.45,41977.29,130,26,Mobile
CMP_GGL_02,Google_NonBrand_Generic,2025-05-14,Google Ads,Lead Generation,Europe,46957,2954,807,382,9595.78,132166.67,312,9,Desktop
CMP_IG_01,IG_Influencer_Promos,2025-05-14,Instagram Ads,Product Promotion,Middle East,30245,1543,755,148,3171.53,23700.67,99,18,Mobile
CMP_SEO_01,SEO_Organic_Blog_Content,2025-05-14,SEO,Awareness,Latin America,26764,1245,567,184,588.81,60542.78,122,20,Desktop
CMP_IG_01,IG_Influencer_Promos,2025-05-15,Instagram Ads,Product Promotion,Asia-Pacific,33858,1569,799,97,3951.58,24772.16,66,23,Tablet
CMP_IG_01,IG_Influencer_Promos,2025-05-15,Instagram Ads,Product Promotion,Asia-Pacific,24432,1142,571,71,3501.32,17454.46,42,16,Tablet
CMP_LI_02,LI_Whitepaper_Downloads,2025-05-15,LinkedIn Ads,Lead Generation,North America,19387,626,285,74,4123.42,37959.3,43,9,Mobile
CMP_LI_02,LI_Whitepaper_Downloads,2025-05-15,LinkedIn Ads,Lead Generation,Latin America,6631,152,81,13,1237.97,6197.34,6,12,Desktop
CMP_SEO_01,SEO_Organic_Blog_Content,2025-05-15,SEO,Awareness,Latin America,30835,2462,776,341,985.74,92514.01,282,29,Mobile
CMP_SEO_02,SEO_High_Intent_Landing,2025-05-15,SEO,Conversion,North America,31273,1713,594,209,811.46,52616.68,141,21,Mobile
CMP_FB_02,FB_Lookalike_Prospecting,2025-05-16,Facebook Ads,Awareness,Europe,43479,1462,760,119,4147.59,33132.41,68,26,Tablet
CMP_GGL_02,Google_NonBrand_Generic,2025-05-16,Google Ads,Lead Generation,North America,23252,873,263,70,3766.64,19806.37,53,16,Desktop
CMP_LI_01,LI_B2B_Executive_Leads,2025-05-16,LinkedIn Ads,Lead Generation,Asia-Pacific,14830,358,149,45,3810.94,20375.76,24,28,Desktop
CMP_LI_02,LI_Whitepaper_Downloads,2025-05-16,LinkedIn Ads,Lead Generation,North America,9756,259,102,25,1660.13,12212.12,10,30,Desktop
CMP_SEO_01,SEO_Organic_Blog_Content,2025-05-16,SEO,Awareness,Middle East,16679,844,296,84,341.55,27339.56,57,20,Desktop
CMP_YT_01,YT_Video_Awareness_V1,2025-05-16,YouTube Ads,Awareness,Europe,44774,814,385,41,1056.37,9001.09,24,20,Tablet
CMP_DSP_01,DSP_Programmatic_Banner,2025-05-17,Display Ads,Awareness,Latin America,77976,1377,639,29,4522.85,5480.56,12,10,Desktop
CMP_DSP_02,DSP_Dynamic_Retargeting,2025-05-17,Display Ads,Retargeting,Asia-Pacific,69790,703,193,17,1682.56,2671.17,6,21,Tablet
CMP_EM_01,EM_Weekly_Newsletter,2025-05-17,Email Marketing,Product Promotion,Europe,25799,2912,834,594,1153.43,206180.45,514,9,Desktop
CMP_FB_01,FB_Retargeting_Q1,2025-05-17,Facebook Ads,Retargeting,Europe,25524,801,259,64,2020.2,12246.77,37,27,Mobile
CMP_FB_02,FB_Lookalike_Prospecting,2025-05-17,Facebook Ads,Awareness,Europe,45668,1333,342,139,2934.17,38456.1,87,14,Desktop
CMP_GGL_01,Google_Search_Brand,2025-05-17,Google Ads,Conversion,North America,24599,1021,349,113,3226.28,35685.97,80,26,Tablet
CMP_IG_01,IG_Influencer_Promos,2025-05-17,Instagram Ads,Product Promotion,North America,43907,1761,630,109,6012.2,26869.91,62,8,Tablet
CMP_YT_02,YT_TrueView_Product_Demo,2025-05-17,YouTube Ads,Product Promotion,Middle East,59254,1233,532,61,1802.53,13753.15,29,28,Mobile
CMP_DSP_01,DSP_Programmatic_Banner,2025-05-18,Display Ads,Awareness,North America,53022,936,267,16,2240.33,2295.16,6,28,Tablet
CMP_GGL_01,Google_Search_Brand,2025-05-18,Google Ads,Conversion,North America,10537,442,216,48,1238.2,12693.54,32,21,Mobile
CMP_GGL_02,Google_NonBrand_Generic,2025-05-18,Google Ads,Lead Generation,Latin America,22874,1010,511,115,2992.02,34082.86,76,14,Mobile
CMP_IG_01,IG_Influencer_Promos,2025-05-18,Instagram Ads,Product Promotion,North America,23631,997,510,58,2283.72,12196.46,39,17,Mobile
CMP_IG_02,IG_Stories_Conversion,2025-05-18,Instagram Ads,Conversion,North America,37668,1368,449,129,3691.66,32446.53,83,10,Desktop
CMP_LI_01,LI_B2B_Executive_Leads,2025-05-18,LinkedIn Ads,Lead Generation,Europe,17958,325,90,36,2326.55,20181.31,22,27,Mobile
CMP_LI_02,LI_Whitepaper_Downloads,2025-05-18,LinkedIn Ads,Lead Generation,Middle East,6928,181,60,16,1773.45,10629.59,10,7,Mobile
CMP_EM_02,EM_Abandoned_Cart_Nurture,2025-05-19,Email Marketing,Conversion,Asia-Pacific,9789,1053,354,172,742.92,54248.65,154,9,Mobile
CMP_EM_02,EM_Abandoned_Cart_Nurture,2025-05-19,Email Marketing,Conversion,Middle East,16733,1601,744,285,585.53,92354.29,226,27,Desktop
CMP_EM_02,EM_Abandoned_Cart_Nurture,2025-05-19,Email Marketing,Conversion,Middle East,29525,3004,1084,600,948.36,134425.17,461,25,Desktop
CMP_FB_02,FB_Lookalike_Prospecting,2025-05-19,Facebook Ads,Awareness,Europe,44575,1490,587,151,3502.67,35252.34,98,10,Desktop
CMP_FB_02,FB_Lookalike_Prospecting,2025-05-19,Facebook Ads,Awareness,Asia-Pacific,64478,2545,1075,253,6378.69,68982.09,168,23,Tablet
CMP_GGL_02,Google_NonBrand_Generic,2025-05-19,Google Ads,Lead Generation,Middle East,36200,1713,930,190,6333.49,53607.61,130,13,Desktop
CMP_GGL_02,Google_NonBrand_Generic,2025-05-19,Google Ads,Lead Generation,Asia-Pacific,38520,1916,832,203,5956.72,55463.17,156,28,Tablet
CMP_IG_01,IG_Influencer_Promos,2025-05-19,Instagram Ads,Product Promotion,Latin America,39922,1689,679,128,4469.21,28969.24,75,18,Desktop
CMP_LI_01,LI_B2B_Executive_Leads,2025-05-19,LinkedIn Ads,Lead Generation,Latin America,8728,158,65,14,1206.88,10245.19,6,17,Mobile
CMP_LI_02,LI_Whitepaper_Downloads,2025-05-19,LinkedIn Ads,Lead Generation,Europe,6885,164,70,17,1257.34,9246.59,10,25,Mobile
CMP_SEO_01,SEO_Organic_Blog_Content,2025-05-19,SEO,Awareness,Asia-Pacific,24863,1029,442,123,366.61,35288.86,99,12,Tablet
CMP_SEO_02,SEO_High_Intent_Landing,2025-05-19,SEO,Conversion,Middle East,65766,3902,1947,550,1460.24,162594.98,451,24,Tablet
CMP_YT_02,YT_TrueView_Product_Demo,2025-05-19,YouTube Ads,Product Promotion,North America,50271,611,315,41,1308.36,9747.78,20,23,Mobile
CMP_DSP_01,DSP_Programmatic_Banner,2025-05-20,Display Ads,Awareness,Latin America,68488,595,200,10,1913.57,1511.45,3,12,Mobile
CMP_EM_01,EM_Weekly_Newsletter,2025-05-20,Email Marketing,Product Promotion,Europe,20697,3101,1311,498,1135.39,121848.4,418,22,Tablet
CMP_SEO_01,SEO_Organic_Blog_Content,2025-05-20,SEO,Awareness,North America,47152,2316,843,269,975.53,75743.79,206,21,Tablet
CMP_YT_01,YT_Video_Awareness_V1,2025-05-20,YouTube Ads,Awareness,North America,67052,1152,623,66,1448.17,11570.05,37,15,Tablet
CMP_YT_02,YT_TrueView_Product_Demo,2025-05-20,YouTube Ads,Product Promotion,Asia-Pacific,87378,1053,353,63,1700.31,15514.66,31,25,Mobile
CMP_EM_01,EM_Weekly_Newsletter,2025-05-21,Email Marketing,Product Promotion,Middle East,26960,3184,1594,590,1231.97,156794.52,490,15,Tablet
CMP_GGL_01,Google_Search_Brand,2025-05-21,Google Ads,Conversion,North America,37312,1324,636,164,5609.91,52427.73,130,24,Desktop
CMP_IG_01,IG_Influencer_Promos,2025-05-21,Instagram Ads,Product Promotion,Latin America,52451,1893,733,173,6064.17,40355.5,104,21,Mobile
CMP_LI_01,LI_B2B_Executive_Leads,2025-05-21,LinkedIn Ads,Lead Generation,Middle East,7077,181,87,18,1245.48,11104.87,9,26,Mobile
CMP_SEO_02,SEO_High_Intent_Landing,2025-05-21,SEO,Conversion,North America,37377,2192,1151,210,1171.5,85710.74,140,10,Mobile
CMP_DSP_01,DSP_Programmatic_Banner,2025-05-22,Display Ads,Awareness,Asia-Pacific,76508,459,138,11,1468.65,1245.72,5,7,Tablet
CMP_EM_02,EM_Abandoned_Cart_Nurture,2025-05-22,Email Marketing,Conversion,Europe,13394,1654,783,275,1192.53,59565.63,233,21,Desktop
CMP_GGL_02,Google_NonBrand_Generic,2025-05-22,Google Ads,Lead Generation,Asia-Pacific,36254,1459,597,118,5701.96,34629.11,76,13,Tablet
CMP_LI_02,LI_Whitepaper_Downloads,2025-05-22,LinkedIn Ads,Lead Generation,Latin America,5208,174,48,22,1469.91,15151.77,13,28,Tablet
CMP_SEO_01,SEO_Organic_Blog_Content,2025-05-22,SEO,Awareness,Middle East,50042,2367,1181,350,751.55,105860.83,270,12,Desktop
CMP_DSP_01,DSP_Programmatic_Banner,2025-05-23,Display Ads,Awareness,Asia-Pacific,53065,841,266,28,2304.86,3196.67,15,20,Mobile
CMP_EM_01,EM_Weekly_Newsletter,2025-05-23,Email Marketing,Product Promotion,Europe,12743,1105,569,171,444.5,57043.82,146,29,Desktop
CMP_EM_01,EM_Weekly_Newsletter,2025-05-23,Email Marketing,Product Promotion,Middle East,23525,3290,1605,659,2487.09,238302.1,527,8,Tablet
CMP_FB_01,FB_Retargeting_Q1,2025-05-23,Facebook Ads,Retargeting,North America,25659,878,379,64,1629.71,17514.59,43,18,Mobile
CMP_FB_02,FB_Lookalike_Prospecting,2025-05-23,Facebook Ads,Awareness,North America,57775,2467,979,172,4491.59,42149.6,102,22,Desktop
CMP_IG_02,IG_Stories_Conversion,2025-05-23,Instagram Ads,Conversion,Latin America,51544,1566,514,123,4943.46,22390.61,74,25,Tablet
CMP_LI_01,LI_B2B_Executive_Leads,2025-05-23,LinkedIn Ads,Lead Generation,Middle East,16349,362,119,40,3346.47,27069.14,22,28,Tablet
CMP_SEO_02,SEO_High_Intent_Landing,2025-05-23,SEO,Conversion,Latin America,64729,4675,1640,532,2240.52,147061.57,447,7,Tablet
CMP_SEO_02,SEO_High_Intent_Landing,2025-05-23,SEO,Conversion,Middle East,29034,2237,1077,332,1161.72,94077.46,235,26,Mobile
CMP_YT_01,YT_Video_Awareness_V1,2025-05-23,YouTube Ads,Awareness,Asia-Pacific,45082,1017,507,41,1538.29,7063.88,26,22,Tablet
CMP_GGL_01,Google_Search_Brand,2025-05-24,Google Ads,Conversion,Europe,45218,2474,1129,337,10479.77,99692.67,263,7,Tablet
CMP_IG_01,IG_Influencer_Promos,2025-05-24,Instagram Ads,Product Promotion,Middle East,42053,1701,830,103,5260.47,19520.16,54,21,Desktop
CMP_LI_01,LI_B2B_Executive_Leads,2025-05-24,LinkedIn Ads,Lead Generation,Asia-Pacific,14747,448,231,39,4700.69,20623.89,24,7,Desktop
CMP_LI_02,LI_Whitepaper_Downloads,2025-05-24,LinkedIn Ads,Lead Generation,Latin America,20124,658,241,62,4517.37,30427.83,28,21,Mobile
CMP_LI_02,LI_Whitepaper_Downloads,2025-05-24,LinkedIn Ads,Lead Generation,North America,18057,493,191,52,3354.2,29605.21,24,30,Tablet
CMP_SEO_02,SEO_High_Intent_Landing,2025-05-24,SEO,Conversion,Asia-Pacific,16955,1234,644,169,252.5,66660.28,121,18,Mobile
CMP_EM_02,EM_Abandoned_Cart_Nurture,2025-05-25,Email Marketing,Conversion,Latin America,26831,2385,1060,481,838.25,165183.29,368,26,Desktop
CMP_EM_02,EM_Abandoned_Cart_Nurture,2025-05-25,Email Marketing,Conversion,Latin America,17309,1966,724,236,1288.68,65078.34,191,21,Mobile
CMP_FB_01,FB_Retargeting_Q1,2025-05-25,Facebook Ads,Retargeting,Latin America,39204,1893,907,135,5172.55,33989.43,77,29,Desktop
CMP_GGL_01,Google_Search_Brand,2025-05-25,Google Ads,Conversion,Middle East,31321,1788,602,157,6295.27,39750.83,110,10,Tablet
CMP_GGL_01,Google_Search_Brand,2025-05-25,Google Ads,Conversion,Latin America,30610,1220,375,136,4931.03,35029.74,110,19,Tablet
CMP_LI_01,LI_B2B_Executive_Leads,2025-05-25,LinkedIn Ads,Lead Generation,Latin America,20291,440,237,38,4699.9,26895.01,24,7,Desktop
CMP_YT_01,YT_Video_Awareness_V1,2025-05-25,YouTube Ads,Awareness,North America,74350,1800,774,74,2275.29,11207.17,47,13,Desktop
CMP_YT_01,YT_Video_Awareness_V1,2025-05-25,YouTube Ads,Awareness,Europe,32405,493,223,23,1052.28,3540.5,13,16,Desktop
CMP_EM_01,EM_Weekly_Newsletter,2025-05-26,Email Marketing,Product Promotion,Latin America,19648,2182,682,267,944.3,83062.76,216,28,Desktop
CMP_EM_02,EM_Abandoned_Cart_Nurture,2025-05-26,Email Marketing,Conversion,Asia-Pacific,21489,2413,917,383,819.73,94761.24,270,13,Mobile
CMP_SEO_01,SEO_Organic_Blog_Content,2025-05-26,SEO,Awareness,Middle East,42137,2057,633,197,821.14,77575.95,151,18,Tablet
CMP_YT_01,YT_Video_Awareness_V1,2025-05-26,YouTube Ads,Awareness,Middle East,48039,619,214,36,1176.66,8630.12,19,22,Tablet
CMP_DSP_01,DSP_Programmatic_Banner,2025-05-27,Display Ads,Awareness,Latin America,41964,559,291,14,2044.34,2225.79,6,11,Tablet
CMP_EM_02,EM_Abandoned_Cart_Nurture,2025-05-27,Email Marketing,Conversion,Asia-Pacific,27298,2963,1275,449,1597.53,121408.17,354,13,Mobile
CMP_FB_02,FB_Lookalike_Prospecting,2025-05-27,Facebook Ads,Awareness,North America,53052,1571,437,138,3631.16,38279.45,91,15,Mobile
CMP_FB_02,FB_Lookalike_Prospecting,2025-05-27,Facebook Ads,Awareness,North America,29741,1059,486,83,2575.01,18613.87,51,14,Mobile
CMP_LI_02,LI_Whitepaper_Downloads,2025-05-27,LinkedIn Ads,Lead Generation,Europe,20338,488,176,62,4997.14,31330.81,26,19,Desktop
CMP_SEO_01,SEO_Organic_Blog_Content,2025-05-27,SEO,Awareness,Latin America,42851,2305,757,248,619.81,100651.86,208,9,Tablet
CMP_SEO_02,SEO_High_Intent_Landing,2025-05-27,SEO,Conversion,Latin America,42107,2114,795,307,892.96,124154.23,231,24,Tablet
CMP_DSP_02,DSP_Dynamic_Retargeting,2025-05-28,Display Ads,Retargeting,Latin America,57859,633,198,23,1446.81,2630.02,11,22,Desktop
CMP_FB_01,FB_Retargeting_Q1,2025-05-28,Facebook Ads,Retargeting,Asia-Pacific,35516,1710,525,123,3507.35,24492.58,91,14,Mobile
CMP_SEO_01,SEO_Organic_Blog_Content,2025-05-28,SEO,Awareness,Latin America,66858,5175,2669,470,1411.59,180075.74,385,12,Desktop
CMP_DSP_01,DSP_Programmatic_Banner,2025-05-29,Display Ads,Awareness,Europe,41313,369,123,12,876.94,1334.97,4,28,Tablet
CMP_DSP_01,DSP_Programmatic_Banner,2025-05-29,Display Ads,Awareness,Middle East,32871,248,79,9,734.38,1247.14,4,15,Desktop
CMP_EM_01,EM_Weekly_Newsletter,2025-05-29,Email Marketing,Product Promotion,Latin America,26538,2503,1208,324,999.98,64885.73,260,27,Tablet
CMP_EM_01,EM_Weekly_Newsletter,2025-05-29,Email Marketing,Product Promotion,Asia-Pacific,27583,3653,1098,644,2423.71,135919.55,511,29,Mobile
CMP_FB_01,FB_Retargeting_Q1,2025-05-29,Facebook Ads,Retargeting,Middle East,54751,1487,583,121,4165.04,26560.87,82,16,Desktop
CMP_IG_01,IG_Influencer_Promos,2025-05-29,Instagram Ads,Product Promotion,Europe,27743,844,420,71,2092.11,15436.49,47,15,Desktop
CMP_LI_01,LI_B2B_Executive_Leads,2025-05-29,LinkedIn Ads,Lead Generation,Middle East,9347,323,111,41,2987.89,24647.89,23,28,Tablet
CMP_LI_02,LI_Whitepaper_Downloads,2025-05-29,LinkedIn Ads,Lead Generation,North America,18701,373,128,29,3851.8,15898.69,15,26,Desktop
CMP_SEO_02,SEO_High_Intent_Landing,2025-05-29,SEO,Conversion,Europe,66303,3736,1840,420,1587.44,153194.22,307,13,Desktop
CMP_DSP_02,DSP_Dynamic_Retargeting,2025-05-30,Display Ads,Retargeting,Asia-Pacific,29395,464,205,7,1099.16,1109.45,2,23,Tablet
CMP_DSP_02,DSP_Dynamic_Retargeting,2025-05-30,Display Ads,Retargeting,Latin America,30613,301,164,6,660.09,812.54,2,26,Desktop
CMP_DSP_02,DSP_Dynamic_Retargeting,2025-05-30,Display Ads,Retargeting,Europe,27708,491,242,17,1210.95,2156.43,8,19,Mobile
CMP_GGL_02,Google_NonBrand_Generic,2025-05-30,Google Ads,Lead Generation,Middle East,43283,1729,498,145,6293.28,43889.63,91,26,Mobile
CMP_LI_02,LI_Whitepaper_Downloads,2025-05-30,LinkedIn Ads,Lead Generation,Middle East,14875,297,75,36,2751.25,16785.59,16,23,Mobile
CMP_SEO_02,SEO_High_Intent_Landing,2025-05-30,SEO,Conversion,Middle East,38849,2535,729,344,1503.81,138331.38,257,16,Desktop
CMP_YT_02,YT_TrueView_Product_Demo,2025-05-30,YouTube Ads,Product Promotion,North America,35313,707,370,31,1472.39,6100.05,19,20,Mobile
CMP_DSP_01,DSP_Programmatic_Banner,2025-05-31,Display Ads,Awareness,Asia-Pacific,43702,377,197,10,1207.33,1485.94,4,18,Mobile
CMP_EM_01,EM_Weekly_Newsletter,2025-05-31,Email Marketing,Product Promotion,Middle East,22096,1921,895,394,1250.36,124963.01,336,26,Tablet
CMP_FB_01,FB_Retargeting_Q1,2025-05-31,Facebook Ads,Retargeting,Latin America,35617,1122,590,102,3450.3,27582.68,75,8,Mobile
CMP_FB_01,FB_Retargeting_Q1,2025-05-31,Facebook Ads,Retargeting,North America,41689,2022,649,158,3180.3,28775.82,111,24,Tablet
CMP_FB_02,FB_Lookalike_Prospecting,2025-05-31,Facebook Ads,Awareness,Asia-Pacific,63367,2584,1045,274,5605.1,74777.59,203,7,Mobile
CMP_IG_01,IG_Influencer_Promos,2025-05-31,Instagram Ads,Product Promotion,Asia-Pacific,51750,2371,1048,162,5564.28,31369.13,106,18,Tablet
CMP_LI_02,LI_Whitepaper_Downloads,2025-05-31,LinkedIn Ads,Lead Generation,Latin America,9527,221,112,25,2099.52,13491.85,14,11,Mobile
CMP_YT_02,YT_TrueView_Product_Demo,2025-05-31,YouTube Ads,Product Promotion,Europe,86465,1532,665,83,2867.47,20245.05,51,30,Tablet
CMP_EM_02,EM_Abandoned_Cart_Nurture,2025-06-01,Email Marketing,Conversion,Asia-Pacific,27538,3897,1349,754,1257.16,198658.19,589,18,Tablet
CMP_FB_01,FB_Retargeting_Q1,2025-06-01,Facebook Ads,Retargeting,Europe,19890,545,235,55,1441.01,12932.84,33,12,Mobile
CMP_FB_02,FB_Lookalike_Prospecting,2025-06-01,Facebook Ads,Awareness,Asia-Pacific,52782,1798,704,123,2969.74,31634.87,73,15,Desktop
CMP_GGL_02,Google_NonBrand_Generic,2025-06-01,Google Ads,Lead Generation,Asia-Pacific,48341,2524,680,212,7763.43,50134.73,138,18,Mobile
CMP_SEO_02,SEO_High_Intent_Landing,2025-06-01,SEO,Conversion,Europe,36381,2549,1141,381,540.58,124891.56,286,23,Tablet
CMP_SEO_02,SEO_High_Intent_Landing,2025-06-01,SEO,Conversion,Europe,16043,949,244,132,305.52,52251.77,105,9,Mobile
CMP_YT_02,YT_TrueView_Product_Demo,2025-06-01,YouTube Ads,Product Promotion,North America,39360,958,441,46,1745.13,11448.65,24,14,Tablet
CMP_FB_02,FB_Lookalike_Prospecting,2025-06-02,Facebook Ads,Awareness,Latin America,58692,1786,709,163,3021.87,34629.57,95,8,Tablet
CMP_FB_02,FB_Lookalike_Prospecting,2025-06-02,Facebook Ads,Awareness,North America,44697,1496,794,145,2844.44,34533.11,100,7,Mobile
CMP_FB_02,FB_Lookalike_Prospecting,2025-06-02,Facebook Ads,Awareness,North America,27874,831,263,56,2503.39,11885.41,30,24,Mobile
CMP_GGL_01,Google_Search_Brand,2025-06-02,Google Ads,Conversion,Middle East,15152,727,189,60,3253.49,18098.93,41,20,Mobile
CMP_GGL_01,Google_Search_Brand,2025-06-02,Google Ads,Conversion,Latin America,14379,675,179,79,2402.77,24143.29,61,15,Mobile
CMP_GGL_02,Google_NonBrand_Generic,2025-06-02,Google Ads,Lead Generation,North America,17503,982,499,118,3625.9,27852.69,72,28,Desktop
CMP_GGL_02,Google_NonBrand_Generic,2025-06-02,Google Ads,Lead Generation,Latin America,37466,1852,970,235,6613.52,81198.77,166,18,Mobile
CMP_SEO_01,SEO_Organic_Blog_Content,2025-06-02,SEO,Awareness,Asia-Pacific,28633,1431,465,139,837.27,42567.36,114,8,Mobile
CMP_SEO_01,SEO_Organic_Blog_Content,2025-06-02,SEO,Awareness,North America,50272,3514,1337,464,1470.44,133396.09,321,20,Mobile
CMP_SEO_02,SEO_High_Intent_Landing,2025-06-02,SEO,Conversion,Middle East,30686,1624,740,228,349.6,81156.15,176,29,Desktop
CMP_DSP_02,DSP_Dynamic_Retargeting,2025-06-03,Display Ads,Retargeting,Europe,24551,283,80,9,1019.06,1477.83,4,29,Mobile
CMP_EM_02,EM_Abandoned_Cart_Nurture,2025-06-03,Email Marketing,Conversion,Latin America,21473,2001,1067,416,1361.16,131581.4,298,24,Desktop
CMP_EM_02,EM_Abandoned_Cart_Nurture,2025-06-03,Email Marketing,Conversion,Latin America,17343,1785,902,369,1170.78,135664.27,302,7,Mobile
CMP_FB_02,FB_Lookalike_Prospecting,2025-06-03,Facebook Ads,Awareness,Europe,17583,548,285,47,1745.14,11060.5,35,15,Tablet
CMP_GGL_01,Google_Search_Brand,2025-06-03,Google Ads,Conversion,Europe,47631,2896,727,367,8257.02,110488.03,229,20,Mobile
CMP_GGL_01,Google_Search_Brand,2025-06-03,Google Ads,Conversion,Europe,40968,1586,703,154,6077.28,37471.03,127,27,Mobile
CMP_GGL_02,Google_NonBrand_Generic,2025-06-03,Google Ads,Lead Generation,Asia-Pacific,47868,2097,806,203,8018.22,66450.0,137,7,Tablet
CMP_IG_02,IG_Stories_Conversion,2025-06-03,Instagram Ads,Conversion,Latin America,33655,1056,580,98,3448.63,20961.39,66,11,Desktop
CMP_LI_01,LI_B2B_Executive_Leads,2025-06-03,LinkedIn Ads,Lead Generation,Asia-Pacific,9024,302,88,27,2774.27,17735.04,15,15,Desktop
CMP_SEO_01,SEO_Organic_Blog_Content,2025-06-03,SEO,Awareness,Middle East,55832,3307,1258,312,1889.5,94652.28,258,12,Mobile
CMP_SEO_01,SEO_Organic_Blog_Content,2025-06-03,SEO,Awareness,Latin America,45863,3135,1119,441,1114.53,136142.91,342,19,Desktop
CMP_YT_01,YT_Video_Awareness_V1,2025-06-03,YouTube Ads,Awareness,Europe,64617,869,409,33,1311.82,6174.06,21,24,Desktop
CMP_YT_02,YT_TrueView_Product_Demo,2025-06-03,YouTube Ads,Product Promotion,North America,47176,1125,430,78,1621.33,13662.79,40,16,Mobile
CMP_YT_02,YT_TrueView_Product_Demo,2025-06-03,YouTube Ads,Product Promotion,North America,87613,1167,482,76,2392.49,16086.16,36,10,Tablet
CMP_DSP_01,DSP_Programmatic_Banner,2025-06-04,Display Ads,Awareness,Asia-Pacific,47903,837,401,26,2868.12,4767.87,13,22,Desktop
CMP_EM_01,EM_Weekly_Newsletter,2025-06-04,Email Marketing,Product Promotion,North America,19900,2317,988,368,1408.01,107325.43,277,8,Mobile
CMP_EM_02,EM_Abandoned_Cart_Nurture,2025-06-04,Email Marketing,Conversion,Asia-Pacific,28794,2602,1234,315,873.29,114403.51,251,13,Desktop
CMP_EM_02,EM_Abandoned_Cart_Nurture,2025-06-04,Email Marketing,Conversion,North America,28187,3594,1872,607,1488.83,204303.25,540,8,Tablet
CMP_GGL_01,Google_Search_Brand,2025-06-04,Google Ads,Conversion,Middle East,33311,1886,688,253,6920.58,78922.79,188,20,Tablet
CMP_IG_01,IG_Influencer_Promos,2025-06-04,Instagram Ads,Product Promotion,Latin America,47240,2269,614,156,5185.87,34019.83,84,23,Desktop
CMP_IG_01,IG_Influencer_Promos,2025-06-04,Instagram Ads,Product Promotion,Latin America,34122,1025,302,82,2750.49,19616.64,54,8,Mobile
CMP_LI_01,LI_B2B_Executive_Leads,2025-06-04,LinkedIn Ads,Lead Generation,Asia-Pacific,14985,375,124,37,3222.31,23089.23,17,7,Mobile
CMP_YT_01,YT_Video_Awareness_V1,2025-06-04,YouTube Ads,Awareness,Middle East,49307,590,234,18,1392.34,3022.87,8,28,Mobile
CMP_YT_01,YT_Video_Awareness_V1,2025-06-04,YouTube Ads,Awareness,North America,84720,1833,901,65,2564.29,12887.39,33,11,Mobile
CMP_DSP_01,DSP_Programmatic_Banner,2025-06-05,Display Ads,Awareness,Middle East,55194,672,197,10,1439.57,1290.57,3,16,Mobile
CMP_DSP_01,DSP_Programmatic_Banner,2025-06-05,Display Ads,Awareness,Middle East,97085,1102,275,33,3357.64,4616.4,14,13,Tablet
CMP_DSP_02,DSP_Dynamic_Retargeting,2025-06-05,Display Ads,Retargeting,Latin America,26166,470,238,10,1183.26,1641.54,3,24,Mobile
CMP_FB_01,FB_Retargeting_Q1,2025-06-05,Facebook Ads,Retargeting,Latin America,40809,1715,747,164,3403.79,41872.97,95,16,Tablet
CMP_GGL_02,Google_NonBrand_Generic,2025-06-05,Google Ads,Lead Generation,Europe,15612,927,390,109,3917.11,25434.47,73,12,Tablet
CMP_GGL_02,Google_NonBrand_Generic,2025-06-05,Google Ads,Lead Generation,Europe,47549,2555,1068,309,10292.37,103717.52,240,19,Tablet
CMP_LI_02,LI_Whitepaper_Downloads,2025-06-05,LinkedIn Ads,Lead Generation,North America,19230,627,228,74,4201.25,51360.95,31,18,Mobile
CMP_GGL_01,Google_Search_Brand,2025-06-06,Google Ads,Conversion,Middle East,37834,2358,733,303,7094.17,93757.46,226,17,Mobile
CMP_IG_02,IG_Stories_Conversion,2025-06-06,Instagram Ads,Conversion,Latin America,40130,1861,591,93,5576.09,19314.3,48,18,Tablet
CMP_IG_02,IG_Stories_Conversion,2025-06-06,Instagram Ads,Conversion,Middle East,21171,1012,364,71,2359.44,18300.24,40,18,Tablet
CMP_IG_02,IG_Stories_Conversion,2025-06-06,Instagram Ads,Conversion,Middle East,50742,2617,888,150,5853.5,29339.13,94,17,Mobile
CMP_SEO_01,SEO_Organic_Blog_Content,2025-06-06,SEO,Awareness,Europe,37520,1864,614,174,906.2,66734.2,143,23,Tablet
CMP_SEO_02,SEO_High_Intent_Landing,2025-06-06,SEO,Conversion,Asia-Pacific,38222,2616,1006,319,893.67,107248.62,214,30,Mobile
CMP_YT_01,YT_Video_Awareness_V1,2025-06-06,YouTube Ads,Awareness,North America,36426,877,247,50,1903.09,10479.07,22,19,Tablet
CMP_EM_02,EM_Abandoned_Cart_Nurture,2025-06-07,Email Marketing,Conversion,North America,25354,2265,1241,434,802.28,151569.96,320,28,Mobile
CMP_GGL_01,Google_Search_Brand,2025-06-07,Google Ads,Conversion,Latin America,29044,1463,464,163,6466.38,55275.86,98,15,Mobile
CMP_GGL_01,Google_Search_Brand,2025-06-07,Google Ads,Conversion,Asia-Pacific,35974,1894,567,248,6270.34,63795.72,186,22,Desktop
CMP_GGL_02,Google_NonBrand_Generic,2025-06-07,Google Ads,Lead Generation,Middle East,15259,964,276,115,3455.76,27101.03,70,24,Desktop
CMP_GGL_02,Google_NonBrand_Generic,2025-06-07,Google Ads,Lead Generation,Asia-Pacific,38645,2105,551,276,8374.12,84023.22,200,17,Tablet
CMP_IG_01,IG_Influencer_Promos,2025-06-07,Instagram Ads,Product Promotion,Europe,35449,1249,464,68,2778.03,16184.79,46,8,Desktop
CMP_SEO_02,SEO_High_Intent_Landing,2025-06-07,SEO,Conversion,Latin America,30415,1642,723,183,727.0,62837.35,131,22,Tablet
CMP_YT_02,YT_TrueView_Product_Demo,2025-06-07,YouTube Ads,Product Promotion,Latin America,57053,1336,486,74,2063.46,13967.7,38,22,Desktop
CMP_DSP_01,DSP_Programmatic_Banner,2025-06-08,Display Ads,Awareness,Middle East,45430,444,161,17,1640.25,2497.88,6,22,Desktop
CMP_DSP_01,DSP_Programmatic_Banner,2025-06-08,Display Ads,Awareness,Europe,75252,728,335,21,1500.84,3245.41,8,18,Tablet
CMP_EM_02,EM_Abandoned_Cart_Nurture,2025-06-08,Email Marketing,Conversion,Asia-Pacific,13206,1744,446,320,1126.43,90797.95,283,18,Desktop
CMP_EM_02,EM_Abandoned_Cart_Nurture,2025-06-08,Email Marketing,Conversion,Middle East,26267,3378,1837,514,1406.2,126227.71,441,28,Desktop
CMP_FB_01,FB_Retargeting_Q1,2025-06-08,Facebook Ads,Retargeting,Middle East,38034,1044,334,72,3282.0,13169.44,45,20,Tablet
CMP_FB_01,FB_Retargeting_Q1,2025-06-08,Facebook Ads,Retargeting,Latin America,59047,2546,757,195,6321.64,39646.91,112,23,Mobile
CMP_GGL_01,Google_Search_Brand,2025-06-08,Google Ads,Conversion,Middle East,26716,1654,556,228,4911.15,67352.37,173,24,Tablet
CMP_IG_01,IG_Influencer_Promos,2025-06-08,Instagram Ads,Product Promotion,North America,34149,1508,477,106,4458.35,19491.91,64,13,Mobile
CMP_LI_01,LI_B2B_Executive_Leads,2025-06-08,LinkedIn Ads,Lead Generation,Middle East,21265,427,232,35,3542.06,19792.46,21,18,Mobile
CMP_DSP_02,DSP_Dynamic_Retargeting,2025-06-09,Display Ads,Retargeting,Asia-Pacific,40959,569,295,21,1540.7,2936.84,10,8,Desktop
CMP_IG_01,IG_Influencer_Promos,2025-06-09,Instagram Ads,Product Promotion,Latin America,40962,2139,553,188,6023.43,36510.45,120,11,Mobile
CMP_IG_02,IG_Stories_Conversion,2025-06-09,Instagram Ads,Conversion,Europe,30282,970,257,60,2943.52,9775.85,38,30,Mobile
CMP_LI_02,LI_Whitepaper_Downloads,2025-06-09,LinkedIn Ads,Lead Generation,Europe,19718,509,258,39,3580.2,23883.84,23,17,Mobile
CMP_LI_02,LI_Whitepaper_Downloads,2025-06-09,LinkedIn Ads,Lead Generation,Europe,16286,568,273,49,3457.41,24394.21,20,14,Mobile
CMP_LI_02,LI_Whitepaper_Downloads,2025-06-09,LinkedIn Ads,Lead Generation,Middle East,6834,222,67,28,1971.61,19566.89,15,22,Tablet
CMP_SEO_02,SEO_High_Intent_Landing,2025-06-09,SEO,Conversion,Europe,16535,1232,622,183,659.3,75328.54,131,27,Desktop
CMP_FB_01,FB_Retargeting_Q1,2025-06-10,Facebook Ads,Retargeting,Latin America,39934,1162,317,107,3329.92,21343.62,61,19,Mobile
CMP_SEO_02,SEO_High_Intent_Landing,2025-06-10,SEO,Conversion,Asia-Pacific,47716,3572,1832,508,1907.17,206989.83,358,11,Desktop
CMP_YT_01,YT_Video_Awareness_V1,2025-06-10,YouTube Ads,Awareness,Europe,64525,879,414,54,2077.24,11328.21,29,8,Desktop
CMP_YT_01,YT_Video_Awareness_V1,2025-06-10,YouTube Ads,Awareness,Middle East,72141,844,290,55,1731.06,8791.06,25,11,Desktop
CMP_DSP_01,DSP_Programmatic_Banner,2025-06-11,Display Ads,Awareness,Latin America,22329,141,60,4,370.08,440.05,1,22,Mobile
CMP_DSP_01,DSP_Programmatic_Banner,2025-06-11,Display Ads,Awareness,Middle East,33953,386,144,11,780.01,1570.11,4,11,Desktop
CMP_DSP_01,DSP_Programmatic_Banner,2025-06-11,Display Ads,Awareness,Middle East,95055,1413,693,53,3187.25,8557.24,21,19,Tablet
CMP_DSP_02,DSP_Dynamic_Retargeting,2025-06-11,Display Ads,Retargeting,North America,62290,998,284,30,3480.71,4670.4,11,27,Tablet
CMP_DSP_02,DSP_Dynamic_Retargeting,2025-06-11,Display Ads,Retargeting,Latin America,90735,799,215,24,1568.11,3858.2,9,8,Mobile
CMP_DSP_02,DSP_Dynamic_Retargeting,2025-06-11,Display Ads,Retargeting,Europe,75914,421,213,11,807.54,1937.19,5,14,Tablet
CMP_EM_01,EM_Weekly_Newsletter,2025-06-11,Email Marketing,Product Promotion,Latin America,13073,1233,527,189,414.93,41515.69,134,27,Desktop
CMP_FB_01,FB_Retargeting_Q1,2025-06-11,Facebook Ads,Retargeting,Latin America,49508,1782,576,118,2860.33,24256.79,66,18,Desktop
CMP_FB_02,FB_Lookalike_Prospecting,2025-06-11,Facebook Ads,Awareness,Asia-Pacific,35555,1036,567,85,3189.31,22108.13,60,25,Desktop
CMP_GGL_01,Google_Search_Brand,2025-06-11,Google Ads,Conversion,Europe,34277,1912,510,194,8458.9,50740.38,134,7,Mobile
CMP_GGL_01,Google_Search_Brand,2025-06-11,Google Ads,Conversion,Europe,28085,1757,681,200,6189.11,58861.91,124,29,Desktop
CMP_GGL_02,Google_NonBrand_Generic,2025-06-11,Google Ads,Lead Generation,Asia-Pacific,28004,1392,588,187,6220.55,47953.28,122,25,Tablet
CMP_LI_02,LI_Whitepaper_Downloads,2025-06-11,LinkedIn Ads,Lead Generation,Europe,22386,665,167,73,6902.42,50084.47,30,26,Mobile
CMP_YT_02,YT_TrueView_Product_Demo,2025-06-11,YouTube Ads,Product Promotion,Latin America,63417,832,377,32,1563.77,6678.64,19,27,Mobile
CMP_YT_02,YT_TrueView_Product_Demo,2025-06-11,YouTube Ads,Product Promotion,Europe,37277,558,142,38,999.81,8230.92,20,12,Desktop
CMP_DSP_02,DSP_Dynamic_Retargeting,2025-06-12,Display Ads,Retargeting,North America,27312,410,161,13,1484.07,1603.58,5,26,Mobile
CMP_FB_01,FB_Retargeting_Q1,2025-06-12,Facebook Ads,Retargeting,Asia-Pacific,40936,1988,1064,209,3470.33,48658.74,120,28,Mobile
CMP_FB_02,FB_Lookalike_Prospecting,2025-06-12,Facebook Ads,Awareness,Europe,31001,1362,684,137,3196.17,25623.52,83,20,Mobile
CMP_FB_02,FB_Lookalike_Prospecting,2025-06-12,Facebook Ads,Awareness,Asia-Pacific,54966,2699,1256,239,5920.28,59871.39,136,27,Desktop
CMP_FB_02,FB_Lookalike_Prospecting,2025-06-12,Facebook Ads,Awareness,Latin America,64590,2175,1016,210,6559.92,38248.41,131,27,Desktop
CMP_GGL_01,Google_Search_Brand,2025-06-12,Google Ads,Conversion,Latin America,17208,853,368,96,3523.98,21570.42,80,21,Tablet
CMP_GGL_02,Google_NonBrand_Generic,2025-06-12,Google Ads,Lead Generation,Europe,20008,905,401,122,3982.75,32392.86,79,7,Tablet
CMP_SEO_01,SEO_Organic_Blog_Content,2025-06-12,SEO,Awareness,North America,24790,1387,593,201,285.14,72862.75,137,27,Desktop
CMP_SEO_01,SEO_Organic_Blog_Content,2025-06-12,SEO,Awareness,Latin America,68176,3766,2031,547,2242.15,197381.25,372,29,Desktop
CMP_SEO_02,SEO_High_Intent_Landing,2025-06-12,SEO,Conversion,Asia-Pacific,20227,1259,486,167,409.51,52916.57,131,19,Mobile
CMP_SEO_02,SEO_High_Intent_Landing,2025-06-12,SEO,Conversion,Middle East,68252,3371,1505,461,726.76,187566.36,353,14,Desktop
CMP_YT_01,YT_Video_Awareness_V1,2025-06-12,YouTube Ads,Awareness,Latin America,38656,711,365,41,1499.05,7821.66,24,17,Tablet
CMP_DSP_01,DSP_Programmatic_Banner,2025-06-13,Display Ads,Awareness,Asia-Pacific,61031,840,316,27,2883.07,4159.73,13,14,Tablet
CMP_EM_02,EM_Abandoned_Cart_Nurture,2025-06-13,Email Marketing,Conversion,North America,20144,2941,1457,637,1509.42,127906.59,515,18,Desktop
CMP_FB_02,FB_Lookalike_Prospecting,2025-06-13,Facebook Ads,Awareness,Asia-Pacific,31547,1161,486,71,3224.83,16175.23,51,7,Desktop
CMP_GGL_01,Google_Search_Brand,2025-06-13,Google Ads,Conversion,North America,35858,1276,322,111,5089.74,27899.52,82,28,Tablet
CMP_LI_01,LI_B2B_Executive_Leads,2025-06-13,LinkedIn Ads,Lead Generation,Asia-Pacific,8855,181,50,13,1228.53,9587.36,7,28,Tablet
CMP_YT_02,YT_TrueView_Product_Demo,2025-06-13,YouTube Ads,Product Promotion,Asia-Pacific,57958,1383,589,79,1797.12,15760.13,36,14,Tablet
CMP_YT_02,YT_TrueView_Product_Demo,2025-06-13,YouTube Ads,Product Promotion,Middle East,58960,1220,349,50,2255.91,11069.42,26,8,Mobile
CMP_DSP_02,DSP_Dynamic_Retargeting,2025-06-14,Display Ads,Retargeting,Middle East,23416,214,117,8,478.94,1378.26,2,12,Tablet
CMP_GGL_02,Google_NonBrand_Generic,2025-06-14,Google Ads,Lead Generation,Latin America,27403,1010,450,92,2996.82,30917.69,64,10,Mobile
CMP_IG_01,IG_Influencer_Promos,2025-06-14,Instagram Ads,Product Promotion,Asia-Pacific,34419,1287,539,96,4488.21,22506.01,48,8,Mobile
CMP_LI_01,LI_B2B_Executive_Leads,2025-06-14,LinkedIn Ads,Lead Generation,Europe,8468,201,83,24,1479.69,15844.06,10,17,Desktop
CMP_SEO_01,SEO_Organic_Blog_Content,2025-06-14,SEO,Awareness,Latin America,21550,1683,637,181,853.34,55728.21,119,13,Desktop
CMP_YT_02,YT_TrueView_Product_Demo,2025-06-14,YouTube Ads,Product Promotion,Asia-Pacific,84482,1626,832,113,2649.13,27172.44,68,28,Mobile
CMP_EM_02,EM_Abandoned_Cart_Nurture,2025-06-15,Email Marketing,Conversion,North America,18004,2010,811,280,1544.93,88856.12,239,20,Mobile
CMP_FB_02,FB_Lookalike_Prospecting,2025-06-15,Facebook Ads,Awareness,Europe,41253,1583,764,120,3569.27,30600.62,85,13,Tablet
CMP_GGL_02,Google_NonBrand_Generic,2025-06-15,Google Ads,Lead Generation,North America,28960,1136,610,124,4018.63,30768.43,89,26,Desktop
CMP_IG_01,IG_Influencer_Promos,2025-06-15,Instagram Ads,Product Promotion,Middle East,37939,1156,479,86,3585.23,19518.92,54,27,Mobile
CMP_YT_02,YT_TrueView_Product_Demo,2025-06-15,YouTube Ads,Product Promotion,Middle East,79141,839,419,47,1604.49,8336.8,25,21,Desktop
CMP_DSP_01,DSP_Programmatic_Banner,2025-06-16,Display Ads,Awareness,Europe,46580,319,121,9,933.25,1496.28,4,30,Mobile
CMP_IG_02,IG_Stories_Conversion,2025-06-16,Instagram Ads,Conversion,North America,37465,1758,905,148,6070.42,28594.29,92,29,Tablet
CMP_LI_02,LI_Whitepaper_Downloads,2025-06-16,LinkedIn Ads,Lead Generation,Latin America,13623,413,195,42,2809.62,29779.88,23,27,Desktop
CMP_YT_01,YT_Video_Awareness_V1,2025-06-16,YouTube Ads,Awareness,North America,54086,1046,337,64,2026.71,10833.91,37,28,Desktop
CMP_DSP_01,DSP_Programmatic_Banner,2025-06-17,Display Ads,Awareness,Europe,40947,497,141,19,960.88,3368.35,8,29,Mobile
CMP_DSP_01,DSP_Programmatic_Banner,2025-06-17,Display Ads,Awareness,North America,31412,180,61,3,504.15,369.65,1,12,Mobile
CMP_EM_02,EM_Abandoned_Cart_Nurture,2025-06-17,Email Marketing,Conversion,North America,12195,1146,524,198,724.44,64540.28,168,16,Tablet
CMP_IG_01,IG_Influencer_Promos,2025-06-17,Instagram Ads,Product Promotion,Europe,39826,1789,461,120,4844.6,27238.52,83,28,Mobile
CMP_LI_01,LI_B2B_Executive_Leads,2025-06-17,LinkedIn Ads,Lead Generation,Asia-Pacific,15057,455,215,54,3026.51,28501.59,22,19,Tablet
CMP_LI_01,LI_B2B_Executive_Leads,2025-06-17,LinkedIn Ads,Lead Generation,Asia-Pacific,19111,353,173,39,2789.07,23403.07,23,22,Mobile
CMP_SEO_01,SEO_Organic_Blog_Content,2025-06-17,SEO,Awareness,North America,56897,2629,1281,263,1495.34,89192.59,210,27,Desktop
CMP_DSP_01,DSP_Programmatic_Banner,2025-06-18,Display Ads,Awareness,Middle East,92373,1507,786,23,4715.5,3158.18,12,25,Mobile
CMP_EM_01,EM_Weekly_Newsletter,2025-06-18,Email Marketing,Product Promotion,North America,18536,2649,744,420,1538.59,129496.22,338,25,Tablet
CMP_EM_01,EM_Weekly_Newsletter,2025-06-18,Email Marketing,Product Promotion,Europe,8071,1133,450,176,665.45,62076.87,147,27,Tablet
CMP_EM_02,EM_Abandoned_Cart_Nurture,2025-06-18,Email Marketing,Conversion,Europe,8237,1159,503,210,856.29,60114.09,168,29,Mobile
CMP_FB_02,FB_Lookalike_Prospecting,2025-06-18,Facebook Ads,Awareness,North America,44175,1857,863,176,2955.92,34640.15,97,29,Desktop
CMP_LI_01,LI_B2B_Executive_Leads,2025-06-18,LinkedIn Ads,Lead Generation,Asia-Pacific,12565,303,155,23,2951.51,12013.22,13,18,Desktop
CMP_LI_01,LI_B2B_Executive_Leads,2025-06-18,LinkedIn Ads,Lead Generation,Europe,5092,104,29,13,1135.69,7956.84,7,26,Desktop
CMP_LI_01,LI_B2B_Executive_Leads,2025-06-18,LinkedIn Ads,Lead Generation,Middle East,10109,353,148,28,2487.82,16173.92,16,15,Tablet
CMP_SEO_02,SEO_High_Intent_Landing,2025-06-18,SEO,Conversion,Europe,40376,2375,1089,282,669.98,85106.36,229,8,Tablet
CMP_DSP_01,DSP_Programmatic_Banner,2025-06-19,Display Ads,Awareness,North America,52094,573,292,8,2134.4,900.69,3,12,Tablet
CMP_FB_01,FB_Retargeting_Q1,2025-06-19,Facebook Ads,Retargeting,Middle East,22248,765,387,69,1596.38,13904.41,40,23,Mobile
CMP_GGL_01,Google_Search_Brand,2025-06-19,Google Ads,Conversion,Asia-Pacific,31574,1795,895,187,4828.49,44609.07,156,18,Tablet
CMP_IG_02,IG_Stories_Conversion,2025-06-19,Instagram Ads,Conversion,Middle East,40685,1250,410,88,3650.88,15502.79,55,21,Tablet
CMP_DSP_01,DSP_Programmatic_Banner,2025-06-20,Display Ads,Awareness,Asia-Pacific,89924,541,265,18,1972.25,2797.62,6,29,Mobile
CMP_DSP_01,DSP_Programmatic_Banner,2025-06-20,Display Ads,Awareness,Europe,31453,410,185,11,1115.71,1712.43,4,8,Tablet
CMP_DSP_02,DSP_Dynamic_Retargeting,2025-06-20,Display Ads,Retargeting,Asia-Pacific,83781,1007,275,21,3094.72,3543.12,8,17,Desktop
CMP_EM_01,EM_Weekly_Newsletter,2025-06-20,Email Marketing,Product Promotion,North America,26642,3280,1481,451,1031.75,117031.19,346,30,Tablet
CMP_EM_02,EM_Abandoned_Cart_Nurture,2025-06-20,Email Marketing,Conversion,Latin America,27135,2695,1023,429,1935.29,163002.48,385,9,Tablet
CMP_FB_01,FB_Retargeting_Q1,2025-06-20,Facebook Ads,Retargeting,Europe,38753,1158,570,73,1843.25,14771.24,42,18,Desktop
CMP_GGL_01,Google_Search_Brand,2025-06-20,Google Ads,Conversion,Asia-Pacific,26815,1545,671,145,5198.34,32196.71,93,19,Desktop
CMP_GGL_01,Google_Search_Brand,2025-06-20,Google Ads,Conversion,Europe,13998,567,178,58,2523.11,20237.38,38,11,Mobile
CMP_IG_02,IG_Stories_Conversion,2025-06-20,Instagram Ads,Conversion,Europe,50261,2258,591,135,4336.87,28137.77,73,30,Tablet
CMP_LI_01,LI_B2B_Executive_Leads,2025-06-20,LinkedIn Ads,Lead Generation,Asia-Pacific,24840,506,177,36,3970.33,23387.17,19,13,Tablet
CMP_YT_02,YT_TrueView_Product_Demo,2025-06-20,YouTube Ads,Product Promotion,North America,74004,1008,283,51,2250.79,9691.25,30,21,Desktop
CMP_DSP_02,DSP_Dynamic_Retargeting,2025-06-21,Display Ads,Retargeting,Latin America,27342,433,135,14,1038.63,1893.36,6,20,Tablet
CMP_EM_01,EM_Weekly_Newsletter,2025-06-21,Email Marketing,Product Promotion,Europe,14825,2049,1050,301,1415.65,75833.55,251,30,Tablet
CMP_EM_02,EM_Abandoned_Cart_Nurture,2025-06-21,Email Marketing,Conversion,Latin America,20689,2212,604,394,950.37,97599.31,310,27,Mobile
CMP_GGL_01,Google_Search_Brand,2025-06-21,Google Ads,Conversion,Asia-Pacific,46469,2727,821,271,9779.19,79545.86,175,25,Mobile
CMP_IG_01,IG_Influencer_Promos,2025-06-21,Instagram Ads,Product Promotion,Middle East,22697,986,520,83,2821.72,20767.9,44,7,Mobile
CMP_IG_01,IG_Influencer_Promos,2025-06-21,Instagram Ads,Product Promotion,Asia-Pacific,19288,1054,306,68,2334.8,17399.88,45,23,Tablet
CMP_IG_02,IG_Stories_Conversion,2025-06-21,Instagram Ads,Conversion,Middle East,37731,1244,502,63,2842.73,13881.22,39,15,Mobile
CMP_LI_02,LI_Whitepaper_Downloads,2025-06-21,LinkedIn Ads,Lead Generation,Asia-Pacific,10888,299,94,34,1869.61,15803.56,15,26,Desktop
CMP_SEO_01,SEO_Organic_Blog_Content,2025-06-21,SEO,Awareness,North America,26289,1770,542,231,423.61,74168.78,169,27,Tablet
CMP_SEO_02,SEO_High_Intent_Landing,2025-06-21,SEO,Conversion,Latin America,40162,2902,903,365,1728.23,152126.18,240,16,Desktop
CMP_SEO_02,SEO_High_Intent_Landing,2025-06-21,SEO,Conversion,North America,58556,4390,1201,423,2125.06,172634.76,317,27,Tablet
CMP_EM_02,EM_Abandoned_Cart_Nurture,2025-06-22,Email Marketing,Conversion,North America,24252,3406,1543,619,2084.55,216939.69,519,11,Mobile
CMP_FB_01,FB_Retargeting_Q1,2025-06-22,Facebook Ads,Retargeting,Middle East,45442,1161,295,70,2484.63,13570.3,49,7,Mobile
CMP_GGL_02,Google_NonBrand_Generic,2025-06-22,Google Ads,Lead Generation,Asia-Pacific,21999,1368,522,174,4369.46,53806.04,129,30,Desktop
CMP_GGL_02,Google_NonBrand_Generic,2025-06-22,Google Ads,Lead Generation,Middle East,38344,1812,580,179,7445.52,48277.77,115,21,Tablet
CMP_GGL_02,Google_NonBrand_Generic,2025-06-22,Google Ads,Lead Generation,North America,45888,2191,939,226,9859.39,50913.72,136,9,Tablet
CMP_IG_02,IG_Stories_Conversion,2025-06-22,Instagram Ads,Conversion,Latin America,51316,2107,761,138,5054.59,35762.19,77,24,Tablet
CMP_LI_01,LI_B2B_Executive_Leads,2025-06-22,LinkedIn Ads,Lead Generation,Asia-Pacific,13255,422,203,39,4171.93,19292.74,21,10,Tablet
CMP_LI_01,LI_B2B_Executive_Leads,2025-06-22,LinkedIn Ads,Lead Generation,Europe,11178,362,117,39,2178.97,21371.66,17,19,Tablet
CMP_SEO_01,SEO_Organic_Blog_Content,2025-06-22,SEO,Awareness,Latin America,35144,1718,901,235,699.93,60468.27,160,29,Desktop
CMP_SEO_01,SEO_Organic_Blog_Content,2025-06-22,SEO,Awareness,Middle East,58576,3108,1544,409,788.98,128363.86,267,25,Desktop
CMP_SEO_01,SEO_Organic_Blog_Content,2025-06-22,SEO,Awareness,Europe,22104,1234,565,163,411.66,47092.88,107,8,Mobile
CMP_YT_02,YT_TrueView_Product_Demo,2025-06-22,YouTube Ads,Product Promotion,Latin America,70563,719,217,23,966.8,4927.64,13,27,Tablet
CMP_DSP_01,DSP_Programmatic_Banner,2025-06-23,Display Ads,Awareness,Europe,48000,774,366,27,2181.49,3275.11,12,21,Mobile
CMP_FB_02,FB_Lookalike_Prospecting,2025-06-23,Facebook Ads,Awareness,Latin America,31295,932,477,62,2247.69,12297.63,39,10,Tablet
CMP_GGL_01,Google_Search_Brand,2025-06-23,Google Ads,Conversion,North America,23259,911,358,121,3661.62,39447.26,81,9,Tablet
CMP_LI_01,LI_B2B_Executive_Leads,2025-06-23,LinkedIn Ads,Lead Generation,Europe,6523,218,97,22,2220.84,14996.16,11,20,Tablet
CMP_YT_01,YT_Video_Awareness_V1,2025-06-23,YouTube Ads,Awareness,Asia-Pacific,46098,687,265,22,1624.44,5286.09,11,14,Desktop
CMP_DSP_02,DSP_Dynamic_Retargeting,2025-06-24,Display Ads,Retargeting,North America,23474,315,99,11,781.05,1807.32,3,23,Tablet
CMP_EM_01,EM_Weekly_Newsletter,2025-06-24,Email Marketing,Product Promotion,Europe,25986,2908,1409,597,1012.72,201420.92,449,22,Mobile
CMP_LI_01,LI_B2B_Executive_Leads,2025-06-24,LinkedIn Ads,Lead Generation,Middle East,7608,218,115,17,2306.44,11533.64,9,15,Desktop
CMP_LI_01,LI_B2B_Executive_Leads,2025-06-24,LinkedIn Ads,Lead Generation,Asia-Pacific,8393,261,103,24,2578.5,12006.17,13,20,Desktop
CMP_LI_01,LI_B2B_Executive_Leads,2025-06-24,LinkedIn Ads,Lead Generation,Middle East,22343,424,180,45,4071.34,21203.14,19,19,Mobile
CMP_LI_02,LI_Whitepaper_Downloads,2025-06-24,LinkedIn Ads,Lead Generation,Europe,9022,231,81,24,2094.04,16218.67,11,15,Mobile
CMP_YT_02,YT_TrueView_Product_Demo,2025-06-24,YouTube Ads,Product Promotion,Middle East,57968,848,293,58,1502.7,14185.04,31,24,Desktop
CMP_EM_02,EM_Abandoned_Cart_Nurture,2025-06-25,Email Marketing,Conversion,Europe,8392,737,375,143,577.38,54238.3,126,7,Mobile
CMP_FB_01,FB_Retargeting_Q1,2025-06-25,Facebook Ads,Retargeting,Latin America,40996,1063,413,101,2047.37,19558.45,69,13,Mobile
CMP_LI_02,LI_Whitepaper_Downloads,2025-06-25,LinkedIn Ads,Lead Generation,Latin America,18891,362,110,33,3440.29,23307.83,15,22,Tablet
CMP_LI_02,LI_Whitepaper_Downloads,2025-06-25,LinkedIn Ads,Lead Generation,Middle East,6112,178,65,13,1586.53,7283.27,6,7,Mobile
CMP_SEO_01,SEO_Organic_Blog_Content,2025-06-25,SEO,Awareness,Latin America,38275,1802,558,193,670.6,51227.0,135,16,Desktop
CMP_YT_01,YT_Video_Awareness_V1,2025-06-25,YouTube Ads,Awareness,North America,60093,1229,653,53,1487.45,12395.49,30,7,Desktop
CMP_DSP_01,DSP_Programmatic_Banner,2025-06-26,Display Ads,Awareness,Middle East,48606,525,245,15,1880.97,2018.52,7,13,Tablet
CMP_EM_01,EM_Weekly_Newsletter,2025-06-26,Email Marketing,Product Promotion,North America,19510,1637,747,234,691.0,59945.63,167,20,Mobile
CMP_GGL_01,Google_Search_Brand,2025-06-26,Google Ads,Conversion,Middle East,47209,2999,1263,280,10307.01,78175.57,232,25,Mobile
CMP_IG_02,IG_Stories_Conversion,2025-06-26,Instagram Ads,Conversion,Middle East,19601,613,322,45,1586.95,9343.2,31,15,Tablet
CMP_FB_01,FB_Retargeting_Q1,2025-06-27,Facebook Ads,Retargeting,Asia-Pacific,50531,1630,492,110,3276.18,27605.2,75,24,Tablet
CMP_FB_02,FB_Lookalike_Prospecting,2025-06-27,Facebook Ads,Awareness,Asia-Pacific,26871,1340,681,118,2181.5,22216.45,68,13,Tablet
CMP_IG_02,IG_Stories_Conversion,2025-06-27,Instagram Ads,Conversion,Middle East,44325,2057,733,188,7155.06,40560.01,118,7,Mobile
CMP_YT_01,YT_Video_Awareness_V1,2025-06-27,YouTube Ads,Awareness,Asia-Pacific,86984,1399,669,78,2733.56,15381.63,43,19,Mobile
CMP_FB_01,FB_Retargeting_Q1,2025-06-28,Facebook Ads,Retargeting,Europe,20578,875,385,90,2609.05,18100.59,66,27,Desktop
CMP_FB_02,FB_Lookalike_Prospecting,2025-06-28,Facebook Ads,Awareness,Asia-Pacific,19440,960,497,60,3059.16,10815.65,42,29,Desktop
CMP_IG_02,IG_Stories_Conversion,2025-06-28,Instagram Ads,Conversion,Europe,17648,967,528,80,2856.39,12918.66,45,12,Tablet
CMP_SEO_02,SEO_High_Intent_Landing,2025-06-28,SEO,Conversion,North America,29321,1922,789,205,503.97,51286.9,138,21,Tablet
CMP_DSP_01,DSP_Programmatic_Banner,2025-06-29,Display Ads,Awareness,Europe,44414,742,364,17,2539.72,3224.36,8,17,Tablet
CMP_DSP_01,DSP_Programmatic_Banner,2025-06-29,Display Ads,Awareness,Europe,65214,859,365,18,3140.3,3161.89,9,14,Desktop
CMP_DSP_02,DSP_Dynamic_Retargeting,2025-06-29,Display Ads,Retargeting,Asia-Pacific,49146,582,155,20,1202.27,3151.73,10,16,Desktop
CMP_EM_01,EM_Weekly_Newsletter,2025-06-29,Email Marketing,Product Promotion,North America,26023,2673,1230,379,1735.95,117053.4,274,26,Desktop
CMP_FB_02,FB_Lookalike_Prospecting,2025-06-29,Facebook Ads,Awareness,Asia-Pacific,57823,2706,709,202,4418.38,52946.1,133,19,Desktop
CMP_YT_01,YT_Video_Awareness_V1,2025-06-29,YouTube Ads,Awareness,North America,57540,1128,394,78,1581.49,18033.69,37,19,Desktop
CMP_EM_02,EM_Abandoned_Cart_Nurture,2025-06-30,Email Marketing,Conversion,Middle East,18047,1761,842,245,634.54,54272.36,197,15,Mobile
CMP_FB_01,FB_Retargeting_Q1,2025-06-30,Facebook Ads,Retargeting,Middle East,56184,1913,788,160,3329.23,28906.05,100,11,Tablet
CMP_FB_02,FB_Lookalike_Prospecting,2025-06-30,Facebook Ads,Awareness,North America,39436,1044,336,81,2764.06,17252.2,44,28,Mobile
CMP_IG_01,IG_Influencer_Promos,2025-06-30,Instagram Ads,Product Promotion,Asia-Pacific,25972,1369,435,78,2809.47,17887.16,51,28,Tablet
CMP_LI_01,LI_B2B_Executive_Leads,2025-06-30,LinkedIn Ads,Lead Generation,Europe,23251,440,180,42,4437.96,20820.69,17,9,Mobile
CMP_SEO_01,SEO_Organic_Blog_Content,2025-06-30,SEO,Awareness,Europe,18955,1292,649,165,582.24,68610.75,139,26,Desktop
CMP_SEO_02,SEO_High_Intent_Landing,2025-06-30,SEO,Conversion,Asia-Pacific,39134,2913,845,278,1174.88,72430.26,222,13,Mobile
CMP_YT_02,YT_TrueView_Product_Demo,2025-06-30,YouTube Ads,Product Promotion,Europe,66286,821,279,40,1429.72,7736.71,21,20,Tablet
CMP_EM_02,EM_Abandoned_Cart_Nurture,2025-07-01,Email Marketing,Conversion,North America,15896,1898,523,245,1085.82,70374.71,184,28,Desktop
CMP_GGL_02,Google_NonBrand_Generic,2025-07-01,Google Ads,Lead Generation,North America,26950,1674,666,192,4481.09,45047.83,135,10,Tablet
CMP_IG_01,IG_Influencer_Promos,2025-07-01,Instagram Ads,Product Promotion,Middle East,52688,2166,824,194,4794.14,32213.53,109,30,Mobile
CMP_IG_02,IG_Stories_Conversion,2025-07-01,Instagram Ads,Conversion,Middle East,36320,1476,464,97,3396.48,23763.38,66,9,Mobile
CMP_SEO_01,SEO_Organic_Blog_Content,2025-07-01,SEO,Awareness,Latin America,64653,3337,1203,343,1833.3,131736.71,272,18,Desktop
CMP_DSP_01,DSP_Programmatic_Banner,2025-07-02,Display Ads,Awareness,Latin America,91299,933,240,18,2408.07,3087.51,8,14,Desktop
CMP_DSP_01,DSP_Programmatic_Banner,2025-07-02,Display Ads,Awareness,North America,94862,1025,273,36,2410.34,4621.86,17,28,Desktop
CMP_DSP_02,DSP_Dynamic_Retargeting,2025-07-02,Display Ads,Retargeting,Middle East,74179,975,393,27,3185.64,3169.41,14,29,Tablet
CMP_GGL_01,Google_Search_Brand,2025-07-02,Google Ads,Conversion,Europe,31275,1373,506,119,3530.3,37502.56,87,21,Mobile
CMP_IG_02,IG_Stories_Conversion,2025-07-02,Instagram Ads,Conversion,Europe,22376,864,407,43,2121.88,9550.95,27,23,Mobile
CMP_SEO_01,SEO_Organic_Blog_Content,2025-07-02,SEO,Awareness,Middle East,45458,3475,1873,496,749.18,198049.36,387,25,Tablet
CMP_YT_01,YT_Video_Awareness_V1,2025-07-02,YouTube Ads,Awareness,Middle East,36187,667,282,34,1493.77,5663.84,20,9,Mobile
CMP_YT_02,YT_TrueView_Product_Demo,2025-07-02,YouTube Ads,Product Promotion,Latin America,77807,1921,501,77,3452.62,18075.02,43,29,Desktop
CMP_DSP_01,DSP_Programmatic_Banner,2025-07-03,Display Ads,Awareness,Middle East,37125,418,186,15,1160.47,2178.83,5,28,Desktop
CMP_EM_01,EM_Weekly_Newsletter,2025-07-03,Email Marketing,Product Promotion,North America,13201,1445,494,267,675.33,58215.98,235,7,Tablet
CMP_FB_01,FB_Retargeting_Q1,2025-07-03,Facebook Ads,Retargeting,Middle East,32904,1189,586,95,3793.11,19599.66,55,7,Tablet
CMP_FB_01,FB_Retargeting_Q1,2025-07-03,Facebook Ads,Retargeting,Latin America,37105,1051,550,103,2040.61,19419.7,60,13,Tablet
CMP_IG_01,IG_Influencer_Promos,2025-07-03,Instagram Ads,Product Promotion,Latin America,25006,819,212,46,1870.87,9296.86,26,29,Desktop
CMP_YT_02,YT_TrueView_Product_Demo,2025-07-03,YouTube Ads,Product Promotion,Middle East,65377,1505,483,97,3252.82,21751.4,54,10,Desktop
CMP_DSP_02,DSP_Dynamic_Retargeting,2025-07-04,Display Ads,Retargeting,Middle East,71773,1109,508,20,2190.57,2505.28,10,29,Tablet
CMP_DSP_02,DSP_Dynamic_Retargeting,2025-07-04,Display Ads,Retargeting,Middle East,98925,820,337,31,1701.73,5010.75,13,9,Mobile
CMP_EM_02,EM_Abandoned_Cart_Nurture,2025-07-04,Email Marketing,Conversion,North America,12459,1611,794,231,1048.14,83466.41,206,19,Desktop
CMP_EM_02,EM_Abandoned_Cart_Nurture,2025-07-04,Email Marketing,Conversion,North America,28510,4120,1908,584,1790.93,127420.03,469,24,Desktop
CMP_IG_01,IG_Influencer_Promos,2025-07-04,Instagram Ads,Product Promotion,North America,46523,2044,852,143,6344.32,35609.65,98,23,Mobile
CMP_IG_01,IG_Influencer_Promos,2025-07-04,Instagram Ads,Product Promotion,Latin America,42631,2135,1173,172,5845.2,29002.91,96,18,Desktop
CMP_YT_01,YT_Video_Awareness_V1,2025-07-04,YouTube Ads,Awareness,Asia-Pacific,49295,910,439,37,2264.5,6980.64,22,20,Desktop
CMP_DSP_01,DSP_Programmatic_Banner,2025-07-05,Display Ads,Awareness,Latin America,39734,446,198,7,1170.27,957.07,3,17,Desktop
CMP_DSP_01,DSP_Programmatic_Banner,2025-07-05,Display Ads,Awareness,Europe,24528,229,77,7,555.64,1215.84,2,19,Tablet
CMP_DSP_02,DSP_Dynamic_Retargeting,2025-07-05,Display Ads,Retargeting,Middle East,61796,901,274,26,1766.24,3211.05,9,13,Desktop
CMP_DSP_02,DSP_Dynamic_Retargeting,2025-07-05,Display Ads,Retargeting,Asia-Pacific,66018,689,252,19,1875.92,3291.18,7,30,Mobile
CMP_DSP_02,DSP_Dynamic_Retargeting,2025-07-05,Display Ads,Retargeting,Asia-Pacific,62304,324,109,7,706.18,1053.43,3,12,Mobile
CMP_GGL_02,Google_NonBrand_Generic,2025-07-05,Google Ads,Lead Generation,North America,42531,2208,964,236,8913.31,64903.44,188,19,Tablet
CMP_IG_01,IG_Influencer_Promos,2025-07-05,Instagram Ads,Product Promotion,North America,23292,1120,376,65,2190.33,16848.11,43,14,Desktop
CMP_LI_01,LI_B2B_Executive_Leads,2025-07-05,LinkedIn Ads,Lead Generation,Asia-Pacific,24181,485,220,46,4983.32,25745.89,21,20,Mobile
CMP_EM_02,EM_Abandoned_Cart_Nurture,2025-07-06,Email Marketing,Conversion,Latin America,23461,3190,824,440,1337.62,96666.65,365,9,Desktop
CMP_FB_01,FB_Retargeting_Q1,2025-07-06,Facebook Ads,Retargeting,Europe,51131,2440,968,195,6023.85,51019.07,134,12,Mobile
CMP_FB_01,FB_Retargeting_Q1,2025-07-06,Facebook Ads,Retargeting,North America,48637,1355,538,117,2731.78,24054.41,67,8,Desktop
CMP_FB_02,FB_Lookalike_Prospecting,2025-07-06,Facebook Ads,Awareness,Middle East,19886,849,324,75,1823.7,13675.75,45,30,Desktop
CMP_FB_02,FB_Lookalike_Prospecting,2025-07-06,Facebook Ads,Awareness,Europe,28124,1121,373,74,3569.4,19522.01,51,17,Desktop
CMP_IG_01,IG_Influencer_Promos,2025-07-06,Instagram Ads,Product Promotion,Middle East,24769,893,301,73,2861.31,16685.85,46,9,Desktop
CMP_LI_01,LI_B2B_Executive_Leads,2025-07-06,LinkedIn Ads,Lead Generation,Latin America,19891,430,171,45,4229.95,29924.88,22,14,Mobile
CMP_SEO_01,SEO_Organic_Blog_Content,2025-07-06,SEO,Awareness,Asia-Pacific,43266,2371,1274,368,1327.81,112028.88,265,15,Tablet
CMP_SEO_02,SEO_High_Intent_Landing,2025-07-06,SEO,Conversion,Asia-Pacific,35262,1856,1005,266,707.22,82573.18,211,30,Tablet
CMP_YT_02,YT_TrueView_Product_Demo,2025-07-06,YouTube Ads,Product Promotion,Latin America,31257,778,367,32,1782.1,5589.47,14,15,Desktop
CMP_DSP_01,DSP_Programmatic_Banner,2025-07-07,Display Ads,Awareness,Europe,54801,751,404,19,1826.38,2278.01,8,24,Tablet
CMP_EM_01,EM_Weekly_Newsletter,2025-07-07,Email Marketing,Product Promotion,Latin America,26359,3404,1780,737,2621.11,179687.79,614,21,Tablet
CMP_EM_02,EM_Abandoned_Cart_Nurture,2025-07-07,Email Marketing,Conversion,Europe,20645,2538,958,370,2001.76,103389.7,280,17,Mobile
CMP_FB_02,FB_Lookalike_Prospecting,2025-07-07,Facebook Ads,Awareness,Europe,17965,629,252,43,1553.3,10118.86,24,18,Mobile
CMP_DSP_01,DSP_Programmatic_Banner,2025-07-08,Display Ads,Awareness,Latin America,39954,683,263,24,1890.54,3507.07,8,17,Desktop
CMP_EM_01,EM_Weekly_Newsletter,2025-07-08,Email Marketing,Product Promotion,Asia-Pacific,20536,2820,996,423,2098.24,122504.45,328,30,Tablet
CMP_EM_02,EM_Abandoned_Cart_Nurture,2025-07-08,Email Marketing,Conversion,Asia-Pacific,27189,2409,1165,406,1250.75,137006.79,287,23,Mobile
CMP_GGL_01,Google_Search_Brand,2025-07-08,Google Ads,Conversion,Latin America,44987,2093,726,276,5947.53,81341.89,172,19,Mobile
CMP_IG_02,IG_Stories_Conversion,2025-07-08,Instagram Ads,Conversion,Asia-Pacific,32162,1318,533,124,3158.93,20966.68,78,26,Desktop
CMP_LI_01,LI_B2B_Executive_Leads,2025-07-08,LinkedIn Ads,Lead Generation,Middle East,10147,336,133,30,2360.03,18038.16,13,14,Mobile
CMP_LI_02,LI_Whitepaper_Downloads,2025-07-08,LinkedIn Ads,Lead Generation,Europe,20606,605,224,68,5940.04,50778.9,39,19,Desktop
CMP_EM_01,EM_Weekly_Newsletter,2025-07-09,Email Marketing,Product Promotion,Asia-Pacific,15093,1725,605,253,1336.68,84587.23,190,27,Desktop
CMP_GGL_01,Google_Search_Brand,2025-07-09,Google Ads,Conversion,Europe,30356,1365,695,189,5622.93,43923.71,121,10,Mobile
CMP_GGL_01,Google_Search_Brand,2025-07-09,Google Ads,Conversion,Middle East,44722,2140,1051,233,9366.44,74543.06,160,29,Mobile
CMP_GGL_01,Google_Search_Brand,2025-07-09,Google Ads,Conversion,Asia-Pacific,44492,2058,557,205,7360.83,58257.38,123,11,Desktop
CMP_IG_01,IG_Influencer_Promos,2025-07-09,Instagram Ads,Product Promotion,North America,47600,2265,1121,225,6432.27,50714.47,112,21,Desktop
CMP_SEO_02,SEO_High_Intent_Landing,2025-07-09,SEO,Conversion,Asia-Pacific,65910,5118,1355,777,2244.19,214800.55,622,17,Desktop
CMP_EM_01,EM_Weekly_Newsletter,2025-07-10,Email Marketing,Product Promotion,Middle East,11845,1252,456,223,847.7,84428.23,196,24,Mobile
CMP_EM_02,EM_Abandoned_Cart_Nurture,2025-07-10,Email Marketing,Conversion,Asia-Pacific,23820,3192,1619,447,2504.56,101292.46,373,10,Tablet
CMP_FB_02,FB_Lookalike_Prospecting,2025-07-10,Facebook Ads,Awareness,Latin America,24656,1101,437,93,2199.36,21855.97,67,12,Tablet
CMP_GGL_02,Google_NonBrand_Generic,2025-07-10,Google Ads,Lead Generation,Middle East,20334,1016,272,101,3933.84,34951.53,79,14,Desktop
CMP_GGL_02,Google_NonBrand_Generic,2025-07-10,Google Ads,Lead Generation,Europe,25210,937,266,111,2785.55,36336.55,94,25,Mobile
CMP_IG_01,IG_Influencer_Promos,2025-07-10,Instagram Ads,Product Promotion,Europe,19382,926,506,86,2514.23,18433.58,52,18,Desktop
CMP_LI_01,LI_B2B_Executive_Leads,2025-07-10,LinkedIn Ads,Lead Generation,North America,9645,318,120,26,3003.18,15872.29,14,22,Tablet
CMP_LI_02,LI_Whitepaper_Downloads,2025-07-10,LinkedIn Ads,Lead Generation,Latin America,15189,312,90,34,2638.93,16301.82,20,16,Mobile
CMP_SEO_01,SEO_Organic_Blog_Content,2025-07-10,SEO,Awareness,Europe,34797,2566,1396,384,699.72,111636.46,284,19,Mobile
CMP_YT_01,YT_Video_Awareness_V1,2025-07-10,YouTube Ads,Awareness,Asia-Pacific,34274,491,211,30,1026.45,7355.99,15,12,Tablet
CMP_DSP_02,DSP_Dynamic_Retargeting,2025-07-11,Display Ads,Retargeting,Asia-Pacific,57598,774,275,27,2849.79,4509.78,10,28,Mobile
CMP_FB_02,FB_Lookalike_Prospecting,2025-07-11,Facebook Ads,Awareness,Asia-Pacific,55582,1956,543,162,4272.14,35258.29,89,9,Tablet
CMP_FB_02,FB_Lookalike_Prospecting,2025-07-11,Facebook Ads,Awareness,Asia-Pacific,40925,1622,618,123,3361.03,34143.09,85,28,Desktop
CMP_FB_02,FB_Lookalike_Prospecting,2025-07-11,Facebook Ads,Awareness,North America,51558,2499,658,174,6955.82,40178.73,113,17,Mobile
CMP_FB_02,FB_Lookalike_Prospecting,2025-07-11,Facebook Ads,Awareness,Latin America,37022,1037,548,104,1722.78,27149.82,61,18,Tablet
CMP_SEO_02,SEO_High_Intent_Landing,2025-07-11,SEO,Conversion,Europe,34565,2479,1120,225,679.76,88088.6,177,22,Desktop
CMP_YT_01,YT_Video_Awareness_V1,2025-07-11,YouTube Ads,Awareness,Asia-Pacific,73261,1759,544,116,2189.06,21866.35,53,25,Mobile
CMP_YT_02,YT_TrueView_Product_Demo,2025-07-11,YouTube Ads,Product Promotion,Middle East,83976,1552,390,93,2454.25,17601.73,49,24,Tablet
CMP_YT_02,YT_TrueView_Product_Demo,2025-07-11,YouTube Ads,Product Promotion,Asia-Pacific,37380,749,219,26,1431.28,6448.34,11,8,Desktop
CMP_DSP_01,DSP_Programmatic_Banner,2025-07-12,Display Ads,Awareness,Asia-Pacific,77746,550,138,14,1296.5,2636.35,7,10,Mobile
CMP_DSP_02,DSP_Dynamic_Retargeting,2025-07-12,Display Ads,Retargeting,Asia-Pacific,48342,485,158,7,1275.51,878.81,3,8,Tablet
CMP_EM_01,EM_Weekly_Newsletter,2025-07-12,Email Marketing,Product Promotion,Europe,28471,3890,1249,637,1488.97,174509.05,532,12,Tablet
CMP_GGL_01,Google_Search_Brand,2025-07-12,Google Ads,Conversion,North America,30153,1149,630,108,4090.01,30668.09,66,30,Tablet
CMP_IG_02,IG_Stories_Conversion,2025-07-12,Instagram Ads,Conversion,Middle East,39051,1365,688,98,4339.39,17137.38,65,18,Desktop
CMP_LI_02,LI_Whitepaper_Downloads,2025-07-12,LinkedIn Ads,Lead Generation,Middle East,13325,295,98,37,2437.3,16652.17,15,30,Desktop
CMP_YT_02,YT_TrueView_Product_Demo,2025-07-12,YouTube Ads,Product Promotion,Europe,46004,932,487,60,1434.23,11295.0,38,18,Desktop
CMP_YT_02,YT_TrueView_Product_Demo,2025-07-12,YouTube Ads,Product Promotion,Asia-Pacific,41514,551,138,28,877.63,5946.1,15,21,Mobile
CMP_DSP_02,DSP_Dynamic_Retargeting,2025-07-13,Display Ads,Retargeting,Europe,61560,772,359,13,2326.03,2211.43,5,24,Mobile
CMP_EM_02,EM_Abandoned_Cart_Nurture,2025-07-13,Email Marketing,Conversion,Middle East,17650,1569,860,337,1042.47,124948.03,262,29,Desktop
CMP_FB_02,FB_Lookalike_Prospecting,2025-07-13,Facebook Ads,Awareness,Asia-Pacific,33026,1191,608,109,2194.58,21873.92,67,28,Mobile
CMP_GGL_01,Google_Search_Brand,2025-07-13,Google Ads,Conversion,Europe,18554,899,483,84,3908.5,19057.2,67,29,Desktop
CMP_GGL_01,Google_Search_Brand,2025-07-13,Google Ads,Conversion,North America,37972,1955,695,170,5339.43,51005.94,140,20,Mobile
CMP_GGL_02,Google_NonBrand_Generic,2025-07-13,Google Ads,Lead Generation,North America,20103,1016,429,136,3334.04,30393.63,103,18,Desktop
CMP_LI_02,LI_Whitepaper_Downloads,2025-07-13,LinkedIn Ads,Lead Generation,Latin America,6212,170,80,17,1738.84,9885.62,7,27,Desktop
CMP_LI_02,LI_Whitepaper_Downloads,2025-07-13,LinkedIn Ads,Lead Generation,North America,23281,701,253,72,7404.73,38806.83,34,21,Desktop
CMP_LI_02,LI_Whitepaper_Downloads,2025-07-13,LinkedIn Ads,Lead Generation,North America,17407,592,252,45,5868.89,27357.42,27,14,Desktop
CMP_SEO_01,SEO_Organic_Blog_Content,2025-07-13,SEO,Awareness,Middle East,63223,3163,1391,463,1161.41,190735.02,393,21,Tablet
CMP_SEO_01,SEO_Organic_Blog_Content,2025-07-13,SEO,Awareness,Latin America,65231,5160,1830,474,1693.48,122135.64,387,18,Tablet
CMP_SEO_01,SEO_Organic_Blog_Content,2025-07-13,SEO,Awareness,Middle East,26062,1565,839,223,656.61,84038.81,175,19,Desktop
CMP_SEO_02,SEO_High_Intent_Landing,2025-07-13,SEO,Conversion,Europe,54375,3604,1493,555,943.27,195662.15,466,25,Mobile
CMP_SEO_02,SEO_High_Intent_Landing,2025-07-13,SEO,Conversion,Latin America,58371,4376,1610,657,1107.99,177500.14,557,28,Mobile
CMP_YT_02,YT_TrueView_Product_Demo,2025-07-13,YouTube Ads,Product Promotion,North America,59051,807,207,29,1243.67,6430.88,15,9,Desktop
CMP_DSP_01,DSP_Programmatic_Banner,2025-07-14,Display Ads,Awareness,Middle East,62600,460,211,16,1023.15,2195.63,8,18,Tablet
CMP_FB_01,FB_Retargeting_Q1,2025-07-14,Facebook Ads,Retargeting,Asia-Pacific,25110,1092,390,71,2225.88,12816.89,43,27,Desktop
CMP_GGL_01,Google_Search_Brand,2025-07-14,Google Ads,Conversion,Asia-Pacific,28996,1669,705,142,5043.06,46243.66,106,23,Mobile
CMP_GGL_02,Google_NonBrand_Generic,2025-07-14,Google Ads,Lead Generation,Middle East,39665,1989,547,162,6011.83,36938.44,99,27,Mobile
CMP_IG_01,IG_Influencer_Promos,2025-07-14,Instagram Ads,Product Promotion,Europe,30561,1203,356,64,3404.78,11114.6,38,18,Mobile
CMP_IG_01,IG_Influencer_Promos,2025-07-14,Instagram Ads,Product Promotion,Asia-Pacific,44722,1957,914,130,6661.41,30723.69,77,14,Desktop
CMP_LI_01,LI_B2B_Executive_Leads,2025-07-14,LinkedIn Ads,Lead Generation,Asia-Pacific,14736,453,113,36,4724.22,20782.04,20,16,Tablet
CMP_SEO_01,SEO_Organic_Blog_Content,2025-07-14,SEO,Awareness,Middle East,17246,698,308,97,404.63,26832.22,63,23,Desktop
CMP_SEO_02,SEO_High_Intent_Landing,2025-07-14,SEO,Conversion,Latin America,16131,683,197,101,342.53,37308.84,76,9,Tablet
CMP_YT_01,YT_Video_Awareness_V1,2025-07-14,YouTube Ads,Awareness,Asia-Pacific,87957,911,446,36,2200.83,7911.29,19,22,Desktop
CMP_DSP_01,DSP_Programmatic_Banner,2025-07-15,Display Ads,Awareness,Asia-Pacific,34201,471,203,14,1291.93,2596.35,5,18,Tablet
CMP_FB_01,FB_Retargeting_Q1,2025-07-15,Facebook Ads,Retargeting,North America,25009,814,323,79,2083.43,19442.54,51,17,Desktop
CMP_GGL_02,Google_NonBrand_Generic,2025-07-15,Google Ads,Lead Generation,Europe,35000,1450,436,128,5002.18,34805.29,99,10,Mobile
CMP_SEO_01,SEO_Organic_Blog_Content,2025-07-15,SEO,Awareness,Middle East,40369,2344,713,306,1385.59,97016.87,201,14,Tablet
CMP_YT_02,YT_TrueView_Product_Demo,2025-07-15,YouTube Ads,Product Promotion,North America,53779,1064,380,54,1337.79,12969.04,26,9,Mobile
CMP_EM_02,EM_Abandoned_Cart_Nurture,2025-07-16,Email Marketing,Conversion,Asia-Pacific,9213,1127,465,224,379.45,65318.18,172,15,Mobile
CMP_FB_01,FB_Retargeting_Q1,2025-07-16,Facebook Ads,Retargeting,Asia-Pacific,40209,1451,650,114,2730.15,28043.15,74,19,Tablet
CMP_FB_01,FB_Retargeting_Q1,2025-07-16,Facebook Ads,Retargeting,Middle East,63425,3006,1180,302,6807.23,74045.49,185,24,Tablet
CMP_FB_01,FB_Retargeting_Q1,2025-07-16,Facebook Ads,Retargeting,North America,55236,2287,692,247,4544.26,45879.34,174,18,Tablet
CMP_LI_02,LI_Whitepaper_Downloads,2025-07-16,LinkedIn Ads,Lead Generation,Europe,7109,115,41,8,834.03,5399.84,4,20,Tablet
CMP_LI_02,LI_Whitepaper_Downloads,2025-07-16,LinkedIn Ads,Lead Generation,Latin America,6158,160,59,18,1691.16,10364.59,8,12,Mobile
CMP_SEO_01,SEO_Organic_Blog_Content,2025-07-16,SEO,Awareness,Middle East,66806,5313,2024,664,2601.59,275981.62,438,11,Mobile
CMP_YT_01,YT_Video_Awareness_V1,2025-07-16,YouTube Ads,Awareness,Asia-Pacific,40545,637,317,26,1061.65,5718.13,11,18,Desktop
CMP_DSP_02,DSP_Dynamic_Retargeting,2025-07-17,Display Ads,Retargeting,Asia-Pacific,80812,842,213,13,2231.02,1905.37,6,10,Mobile
CMP_IG_01,IG_Influencer_Promos,2025-07-17,Instagram Ads,Product Promotion,Middle East,39080,1268,613,118,2751.39,23176.08,78,12,Mobile
CMP_LI_01,LI_B2B_Executive_Leads,2025-07-17,LinkedIn Ads,Lead Generation,Latin America,14952,367,127,40,3132.56,19900.38,25,19,Mobile
CMP_LI_02,LI_Whitepaper_Downloads,2025-07-17,LinkedIn Ads,Lead Generation,North America,19442,411,111,30,2481.15,19674.35,12,29,Desktop
CMP_LI_02,LI_Whitepaper_Downloads,2025-07-17,LinkedIn Ads,Lead Generation,Latin America,7612,192,102,21,1675.6,10570.25,11,26,Desktop
CMP_YT_01,YT_Video_Awareness_V1,2025-07-17,YouTube Ads,Awareness,Asia-Pacific,53782,724,268,31,1014.49,5957.28,14,18,Mobile
CMP_DSP_02,DSP_Dynamic_Retargeting,2025-07-18,Display Ads,Retargeting,Asia-Pacific,70014,567,202,15,2053.02,1873.75,5,9,Desktop
CMP_EM_01,EM_Weekly_Newsletter,2025-07-18,Email Marketing,Product Promotion,North America,21354,3148,1191,559,1840.63,176611.89,435,8,Mobile
CMP_EM_02,EM_Abandoned_Cart_Nurture,2025-07-18,Email Marketing,Conversion,North America,28121,2320,710,340,1590.78,78081.06,245,21,Desktop
CMP_FB_01,FB_Retargeting_Q1,2025-07-18,Facebook Ads,Retargeting,Middle East,18129,588,273,59,1654.1,10971.05,42,27,Desktop
CMP_FB_01,FB_Retargeting_Q1,2025-07-18,Facebook Ads,Retargeting,Europe,57412,2515,1237,166,6568.95,38028.03,105,16,Desktop
CMP_IG_01,IG_Influencer_Promos,2025-07-18,Instagram Ads,Product Promotion,Europe,21878,819,376,44,1945.85,9860.2,29,25,Tablet
CMP_IG_02,IG_Stories_Conversion,2025-07-18,Instagram Ads,Conversion,Asia-Pacific,22369,1172,557,94,3925.02,19448.34,59,21,Tablet
CMP_SEO_01,SEO_Organic_Blog_Content,2025-07-18,SEO,Awareness,North America,18230,867,260,131,325.84,49979.79,92,27,Tablet
CMP_SEO_02,SEO_High_Intent_Landing,2025-07-18,SEO,Conversion,Middle East,34182,1837,596,241,664.64,97563.27,170,23,Tablet
CMP_SEO_02,SEO_High_Intent_Landing,2025-07-18,SEO,Conversion,Middle East,26864,1323,671,189,395.44,51064.3,132,21,Desktop
CMP_SEO_02,SEO_High_Intent_Landing,2025-07-18,SEO,Conversion,North America,64844,5155,2404,722,1762.55,300511.4,612,11,Tablet
CMP_YT_01,YT_Video_Awareness_V1,2025-07-18,YouTube Ads,Awareness,Middle East,74839,1763,695,60,3346.01,12532.86,38,7,Tablet
CMP_YT_02,YT_TrueView_Product_Demo,2025-07-18,YouTube Ads,Product Promotion,Asia-Pacific,38339,501,128,23,1091.46,4488.13,13,24,Desktop
CMP_YT_02,YT_TrueView_Product_Demo,2025-07-18,YouTube Ads,Product Promotion,North America,81708,1680,667,52,3798.06,10220.21,24,9,Mobile
CMP_FB_01,FB_Retargeting_Q1,2025-07-19,Facebook Ads,Retargeting,Middle East,21795,593,161,39,1016.78,7784.88,27,25,Tablet
CMP_GGL_01,Google_Search_Brand,2025-07-19,Google Ads,Conversion,Middle East,44694,1847,686,241,7891.55,76896.25,168,18,Tablet
CMP_IG_02,IG_Stories_Conversion,2025-07-19,Instagram Ads,Conversion,North America,16228,762,415,56,1733.58,14531.85,31,7,Tablet
CMP_LI_01,LI_B2B_Executive_Leads,2025-07-19,LinkedIn Ads,Lead Generation,Latin America,19104,288,99,31,2251.93,18392.53,14,8,Tablet
CMP_LI_02,LI_Whitepaper_Downloads,2025-07-19,LinkedIn Ads,Lead Generation,Europe,16344,245,116,29,2315.41,17566.2,14,11,Mobile
CMP_SEO_01,SEO_Organic_Blog_Content,2025-07-19,SEO,Awareness,Europe,28427,1955,784,199,1037.58,74436.22,140,21,Mobile
CMP_YT_02,YT_TrueView_Product_Demo,2025-07-19,YouTube Ads,Product Promotion,North America,47255,1104,318,42,1679.39,9541.98,25,10,Desktop
CMP_EM_02,EM_Abandoned_Cart_Nurture,2025-07-20,Email Marketing,Conversion,North America,24232,2174,1007,348,1717.91,99004.04,264,16,Desktop
CMP_EM_02,EM_Abandoned_Cart_Nurture,2025-07-20,Email Marketing,Conversion,Latin America,13446,1796,453,359,1006.51,71920.66,272,16,Mobile
CMP_GGL_01,Google_Search_Brand,2025-07-20,Google Ads,Conversion,Latin America,19526,1078,464,126,4651.52,32368.22,81,28,Desktop
CMP_GGL_01,Google_Search_Brand,2025-07-20,Google Ads,Conversion,Middle East,49327,1860,927,202,5237.51,69420.57,151,29,Mobile
CMP_GGL_01,Google_Search_Brand,2025-07-20,Google Ads,Conversion,North America,39727,1841,922,188,5722.19,61991.2,152,17,Desktop
CMP_GGL_01,Google_Search_Brand,2025-07-20,Google Ads,Conversion,Latin America,43805,2315,950,319,8620.81,71793.69,223,17,Tablet
CMP_SEO_01,SEO_Organic_Blog_Content,2025-07-20,SEO,Awareness,Asia-Pacific,64857,4240,1389,476,1789.76,138345.37,346,14,Desktop
CMP_YT_01,YT_Video_Awareness_V1,2025-07-20,YouTube Ads,Awareness,Middle East,64650,1336,691,92,2981.62,15486.44,51,11,Tablet
CMP_EM_02,EM_Abandoned_Cart_Nurture,2025-07-21,Email Marketing,Conversion,North America,13150,1359,540,184,413.17,48323.73,129,19,Desktop
CMP_FB_01,FB_Retargeting_Q1,2025-07-21,Facebook Ads,Retargeting,North America,43831,1716,475,150,5235.53,41281.93,101,18,Tablet
CMP_GGL_02,Google_NonBrand_Generic,2025-07-21,Google Ads,Lead Generation,Latin America,43695,2538,671,234,7540.99,78570.54,158,11,Desktop
CMP_IG_01,IG_Influencer_Promos,2025-07-21,Instagram Ads,Product Promotion,Middle East,28011,1448,394,77,3184.15,15145.83,41,9,Tablet
CMP_SEO_01,SEO_Organic_Blog_Content,2025-07-21,SEO,Awareness,Asia-Pacific,51522,3322,1038,385,1906.11,113461.61,273,25,Desktop
CMP_SEO_01,SEO_Organic_Blog_Content,2025-07-21,SEO,Awareness,Middle East,43121,1947,788,308,884.93,86095.84,255,25,Tablet
CMP_YT_02,YT_TrueView_Product_Demo,2025-07-21,YouTube Ads,Product Promotion,Europe,43119,555,225,37,1105.11,6831.84,21,9,Tablet
CMP_DSP_02,DSP_Dynamic_Retargeting,2025-07-22,Display Ads,Retargeting,Latin America,26790,472,128,17,1511.16,2548.92,8,16,Tablet
CMP_EM_01,EM_Weekly_Newsletter,2025-07-22,Email Marketing,Product Promotion,Asia-Pacific,11002,1505,821,285,810.56,94136.04,240,14,Mobile
CMP_EM_02,EM_Abandoned_Cart_Nurture,2025-07-22,Email Marketing,Conversion,Latin America,20584,2352,1238,420,1459.47,114904.34,297,18,Mobile
CMP_FB_02,FB_Lookalike_Prospecting,2025-07-22,Facebook Ads,Awareness,Europe,30012,825,441,79,1759.76,15232.06,50,29,Desktop
CMP_GGL_02,Google_NonBrand_Generic,2025-07-22,Google Ads,Lead Generation,Middle East,37961,1525,397,139,4467.38,35636.97,114,19,Mobile
CMP_IG_01,IG_Influencer_Promos,2025-07-22,Instagram Ads,Product Promotion,Europe,36645,1664,534,98,4674.77,17300.31,58,21,Desktop
CMP_LI_01,LI_B2B_Executive_Leads,2025-07-22,LinkedIn Ads,Lead Generation,Latin America,10538,197,85,20,2085.03,14351.94,10,17,Desktop
CMP_FB_02,FB_Lookalike_Prospecting,2025-07-23,Facebook Ads,Awareness,Latin America,43731,1131,616,85,3115.92,23381.42,53,12,Mobile
CMP_FB_02,FB_Lookalike_Prospecting,2025-07-23,Facebook Ads,Awareness,North America,15742,455,144,39,1009.98,10407.99,28,24,Desktop
CMP_FB_02,FB_Lookalike_Prospecting,2025-07-23,Facebook Ads,Awareness,North America,33073,913,488,76,1736.28,16075.94,54,22,Mobile
CMP_GGL_01,Google_Search_Brand,2025-07-23,Google Ads,Conversion,Europe,41283,1962,517,224,5904.22,76222.79,159,28,Mobile
CMP_GGL_02,Google_NonBrand_Generic,2025-07-23,Google Ads,Lead Generation,Latin America,45591,2077,647,188,6154.62,47528.03,155,15,Tablet
CMP_IG_02,IG_Stories_Conversion,2025-07-23,Instagram Ads,Conversion,Asia-Pacific,48775,1744,945,112,5986.25,26417.25,76,14,Tablet
CMP_LI_02,LI_Whitepaper_Downloads,2025-07-23,LinkedIn Ads,Lead Generation,Europe,7516,124,64,10,1325.79,6615.77,6,10,Tablet
CMP_SEO_01,SEO_Organic_Blog_Content,2025-07-23,SEO,Awareness,North America,42749,1747,667,177,555.44,50065.48,146,30,Desktop
CMP_YT_01,YT_Video_Awareness_V1,2025-07-23,YouTube Ads,Awareness,Asia-Pacific,74809,1754,651,58,2919.47,12093.86,26,24,Mobile
CMP_EM_01,EM_Weekly_Newsletter,2025-07-24,Email Marketing,Product Promotion,Asia-Pacific,19666,2775,1389,333,1951.2,118780.26,259,8,Tablet
CMP_EM_02,EM_Abandoned_Cart_Nurture,2025-07-24,Email Marketing,Conversion,Asia-Pacific,12327,1268,440,213,899.55,46041.95,189,14,Desktop
CMP_IG_02,IG_Stories_Conversion,2025-07-24,Instagram Ads,Conversion,Europe,42679,2246,924,149,6717.06,24485.38,94,10,Mobile
CMP_YT_01,YT_Video_Awareness_V1,2025-07-24,YouTube Ads,Awareness,North America,80076,1854,714,66,3454.05,12225.04,39,15,Desktop
CMP_YT_01,YT_Video_Awareness_V1,2025-07-24,YouTube Ads,Awareness,Asia-Pacific,47219,1161,569,57,2142.12,13818.57,31,19,Mobile
CMP_EM_02,EM_Abandoned_Cart_Nurture,2025-07-25,Email Marketing,Conversion,Middle East,19226,1901,662,348,1488.87,88957.05,270,14,Mobile
CMP_FB_02,FB_Lookalike_Prospecting,2025-07-25,Facebook Ads,Awareness,Latin America,35334,1542,630,152,2893.83,28520.97,102,19,Tablet
CMP_IG_01,IG_Influencer_Promos,2025-07-25,Instagram Ads,Product Promotion,North America,21581,877,299,47,2497.69,7759.49,27,13,Desktop
CMP_IG_02,IG_Stories_Conversion,2025-07-25,Instagram Ads,Conversion,Asia-Pacific,30463,1247,420,89,3227.26,20029.68,56,21,Desktop
CMP_LI_01,LI_B2B_Executive_Leads,2025-07-25,LinkedIn Ads,Lead Generation,North America,11756,227,103,18,2067.63,10415.48,7,9,Mobile
CMP_SEO_02,SEO_High_Intent_Landing,2025-07-25,SEO,Conversion,North America,16949,953,284,141,269.1,53528.0,102,21,Tablet
CMP_YT_01,YT_Video_Awareness_V1,2025-07-25,YouTube Ads,Awareness,Asia-Pacific,41276,536,256,19,1215.62,3399.22,11,8,Tablet
CMP_DSP_01,DSP_Programmatic_Banner,2025-07-26,Display Ads,Awareness,Europe,60071,361,121,5,802.64,729.13,2,20,Mobile
CMP_EM_02,EM_Abandoned_Cart_Nurture,2025-07-26,Email Marketing,Conversion,North America,29942,2524,761,495,1000.69,112143.49,372,28,Tablet
CMP_FB_01,FB_Retargeting_Q1,2025-07-26,Facebook Ads,Retargeting,Europe,38699,1359,357,107,2098.31,19345.55,59,27,Mobile
CMP_FB_02,FB_Lookalike_Prospecting,2025-07-26,Facebook Ads,Awareness,Middle East,59809,2500,1133,152,4425.46,30793.53,111,21,Tablet
CMP_IG_02,IG_Stories_Conversion,2025-07-26,Instagram Ads,Conversion,Latin America,17151,785,283,52,2162.09,9399.27,36,25,Mobile
CMP_LI_01,LI_B2B_Executive_Leads,2025-07-26,LinkedIn Ads,Lead Generation,Middle East,24895,433,198,40,3479.33,29712.21,21,12,Mobile
CMP_SEO_02,SEO_High_Intent_Landing,2025-07-26,SEO,Conversion,North America,42968,2127,755,327,1040.21,84519.51,275,26,Tablet
CMP_SEO_02,SEO_High_Intent_Landing,2025-07-26,SEO,Conversion,North America,65075,3980,2143,607,2107.62,252307.14,442,30,Desktop
CMP_YT_01,YT_Video_Awareness_V1,2025-07-26,YouTube Ads,Awareness,North America,39045,685,276,41,1173.81,6386.81,20,26,Tablet
CMP_YT_01,YT_Video_Awareness_V1,2025-07-26,YouTube Ads,Awareness,Europe,37795,408,217,19,998.22,3486.96,11,12,Desktop
CMP_YT_02,YT_TrueView_Product_Demo,2025-07-26,YouTube Ads,Product Promotion,Asia-Pacific,45440,1080,292,60,1885.92,10614.29,27,8,Desktop
CMP_DSP_01,DSP_Programmatic_Banner,2025-07-27,Display Ads,Awareness,Asia-Pacific,31046,170,93,5,419.73,846.02,1,16,Tablet
CMP_DSP_01,DSP_Programmatic_Banner,2025-07-27,Display Ads,Awareness,Europe,66310,1020,315,28,1964.29,3140.87,11,13,Desktop
CMP_DSP_02,DSP_Dynamic_Retargeting,2025-07-27,Display Ads,Retargeting,Latin America,40815,517,229,18,1510.87,2098.09,6,15,Mobile
CMP_EM_02,EM_Abandoned_Cart_Nurture,2025-07-27,Email Marketing,Conversion,Middle East,16751,1773,586,341,945.81,124432.53,277,30,Mobile
CMP_GGL_01,Google_Search_Brand,2025-07-27,Google Ads,Conversion,North America,28887,1322,416,112,4213.95,26692.69,68,8,Tablet
CMP_IG_01,IG_Influencer_Promos,2025-07-27,Instagram Ads,Product Promotion,Asia-Pacific,47518,2183,681,129,7460.7,20849.24,72,13,Desktop
CMP_IG_02,IG_Stories_Conversion,2025-07-27,Instagram Ads,Conversion,Asia-Pacific,51180,1674,870,161,3407.9,39615.25,99,13,Desktop
CMP_IG_02,IG_Stories_Conversion,2025-07-27,Instagram Ads,Conversion,Europe,30225,1019,452,66,3248.05,16158.3,36,22,Tablet
CMP_LI_01,LI_B2B_Executive_Leads,2025-07-27,LinkedIn Ads,Lead Generation,Europe,21086,439,225,44,4569.3,26744.95,19,24,Desktop
CMP_SEO_01,SEO_Organic_Blog_Content,2025-07-27,SEO,Awareness,Asia-Pacific,36633,2034,810,216,506.92,86354.24,171,20,Tablet
CMP_SEO_02,SEO_High_Intent_Landing,2025-07-27,SEO,Conversion,Latin America,57990,2329,1037,313,684.08,93027.28,242,16,Mobile
CMP_YT_01,YT_Video_Awareness_V1,2025-07-27,YouTube Ads,Awareness,North America,86041,1733,951,61,3912.04,11516.85,37,11,Tablet
CMP_YT_02,YT_TrueView_Product_Demo,2025-07-27,YouTube Ads,Product Promotion,Europe,74026,1351,362,46,1787.57,10551.52,21,24,Desktop
CMP_YT_02,YT_TrueView_Product_Demo,2025-07-27,YouTube Ads,Product Promotion,Europe,68982,812,356,51,1783.55,8088.55,29,23,Desktop
CMP_DSP_01,DSP_Programmatic_Banner,2025-07-28,Display Ads,Awareness,Middle East,66388,810,303,28,2425.02,5014.73,9,9,Tablet
CMP_DSP_02,DSP_Dynamic_Retargeting,2025-07-28,Display Ads,Retargeting,North America,99902,714,244,14,1533.02,1660.27,5,21,Desktop
CMP_EM_01,EM_Weekly_Newsletter,2025-07-28,Email Marketing,Product Promotion,Middle East,27230,2777,793,502,842.51,164746.6,387,24,Tablet
CMP_EM_01,EM_Weekly_Newsletter,2025-07-28,Email Marketing,Product Promotion,Asia-Pacific,29542,4194,1766,855,2090.49,300699.27,638,28,Desktop
CMP_EM_02,EM_Abandoned_Cart_Nurture,2025-07-28,Email Marketing,Conversion,Latin America,14361,1285,685,182,664.65,44847.89,132,13,Tablet
CMP_EM_02,EM_Abandoned_Cart_Nurture,2025-07-28,Email Marketing,Conversion,North America,8190,1204,636,261,709.51,71875.54,202,17,Mobile
CMP_FB_01,FB_Retargeting_Q1,2025-07-28,Facebook Ads,Retargeting,Europe,41505,1486,647,139,2271.67,32454.2,94,27,Mobile
CMP_FB_02,FB_Lookalike_Prospecting,2025-07-28,Facebook Ads,Awareness,Middle East,34862,1449,465,120,2944.17,30497.07,82,24,Tablet
CMP_GGL_01,Google_Search_Brand,2025-07-28,Google Ads,Conversion,North America,19336,1200,582,127,4359.04,28434.31,101,10,Mobile
CMP_LI_01,LI_B2B_Executive_Leads,2025-07-28,LinkedIn Ads,Lead Generation,Latin America,13006,326,82,37,2074.45,25077.41,19,14,Desktop
CMP_LI_01,LI_B2B_Executive_Leads,2025-07-28,LinkedIn Ads,Lead Generation,Europe,9447,148,46,13,1072.01,6991.74,6,28,Desktop
CMP_SEO_01,SEO_Organic_Blog_Content,2025-07-28,SEO,Awareness,Middle East,29798,1955,489,290,745.76,116635.05,199,10,Mobile
CMP_YT_01,YT_Video_Awareness_V1,2025-07-28,YouTube Ads,Awareness,Europe,89785,1195,655,69,2783.18,16599.22,42,16,Desktop
CMP_EM_02,EM_Abandoned_Cart_Nurture,2025-07-29,Email Marketing,Conversion,North America,15714,1503,494,262,1111.56,54742.06,187,10,Mobile
CMP_FB_01,FB_Retargeting_Q1,2025-07-29,Facebook Ads,Retargeting,Middle East,54964,1717,811,143,4237.25,27040.82,89,17,Tablet
CMP_GGL_01,Google_Search_Brand,2025-07-29,Google Ads,Conversion,Europe,33329,2071,911,206,5245.43,60833.16,140,28,Tablet
CMP_GGL_02,Google_NonBrand_Generic,2025-07-29,Google Ads,Lead Generation,Latin America,24291,1221,347,109,4630.83,34688.77,70,8,Desktop
CMP_IG_01,IG_Influencer_Promos,2025-07-29,Instagram Ads,Product Promotion,Asia-Pacific,18308,788,244,72,1507.72,12454.37,48,10,Mobile
CMP_IG_01,IG_Influencer_Promos,2025-07-29,Instagram Ads,Product Promotion,Asia-Pacific,32735,1662,423,85,5223.96,15287.72,55,25,Mobile
CMP_IG_01,IG_Influencer_Promos,2025-07-29,Instagram Ads,Product Promotion,Middle East,19252,747,342,58,2098.19,12372.8,31,23,Mobile
CMP_IG_02,IG_Stories_Conversion,2025-07-29,Instagram Ads,Conversion,Latin America,43186,1531,693,149,5262.95,31126.51,75,29,Desktop
CMP_LI_01,LI_B2B_Executive_Leads,2025-07-29,LinkedIn Ads,Lead Generation,North America,9927,295,97,31,2337.1,17485.51,16,21,Desktop
CMP_LI_02,LI_Whitepaper_Downloads,2025-07-29,LinkedIn Ads,Lead Generation,Latin America,23091,683,245,76,5131.19,54619.44,42,27,Mobile
CMP_DSP_02,DSP_Dynamic_Retargeting,2025-07-30,Display Ads,Retargeting,Latin America,74712,595,210,12,2028.12,1879.89,5,23,Desktop
CMP_FB_01,FB_Retargeting_Q1,2025-07-30,Facebook Ads,Retargeting,Europe,22944,1144,440,74,1864.84,18992.39,45,24,Mobile
CMP_FB_02,FB_Lookalike_Prospecting,2025-07-30,Facebook Ads,Awareness,North America,64265,2608,1174,239,6327.13,55050.34,169,30,Tablet
CMP_FB_02,FB_Lookalike_Prospecting,2025-07-30,Facebook Ads,Awareness,Middle East,46823,1840,835,126,4239.69,27757.47,84,27,Mobile
CMP_GGL_01,Google_Search_Brand,2025-07-30,Google Ads,Conversion,North America,39225,1786,476,169,7055.6,37927.9,127,10,Desktop
CMP_GGL_02,Google_NonBrand_Generic,2025-07-30,Google Ads,Lead Generation,Middle East,38547,1650,666,139,6352.06,41458.01,111,12,Mobile
CMP_LI_01,LI_B2B_Executive_Leads,2025-07-30,LinkedIn Ads,Lead Generation,Latin America,17070,331,110,23,2449.07,13767.35,11,8,Tablet
CMP_SEO_01,SEO_Organic_Blog_Content,2025-07-30,SEO,Awareness,Europe,44025,1960,1047,294,475.07,98445.15,193,8,Tablet
CMP_SEO_02,SEO_High_Intent_Landing,2025-07-30,SEO,Conversion,Latin America,63334,3797,1507,521,1385.69,158677.32,386,16,Desktop
CMP_YT_02,YT_TrueView_Product_Demo,2025-07-30,YouTube Ads,Product Promotion,North America,58901,1160,308,70,2256.04,13350.43,39,14,Tablet
CMP_DSP_02,DSP_Dynamic_Retargeting,2025-07-31,Display Ads,Retargeting,Latin America,63707,433,178,16,1596.93,2250.48,7,27,Tablet
CMP_EM_02,EM_Abandoned_Cart_Nurture,2025-07-31,Email Marketing,Conversion,North America,20242,1653,785,322,898.59,76894.46,275,16,Tablet
CMP_FB_01,FB_Retargeting_Q1,2025-07-31,Facebook Ads,Retargeting,North America,52227,1365,364,141,3908.0,28903.91,79,24,Desktop
CMP_FB_02,FB_Lookalike_Prospecting,2025-07-31,Facebook Ads,Awareness,Europe,44447,1554,642,100,4347.87,19618.74,65,10,Desktop
CMP_FB_02,FB_Lookalike_Prospecting,2025-07-31,Facebook Ads,Awareness,Asia-Pacific,55873,1718,493,123,4515.93,23700.57,85,26,Mobile
CMP_IG_02,IG_Stories_Conversion,2025-07-31,Instagram Ads,Conversion,Europe,48018,1457,580,137,5091.78,24446.07,79,25,Tablet
CMP_LI_02,LI_Whitepaper_Downloads,2025-07-31,LinkedIn Ads,Lead Generation,Europe,19298,523,208,42,4245.61,30404.57,23,10,Desktop
CMP_SEO_01,SEO_Organic_Blog_Content,2025-07-31,SEO,Awareness,Asia-Pacific,46238,2535,1054,272,974.83,99798.05,184,9,Desktop
CMP_SEO_02,SEO_High_Intent_Landing,2025-07-31,SEO,Conversion,Latin America,26117,1091,549,152,222.66,40668.83,127,7,Mobile
CMP_SEO_02,SEO_High_Intent_Landing,2025-07-31,SEO,Conversion,Middle East,63525,5078,1658,785,1952.52,219013.28,580,10,Desktop
CMP_YT_01,YT_Video_Awareness_V1,2025-07-31,YouTube Ads,Awareness,Middle East,42878,997,395,41,1425.95,9009.99,20,13,Mobile
CMP_YT_02,YT_TrueView_Product_Demo,2025-07-31,YouTube Ads,Product Promotion,Middle East,36954,445,176,21,597.84,4100.81,12,9,Mobile
CMP_YT_02,YT_TrueView_Product_Demo,2025-07-31,YouTube Ads,Product Promotion,Asia-Pacific,34335,426,208,27,633.47,4574.68,13,23,Desktop
CMP_DSP_01,DSP_Programmatic_Banner,2025-08-01,Display Ads,Awareness,Latin America,42970,708,265,26,2465.59,4464.37,9,29,Desktop
CMP_EM_01,EM_Weekly_Newsletter,2025-08-01,Email Marketing,Product Promotion,Latin America,23619,3207,964,498,1094.26,176963.32,350,22,Tablet
CMP_FB_01,FB_Retargeting_Q1,2025-08-01,Facebook Ads,Retargeting,Middle East,40320,1647,848,121,5141.18,24463.71,69,7,Desktop
CMP_GGL_01,Google_Search_Brand,2025-08-01,Google Ads,Conversion,Latin America,33969,1839,595,148,6654.34,39295.34,106,29,Desktop
CMP_GGL_01,Google_Search_Brand,2025-08-01,Google Ads,Conversion,North America,17606,1055,428,106,4178.12,28047.46,84,9,Mobile
CMP_GGL_02,Google_NonBrand_Generic,2025-08-01,Google Ads,Lead Generation,Middle East,13820,825,440,68,2501.1,15582.23,45,29,Tablet
CMP_IG_02,IG_Stories_Conversion,2025-08-01,Instagram Ads,Conversion,Europe,21710,674,268,50,1374.0,10476.79,27,17,Mobile
CMP_LI_02,LI_Whitepaper_Downloads,2025-08-01,LinkedIn Ads,Lead Generation,Middle East,18458,465,151,58,4830.81,33829.87,27,12,Tablet
CMP_LI_02,LI_Whitepaper_Downloads,2025-08-01,LinkedIn Ads,Lead Generation,Asia-Pacific,17253,340,170,31,3730.69,14212.14,19,23,Desktop
CMP_YT_02,YT_TrueView_Product_Demo,2025-08-01,YouTube Ads,Product Promotion,Europe,35051,766,230,38,1756.44,8516.73,19,7,Desktop
CMP_EM_01,EM_Weekly_Newsletter,2025-08-02,Email Marketing,Product Promotion,Latin America,18575,2082,1019,432,857.27,105996.08,372,18,Tablet
CMP_FB_01,FB_Retargeting_Q1,2025-08-02,Facebook Ads,Retargeting,Middle East,61168,2892,1126,266,5053.65,57709.26,167,9,Desktop
CMP_GGL_01,Google_Search_Brand,2025-08-02,Google Ads,Conversion,Middle East,30721,1171,491,134,2951.5,31387.31,95,12,Tablet
CMP_GGL_02,Google_NonBrand_Generic,2025-08-02,Google Ads,Lead Generation,Middle East,36683,1562,762,188,4520.56,61520.03,128,8,Desktop
CMP_LI_02,LI_Whitepaper_Downloads,2025-08-02,LinkedIn Ads,Lead Generation,North America,6190,216,114,21,1724.75,15350.64,13,18,Desktop
CMP_YT_02,YT_TrueView_Product_Demo,2025-08-02,YouTube Ads,Product Promotion,Latin America,43436,864,216,41,1172.78,9613.92,25,22,Tablet
CMP_DSP_01,DSP_Programmatic_Banner,2025-08-03,Display Ads,Awareness,Europe,44524,268,106,4,996.17,443.81,1,25,Tablet
CMP_DSP_01,DSP_Programmatic_Banner,2025-08-03,Display Ads,Awareness,Latin America,73807,578,181,15,2096.82,1756.42,7,26,Desktop
CMP_EM_01,EM_Weekly_Newsletter,2025-08-03,Email Marketing,Product Promotion,Latin America,8001,1005,280,193,339.98,53273.39,135,17,Mobile
CMP_FB_02,FB_Lookalike_Prospecting,2025-08-03,Facebook Ads,Awareness,North America,16433,479,128,51,941.74,10657.25,37,23,Mobile
CMP_GGL_02,Google_NonBrand_Generic,2025-08-03,Google Ads,Lead Generation,Europe,42462,2330,697,233,6450.63,61312.71,171,18,Tablet
CMP_IG_01,IG_Influencer_Promos,2025-08-03,Instagram Ads,Product Promotion,Europe,49581,2686,1417,243,8064.0,47756.8,126,26,Tablet
CMP_IG_01,IG_Influencer_Promos,2025-08-03,Instagram Ads,Product Promotion,Europe,44462,2197,750,185,7295.79,40025.69,111,15,Mobile
CMP_SEO_01,SEO_Organic_Blog_Content,2025-08-03,SEO,Awareness,Europe,67254,2712,886,330,1295.48,102343.87,226,12,Desktop
CMP_YT_01,YT_Video_Awareness_V1,2025-08-03,YouTube Ads,Awareness,Latin America,77435,1012,424,51,2116.44,8161.99,23,28,Tablet
CMP_YT_02,YT_TrueView_Product_Demo,2025-08-03,YouTube Ads,Product Promotion,Latin America,46236,557,276,27,1306.36,4085.48,15,25,Tablet
CMP_EM_02,EM_Abandoned_Cart_Nurture,2025-08-04,Email Marketing,Conversion,Latin America,8817,1040,263,196,367.33,70777.14,166,29,Desktop
CMP_LI_01,LI_B2B_Executive_Leads,2025-08-04,LinkedIn Ads,Lead Generation,Middle East,11587,229,59,28,2111.73,20835.39,14,9,Desktop
CMP_LI_02,LI_Whitepaper_Downloads,2025-08-04,LinkedIn Ads,Lead Generation,Asia-Pacific,21745,593,182,69,6114.58,48956.15,44,21,Desktop
CMP_SEO_01,SEO_Organic_Blog_Content,2025-08-04,SEO,Awareness,North America,61905,3417,1867,402,764.87,165462.26,294,14,Tablet
CMP_EM_01,EM_Weekly_Newsletter,2025-08-05,Email Marketing,Product Promotion,Latin America,16736,1362,472,166,728.47,42657.45,135,20,Tablet
CMP_FB_01,FB_Retargeting_Q1,2025-08-05,Facebook Ads,Retargeting,Asia-Pacific,30228,931,428,69,2444.21,16316.05,43,14,Tablet
CMP_FB_02,FB_Lookalike_Prospecting,2025-08-05,Facebook Ads,Awareness,Latin America,52463,1897,702,190,4269.42,42418.08,130,24,Desktop
CMP_GGL_01,Google_Search_Brand,2025-08-05,Google Ads,Conversion,Middle East,22934,1447,500,123,4823.94,31492.93,85,10,Mobile
CMP_GGL_01,Google_Search_Brand,2025-08-05,Google Ads,Conversion,Europe,46071,2590,1302,330,8834.47,94667.72,209,7,Desktop
CMP_GGL_02,Google_NonBrand_Generic,2025-08-05,Google Ads,Lead Generation,Asia-Pacific,34521,1259,666,132,4490.6,30634.9,92,20,Desktop
CMP_GGL_02,Google_NonBrand_Generic,2025-08-05,Google Ads,Lead Generation,North America,21541,807,412,84,2129.28,21737.84,65,27,Tablet
CMP_IG_01,IG_Influencer_Promos,2025-08-05,Instagram Ads,Product Promotion,Europe,37009,1661,754,103,4311.43,22178.23,70,19,Tablet
CMP_LI_01,LI_B2B_Executive_Leads,2025-08-05,LinkedIn Ads,Lead Generation,Europe,19266,366,171,28,3701.29,17598.4,13,28,Desktop
CMP_LI_01,LI_B2B_Executive_Leads,2025-08-05,LinkedIn Ads,Lead Generation,Europe,9998,208,63,17,1742.68,10881.06,9,12,Desktop
CMP_SEO_02,SEO_High_Intent_Landing,2025-08-05,SEO,Conversion,Middle East,21977,901,268,123,232.58,34929.96,98,23,Mobile
CMP_YT_02,YT_TrueView_Product_Demo,2025-08-05,YouTube Ads,Product Promotion,Asia-Pacific,34263,361,144,12,463.54,2352.83,5,21,Mobile
CMP_YT_02,YT_TrueView_Product_Demo,2025-08-05,YouTube Ads,Product Promotion,North America,51236,554,242,37,1038.24,7761.11,19,15,Desktop
CMP_EM_01,EM_Weekly_Newsletter,2025-08-06,Email Marketing,Product Promotion,Asia-Pacific,9799,1428,785,313,903.08,101807.39,270,10,Tablet
CMP_EM_01,EM_Weekly_Newsletter,2025-08-06,Email Marketing,Product Promotion,Europe,15428,2279,931,301,1472.58,109962.87,256,16,Desktop
CMP_FB_01,FB_Retargeting_Q1,2025-08-06,Facebook Ads,Retargeting,Latin America,26304,909,349,58,2821.86,15278.81,40,15,Desktop
CMP_FB_01,FB_Retargeting_Q1,2025-08-06,Facebook Ads,Retargeting,North America,22883,814,331,76,1650.97,16698.07,52,29,Mobile
CMP_FB_02,FB_Lookalike_Prospecting,2025-08-06,Facebook Ads,Awareness,Europe,15304,745,314,75,2321.15,15927.8,43,30,Tablet
CMP_IG_01,IG_Influencer_Promos,2025-08-06,Instagram Ads,Product Promotion,Middle East,41225,2148,893,147,4902.31,29593.86,87,22,Tablet
CMP_IG_01,IG_Influencer_Promos,2025-08-06,Instagram Ads,Product Promotion,Latin America,51430,1882,702,180,6484.99,31780.96,91,15,Tablet
CMP_LI_01,LI_B2B_Executive_Leads,2025-08-06,LinkedIn Ads,Lead Generation,Asia-Pacific,17375,416,213,40,4510.8,28732.88,21,29,Desktop
CMP_LI_01,LI_B2B_Executive_Leads,2025-08-06,LinkedIn Ads,Lead Generation,North America,19068,454,218,42,3541.36,30889.11,25,24,Desktop
CMP_SEO_02,SEO_High_Intent_Landing,2025-08-06,SEO,Conversion,North America,49453,2212,965,300,1305.71,95005.0,195,15,Desktop
CMP_YT_01,YT_Video_Awareness_V1,2025-08-06,YouTube Ads,Awareness,Middle East,47064,479,200,17,675.4,3423.15,7,7,Desktop
CMP_DSP_02,DSP_Dynamic_Retargeting,2025-08-07,Display Ads,Retargeting,North America,40478,642,253,13,1621.45,2122.39,6,18,Tablet
CMP_GGL_01,Google_Search_Brand,2025-08-07,Google Ads,Conversion,Latin America,14351,688,276,80,3010.18,22589.56,63,7,Tablet
CMP_LI_02,LI_Whitepaper_Downloads,2025-08-07,LinkedIn Ads,Lead Generation,North America,11130,317,84,28,2933.52,15224.68,14,25,Desktop
CMP_YT_01,YT_Video_Awareness_V1,2025-08-07,YouTube Ads,Awareness,Europe,25217,614,242,31,1132.73,5441.54,16,11,Desktop
CMP_DSP_02,DSP_Dynamic_Retargeting,2025-08-08,Display Ads,Retargeting,Europe,35076,535,214,12,1836.11,1733.26,5,14,Desktop
CMP_FB_01,FB_Retargeting_Q1,2025-08-08,Facebook Ads,Retargeting,Latin America,32598,1078,524,94,2136.71,18147.59,67,22,Desktop
CMP_FB_01,FB_Retargeting_Q1,2025-08-08,Facebook Ads,Retargeting,Middle East,35596,1060,424,80,2772.54,18001.85,55,7,Mobile
CMP_SEO_02,SEO_High_Intent_Landing,2025-08-08,SEO,Conversion,Latin America,15305,635,317,73,177.65,18424.7,52,19,Mobile
CMP_GGL_01,Google_Search_Brand,2025-08-09,Google Ads,Conversion,Middle East,29280,1511,553,186,4919.58,54572.07,130,13,Desktop
CMP_IG_01,IG_Influencer_Promos,2025-08-09,Instagram Ads,Product Promotion,Middle East,42119,1390,545,119,3267.17,19064.07,74,22,Desktop
CMP_IG_02,IG_Stories_Conversion,2025-08-09,Instagram Ads,Conversion,Asia-Pacific,15589,626,178,62,1871.4,12852.46,35,24,Desktop
CMP_SEO_02,SEO_High_Intent_Landing,2025-08-09,SEO,Conversion,Middle East,29854,1624,558,176,567.05,60594.87,134,8,Mobile
CMP_YT_01,YT_Video_Awareness_V1,2025-08-09,YouTube Ads,Awareness,Asia-Pacific,33029,655,230,30,1536.46,5058.79,14,25,Mobile
CMP_YT_01,YT_Video_Awareness_V1,2025-08-09,YouTube Ads,Awareness,Asia-Pacific,69707,1386,594,49,2996.27,11774.34,26,18,Desktop
CMP_YT_02,YT_TrueView_Product_Demo,2025-08-09,YouTube Ads,Product Promotion,Europe,50498,874,368,49,1173.08,10584.39,28,29,Mobile
CMP_YT_02,YT_TrueView_Product_Demo,2025-08-09,YouTube Ads,Product Promotion,North America,76887,1232,353,70,1706.34,10956.17,43,18,Desktop
CMP_DSP_01,DSP_Programmatic_Banner,2025-08-10,Display Ads,Awareness,Asia-Pacific,91615,1547,842,48,3862.51,7150.51,18,14,Mobile
CMP_DSP_01,DSP_Programmatic_Banner,2025-08-10,Display Ads,Awareness,Middle East,44223,302,93,6,993.34,905.53,2,7,Desktop
CMP_FB_02,FB_Lookalike_Prospecting,2025-08-10,Facebook Ads,Awareness,Europe,39962,1611,862,150,2903.39,35968.53,106,18,Desktop
CMP_GGL_02,Google_NonBrand_Generic,2025-08-10,Google Ads,Lead Generation,North America,49577,1816,600,240,6114.35,54599.6,178,19,Desktop
CMP_IG_01,IG_Influencer_Promos,2025-08-10,Instagram Ads,Product Promotion,Asia-Pacific,40630,1975,781,151,5792.53,34290.77,93,9,Desktop
CMP_LI_02,LI_Whitepaper_Downloads,2025-08-10,LinkedIn Ads,Lead Generation,Middle East,11011,318,94,35,2059.9,16208.48,21,28,Tablet
CMP_SEO_01,SEO_Organic_Blog_Content,2025-08-10,SEO,Awareness,North America,26470,2088,697,194,899.31,50578.08,155,20,Mobile
CMP_YT_02,YT_TrueView_Product_Demo,2025-08-10,YouTube Ads,Product Promotion,Asia-Pacific,28517,326,95,13,624.52,2787.15,5,29,Mobile
CMP_DSP_01,DSP_Programmatic_Banner,2025-08-11,Display Ads,Awareness,Middle East,51927,430,232,10,1094.96,1642.84,4,22,Tablet
CMP_DSP_01,DSP_Programmatic_Banner,2025-08-11,Display Ads,Awareness,Middle East,27848,328,111,6,829.36,732.23,2,30,Tablet
CMP_DSP_01,DSP_Programmatic_Banner,2025-08-11,Display Ads,Awareness,Europe,28286,381,133,5,1431.99,685.56,2,15,Tablet
CMP_EM_01,EM_Weekly_Newsletter,2025-08-11,Email Marketing,Product Promotion,Middle East,22592,2920,1119,402,1682.16,83321.67,288,21,Tablet
CMP_FB_01,FB_Retargeting_Q1,2025-08-11,Facebook Ads,Retargeting,Latin America,27985,837,240,71,2397.7,19810.84,45,17,Tablet
CMP_GGL_01,Google_Search_Brand,2025-08-11,Google Ads,Conversion,North America,47083,3028,1575,404,13467.57,137153.87,265,17,Mobile
CMP_GGL_02,Google_NonBrand_Generic,2025-08-11,Google Ads,Lead Generation,Latin America,12884,500,198,59,1780.9,17942.33,41,18,Desktop
CMP_YT_02,YT_TrueView_Product_Demo,2025-08-11,YouTube Ads,Product Promotion,Latin America,26561,461,224,22,745.88,4155.38,12,22,Mobile
CMP_DSP_01,DSP_Programmatic_Banner,2025-08-12,Display Ads,Awareness,Latin America,99797,1152,450,18,3439.95,2432.72,8,22,Tablet
CMP_EM_01,EM_Weekly_Newsletter,2025-08-12,Email Marketing,Product Promotion,Europe,14063,1194,488,177,575.36,55255.31,142,17,Tablet
CMP_EM_02,EM_Abandoned_Cart_Nurture,2025-08-12,Email Marketing,Conversion,Latin America,29167,3129,1499,457,1530.64,126133.41,341,12,Tablet
CMP_FB_02,FB_Lookalike_Prospecting,2025-08-12,Facebook Ads,Awareness,Asia-Pacific,63082,2509,1271,273,6625.12,62378.77,186,13,Tablet
CMP_GGL_02,Google_NonBrand_Generic,2025-08-12,Google Ads,Lead Generation,North America,44596,1985,582,172,5983.5,40061.1,110,7,Mobile
CMP_IG_01,IG_Influencer_Promos,2025-08-12,Instagram Ads,Product Promotion,North America,14722,548,195,44,1037.39,9941.93,26,17,Mobile
CMP_SEO_01,SEO_Organic_Blog_Content,2025-08-12,SEO,Awareness,Latin America,55785,2386,878,251,1003.18,64006.82,199,26,Mobile
CMP_SEO_01,SEO_Organic_Blog_Content,2025-08-12,SEO,Awareness,Asia-Pacific,31115,1964,1046,304,1164.69,112020.0,254,10,Desktop
CMP_DSP_02,DSP_Dynamic_Retargeting,2025-08-13,Display Ads,Retargeting,Latin America,48539,558,153,9,1523.03,1558.68,4,9,Tablet
CMP_EM_01,EM_Weekly_Newsletter,2025-08-13,Email Marketing,Product Promotion,Asia-Pacific,20806,2264,1214,360,1008.92,100856.28,288,14,Tablet
CMP_FB_01,FB_Retargeting_Q1,2025-08-13,Facebook Ads,Retargeting,Europe,17086,660,348,50,2099.04,12623.04,29,30,Desktop
CMP_SEO_01,SEO_Organic_Blog_Content,2025-08-13,SEO,Awareness,North America,65073,3024,1414,319,957.7,122716.03,270,13,Desktop
CMP_SEO_02,SEO_High_Intent_Landing,2025-08-13,SEO,Conversion,North America,68141,3042,1148,380,1527.39,121826.68,257,28,Desktop
CMP_DSP_01,DSP_Programmatic_Banner,2025-08-14,Display Ads,Awareness,North America,46518,834,427,30,3018.09,4024.48,15,20,Desktop
CMP_EM_01,EM_Weekly_Newsletter,2025-08-14,Email Marketing,Product Promotion,Asia-Pacific,28689,2903,1119,364,1269.59,106040.71,277,21,Desktop
CMP_EM_01,EM_Weekly_Newsletter,2025-08-14,Email Marketing,Product Promotion,North America,25253,3708,1054,600,2011.03,177745.6,482,17,Mobile
CMP_FB_02,FB_Lookalike_Prospecting,2025-08-14,Facebook Ads,Awareness,Middle East,55769,2305,882,164,5691.84,45010.36,100,23,Desktop
CMP_GGL_01,Google_Search_Brand,2025-08-14,Google Ads,Conversion,Latin America,26546,1678,736,217,5798.26,59043.96,134,8,Mobile
CMP_IG_01,IG_Influencer_Promos,2025-08-14,Instagram Ads,Product Promotion,Asia-Pacific,29505,991,313,59,3067.72,13079.56,32,18,Tablet
CMP_LI_01,LI_B2B_Executive_Leads,2025-08-14,LinkedIn Ads,Lead Generation,Europe,16571,501,126,45,3733.97,22732.54,23,20,Tablet
CMP_SEO_01,SEO_Organic_Blog_Content,2025-08-14,SEO,Awareness,Europe,63164,3621,1369,567,949.97,188210.05,454,26,Mobile
CMP_YT_01,YT_Video_Awareness_V1,2025-08-14,YouTube Ads,Awareness,North America,32766,559,290,34,1173.78,7429.53,18,29,Tablet
CMP_YT_02,YT_TrueView_Product_Demo,2025-08-14,YouTube Ads,Product Promotion,North America,51214,868,429,45,1380.47,10237.04,25,23,Mobile
CMP_DSP_02,DSP_Dynamic_Retargeting,2025-08-15,Display Ads,Retargeting,Middle East,82629,1092,313,23,2412.22,2808.15,11,27,Tablet
CMP_EM_01,EM_Weekly_Newsletter,2025-08-15,Email Marketing,Product Promotion,Middle East,18345,2178,982,389,1433.86,137059.85,315,27,Tablet
CMP_FB_01,FB_Retargeting_Q1,2025-08-15,Facebook Ads,Retargeting,Asia-Pacific,50297,2291,782,149,4190.5,30273.86,91,28,Desktop
CMP_FB_01,FB_Retargeting_Q1,2025-08-15,Facebook Ads,Retargeting,Asia-Pacific,54112,1863,623,185,4759.46,39099.68,132,12,Desktop
CMP_FB_01,FB_Retargeting_Q1,2025-08-15,Facebook Ads,Retargeting,Europe,56540,2186,1102,166,6020.59,32612.93,100,30,Tablet
CMP_IG_02,IG_Stories_Conversion,2025-08-15,Instagram Ads,Conversion,Middle East,25388,966,463,78,2809.21,16600.83,46,21,Tablet
CMP_LI_02,LI_Whitepaper_Downloads,2025-08-15,LinkedIn Ads,Lead Generation,North America,20105,557,181,59,4068.69,28795.24,33,25,Tablet
CMP_LI_02,LI_Whitepaper_Downloads,2025-08-15,LinkedIn Ads,Lead Generation,Latin America,21007,449,159,31,4191.64,14211.88,17,26,Tablet
CMP_SEO_02,SEO_High_Intent_Landing,2025-08-15,SEO,Conversion,Latin America,51756,3074,854,458,1220.98,181995.22,309,29,Desktop
CMP_YT_01,YT_Video_Awareness_V1,2025-08-15,YouTube Ads,Awareness,Latin America,50897,784,301,47,1222.28,9446.21,25,22,Mobile
CMP_YT_01,YT_Video_Awareness_V1,2025-08-15,YouTube Ads,Awareness,Europe,65094,1539,503,107,3365.2,20987.48,64,7,Mobile
CMP_DSP_01,DSP_Programmatic_Banner,2025-08-16,Display Ads,Awareness,North America,90451,1044,517,23,3106.21,3747.13,8,30,Desktop
CMP_LI_02,LI_Whitepaper_Downloads,2025-08-16,LinkedIn Ads,Lead Generation,North America,19341,633,242,64,6342.5,30637.78,38,27,Desktop
CMP_LI_02,LI_Whitepaper_Downloads,2025-08-16,LinkedIn Ads,Lead Generation,Asia-Pacific,18076,386,104,29,3173.23,14987.24,16,9,Mobile
CMP_LI_02,LI_Whitepaper_Downloads,2025-08-16,LinkedIn Ads,Lead Generation,Middle East,23790,723,376,70,6820.52,42705.04,41,18,Desktop
CMP_YT_02,YT_TrueView_Product_Demo,2025-08-16,YouTube Ads,Product Promotion,Latin America,44329,1053,419,70,2244.08,11339.58,43,21,Tablet
CMP_EM_01,EM_Weekly_Newsletter,2025-08-17,Email Marketing,Product Promotion,Latin America,26247,2970,1579,453,1601.63,90612.03,337,27,Desktop
CMP_GGL_01,Google_Search_Brand,2025-08-17,Google Ads,Conversion,North America,40628,1573,649,127,4726.29,38755.75,94,28,Desktop
CMP_GGL_02,Google_NonBrand_Generic,2025-08-17,Google Ads,Lead Generation,Asia-Pacific,13284,621,246,62,2110.14,14285.3,52,15,Desktop
CMP_IG_01,IG_Influencer_Promos,2025-08-17,Instagram Ads,Product Promotion,Latin America,46576,1677,662,124,4381.12,23318.72,81,23,Tablet
CMP_IG_01,IG_Influencer_Promos,2025-08-17,Instagram Ads,Product Promotion,Europe,12073,407,110,23,1348.86,4901.02,13,16,Tablet
CMP_IG_01,IG_Influencer_Promos,2025-08-17,Instagram Ads,Product Promotion,Asia-Pacific,14037,601,162,45,1632.93,11242.14,31,13,Desktop
CMP_LI_02,LI_Whitepaper_Downloads,2025-08-17,LinkedIn Ads,Lead Generation,Latin America,21548,658,313,68,3986.52,46073.29,37,29,Tablet
CMP_YT_01,YT_Video_Awareness_V1,2025-08-17,YouTube Ads,Awareness,Europe,47910,938,400,51,2335.75,10927.06,30,22,Desktop
CMP_EM_01,EM_Weekly_Newsletter,2025-08-18,Email Marketing,Product Promotion,Middle East,26168,2213,1080,296,936.34,110369.42,236,28,Mobile
CMP_EM_01,EM_Weekly_Newsletter,2025-08-18,Email Marketing,Product Promotion,Middle East,15616,1799,516,218,1173.51,44432.41,185,27,Tablet
CMP_LI_01,LI_B2B_Executive_Leads,2025-08-18,LinkedIn Ads,Lead Generation,Middle East,17610,529,280,42,3815.03,18955.63,18,12,Tablet
CMP_LI_01,LI_B2B_Executive_Leads,2025-08-18,LinkedIn Ads,Lead Generation,Europe,7440,139,57,14,954.79,7884.23,7,28,Mobile
CMP_LI_02,LI_Whitepaper_Downloads,2025-08-18,LinkedIn Ads,Lead Generation,Asia-Pacific,6325,129,51,14,1415.84,9069.52,6,17,Mobile
CMP_EM_01,EM_Weekly_Newsletter,2025-08-19,Email Marketing,Product Promotion,Middle East,17786,2496,1292,475,921.3,138622.82,425,15,Mobile
CMP_EM_01,EM_Weekly_Newsletter,2025-08-19,Email Marketing,Product Promotion,Asia-Pacific,9757,909,342,131,712.92,37567.24,93,26,Tablet
CMP_FB_02,FB_Lookalike_Prospecting,2025-08-19,Facebook Ads,Awareness,North America,18631,528,190,56,1119.79,10182.32,31,21,Mobile
CMP_GGL_01,Google_Search_Brand,2025-08-19,Google Ads,Conversion,Asia-Pacific,18344,905,398,100,3980.89,27284.91,81,14,Mobile
CMP_IG_01,IG_Influencer_Promos,2025-08-19,Instagram Ads,Product Promotion,Latin America,48571,2476,976,171,7402.06,35672.04,95,16,Tablet
CMP_IG_02,IG_Stories_Conversion,2025-08-19,Instagram Ads,Conversion,North America,21971,687,373,56,2290.25,12890.31,32,8,Desktop
CMP_LI_01,LI_B2B_Executive_Leads,2025-08-19,LinkedIn Ads,Lead Generation,Asia-Pacific,19837,469,221,57,3396.65,40709.59,34,20,Mobile
CMP_LI_02,LI_Whitepaper_Downloads,2025-08-19,LinkedIn Ads,Lead Generation,Middle East,6268,196,62,20,1831.06,11368.88,8,27,Desktop
CMP_SEO_01,SEO_Organic_Blog_Content,2025-08-19,SEO,Awareness,Asia-Pacific,68703,4578,1915,531,2363.72,205069.08,398,27,Desktop
CMP_DSP_02,DSP_Dynamic_Retargeting,2025-08-20,Display Ads,Retargeting,Europe,58654,308,91,5,715.25,686.72,2,8,Desktop
CMP_EM_01,EM_Weekly_Newsletter,2025-08-20,Email Marketing,Product Promotion,Middle East,12177,1329,410,199,908.53,58522.34,160,18,Mobile
CMP_EM_01,EM_Weekly_Newsletter,2025-08-20,Email Marketing,Product Promotion,Europe,11575,1484,661,296,468.2,73005.68,227,25,Mobile
CMP_EM_01,EM_Weekly_Newsletter,2025-08-20,Email Marketing,Product Promotion,Asia-Pacific,18539,1926,855,346,1020.59,70188.67,290,28,Desktop
CMP_GGL_01,Google_Search_Brand,2025-08-20,Google Ads,Conversion,Asia-Pacific,11762,672,333,76,2998.07,23312.91,49,12,Mobile
CMP_IG_01,IG_Influencer_Promos,2025-08-20,Instagram Ads,Product Promotion,Latin America,38234,1798,482,107,4479.63,17156.44,59,20,Mobile
CMP_IG_02,IG_Stories_Conversion,2025-08-20,Instagram Ads,Conversion,Asia-Pacific,43060,1626,445,106,3298.13,17673.72,53,22,Desktop
CMP_SEO_01,SEO_Organic_Blog_Content,2025-08-20,SEO,Awareness,Asia-Pacific,28284,1285,442,125,652.86,33495.23,92,9,Mobile
CMP_YT_01,YT_Video_Awareness_V1,2025-08-20,YouTube Ads,Awareness,Europe,82006,1404,693,52,2438.84,12928.14,33,28,Desktop
CMP_YT_02,YT_TrueView_Product_Demo,2025-08-20,YouTube Ads,Product Promotion,Asia-Pacific,77470,922,323,30,1800.4,6434.37,16,12,Desktop
CMP_YT_02,YT_TrueView_Product_Demo,2025-08-20,YouTube Ads,Product Promotion,Latin America,87638,1992,1034,71,3269.52,15094.16,44,18,Desktop
CMP_DSP_01,DSP_Programmatic_Banner,2025-08-21,Display Ads,Awareness,Latin America,22788,304,85,8,805.49,1238.37,2,13,Desktop
CMP_GGL_01,Google_Search_Brand,2025-08-21,Google Ads,Conversion,North America,47247,3054,1542,358,7951.03,117913.94,256,28,Tablet
CMP_GGL_01,Google_Search_Brand,2025-08-21,Google Ads,Conversion,Middle East,39036,2429,816,317,6942.77,97535.44,239,27,Mobile
CMP_SEO_02,SEO_High_Intent_Landing,2025-08-21,SEO,Conversion,Europe,57094,3535,1093,353,1891.72,113923.1,270,20,Mobile
CMP_YT_01,YT_Video_Awareness_V1,2025-08-21,YouTube Ads,Awareness,Middle East,43462,460,165,22,1071.0,3410.16,12,21,Tablet
CMP_YT_02,YT_TrueView_Product_Demo,2025-08-21,YouTube Ads,Product Promotion,Latin America,83392,2008,1003,117,4543.94,21047.08,63,25,Desktop
CMP_YT_02,YT_TrueView_Product_Demo,2025-08-21,YouTube Ads,Product Promotion,Middle East,39125,611,160,18,1452.12,3040.59,10,18,Tablet
CMP_DSP_02,DSP_Dynamic_Retargeting,2025-08-22,Display Ads,Retargeting,North America,92819,1507,792,58,5258.26,10061.18,25,14,Tablet
CMP_FB_02,FB_Lookalike_Prospecting,2025-08-22,Facebook Ads,Awareness,North America,41868,1958,855,124,6165.6,32010.91,74,11,Tablet
CMP_FB_02,FB_Lookalike_Prospecting,2025-08-22,Facebook Ads,Awareness,Middle East,19490,561,271,41,1487.71,7773.51,25,18,Desktop
CMP_SEO_02,SEO_High_Intent_Landing,2025-08-22,SEO,Conversion,Latin America,27491,2113,1029,320,852.17,127003.07,225,19,Desktop
CMP_YT_02,YT_TrueView_Product_Demo,2025-08-22,YouTube Ads,Product Promotion,Middle East,25549,338,84,10,423.74,1712.13,5,21,Tablet
CMP_DSP_02,DSP_Dynamic_Retargeting,2025-08-23,Display Ads,Retargeting,Middle East,20887,362,126,11,892.13,1917.59,4,16,Desktop
CMP_EM_01,EM_Weekly_Newsletter,2025-08-23,Email Marketing,Product Promotion,Latin America,17124,2148,922,272,1040.68,65100.74,206,28,Desktop
CMP_FB_01,FB_Retargeting_Q1,2025-08-23,Facebook Ads,Retargeting,Europe,16408,426,108,32,1306.91,7327.79,22,29,Tablet
CMP_GGL_02,Google_NonBrand_Generic,2025-08-23,Google Ads,Lead Generation,Latin America,28997,1495,747,121,6433.68,35182.85,80,19,Desktop
CMP_LI_02,LI_Whitepaper_Downloads,2025-08-23,LinkedIn Ads,Lead Generation,Latin America,17087,324,177,31,2011.98,13984.61,15,27,Tablet
CMP_SEO_01,SEO_Organic_Blog_Content,2025-08-23,SEO,Awareness,Latin America,32226,1795,673,231,370.99,68287.0,196,18,Mobile
CMP_DSP_01,DSP_Programmatic_Banner,2025-08-24,Display Ads,Awareness,North America,88306,1206,358,29,2673.57,5420.02,15,10,Desktop
CMP_EM_02,EM_Abandoned_Cart_Nurture,2025-08-24,Email Marketing,Conversion,Europe,21797,2113,974,265,1508.49,59573.12,236,24,Mobile
CMP_IG_01,IG_Influencer_Promos,2025-08-24,Instagram Ads,Product Promotion,Middle East,41430,1397,511,76,4243.2,16908.26,47,28,Tablet
CMP_IG_01,IG_Influencer_Promos,2025-08-24,Instagram Ads,Product Promotion,Middle East,30241,1500,592,144,4379.03,24022.23,96,11,Mobile
CMP_LI_01,LI_B2B_Executive_Leads,2025-08-24,LinkedIn Ads,Lead Generation,Europe,12393,339,161,38,2087.38,25354.31,18,21,Mobile
CMP_SEO_01,SEO_Organic_Blog_Content,2025-08-24,SEO,Awareness,Asia-Pacific,53149,2255,1097,352,619.47,130034.99,239,12,Desktop
CMP_SEO_01,SEO_Organic_Blog_Content,2025-08-24,SEO,Awareness,Asia-Pacific,29801,1549,401,148,822.87,61950.54,115,29,Mobile
CMP_SEO_01,SEO_Organic_Blog_Content,2025-08-24,SEO,Awareness,Latin America,35438,2607,1419,354,1544.15,122843.93,236,7,Mobile
CMP_DSP_01,DSP_Programmatic_Banner,2025-08-25,Display Ads,Awareness,Europe,55331,593,178,11,1199.42,1829.31,5,30,Desktop
CMP_DSP_02,DSP_Dynamic_Retargeting,2025-08-25,Display Ads,Retargeting,Latin America,92423,1327,342,20,3780.55,3658.42,7,20,Desktop
CMP_EM_01,EM_Weekly_Newsletter,2025-08-25,Email Marketing,Product Promotion,Latin America,10985,1100,373,182,814.55,59342.37,153,30,Mobile
CMP_EM_02,EM_Abandoned_Cart_Nurture,2025-08-25,Email Marketing,Conversion,Asia-Pacific,23957,2841,829,513,1101.98,180331.17,447,16,Mobile
CMP_FB_01,FB_Retargeting_Q1,2025-08-25,Facebook Ads,Retargeting,Latin America,28519,1176,372,76,1837.51,14635.49,45,10,Desktop
CMP_GGL_02,Google_NonBrand_Generic,2025-08-25,Google Ads,Lead Generation,Asia-Pacific,15210,819,281,90,3404.28,27431.62,75,25,Tablet
CMP_IG_01,IG_Influencer_Promos,2025-08-25,Instagram Ads,Product Promotion,Europe,34495,1839,536,140,5795.84,25278.98,91,9,Tablet
CMP_IG_02,IG_Stories_Conversion,2025-08-25,Instagram Ads,Conversion,Middle East,52934,2339,1016,136,7572.8,24296.4,73,26,Desktop
CMP_LI_01,LI_B2B_Executive_Leads,2025-08-25,LinkedIn Ads,Lead Generation,Latin America,24457,664,302,70,5320.61,49083.25,34,18,Mobile
CMP_LI_02,LI_Whitepaper_Downloads,2025-08-25,LinkedIn Ads,Lead Generation,Latin America,14734,277,143,29,2085.42,16030.69,13,15,Tablet
CMP_LI_02,LI_Whitepaper_Downloads,2025-08-25,LinkedIn Ads,Lead Generation,Asia-Pacific,14431,447,243,51,2870.36,29397.76,28,9,Mobile
CMP_SEO_02,SEO_High_Intent_Landing,2025-08-25,SEO,Conversion,Middle East,58764,4461,1611,555,1522.9,192373.44,428,25,Mobile
CMP_YT_01,YT_Video_Awareness_V1,2025-08-25,YouTube Ads,Awareness,Europe,38058,486,243,25,824.4,3855.58,15,11,Tablet
CMP_YT_02,YT_TrueView_Product_Demo,2025-08-25,YouTube Ads,Product Promotion,North America,32222,438,168,16,1034.7,2445.74,9,30,Desktop
CMP_IG_01,IG_Influencer_Promos,2025-08-26,Instagram Ads,Product Promotion,Latin America,18777,638,165,41,2176.68,10045.67,22,10,Desktop
CMP_IG_02,IG_Stories_Conversion,2025-08-26,Instagram Ads,Conversion,Middle East,39526,1652,796,118,3735.54,19156.96,66,29,Desktop
CMP_LI_02,LI_Whitepaper_Downloads,2025-08-26,LinkedIn Ads,Lead Generation,Asia-Pacific,18001,401,182,33,2427.24,24393.6,21,9,Desktop
CMP_SEO_01,SEO_Organic_Blog_Content,2025-08-26,SEO,Awareness,Latin America,57320,3229,848,453,1713.52,164390.82,380,11,Desktop
CMP_SEO_01,SEO_Organic_Blog_Content,2025-08-26,SEO,Awareness,Asia-Pacific,56111,2403,795,272,1339.37,69512.7,199,7,Tablet
CMP_SEO_02,SEO_High_Intent_Landing,2025-08-26,SEO,Conversion,Latin America,40061,1874,851,241,1048.66,98011.82,159,18,Mobile
CMP_YT_01,YT_Video_Awareness_V1,2025-08-26,YouTube Ads,Awareness,Europe,76362,1575,593,55,2552.53,10048.0,35,19,Mobile
CMP_YT_02,YT_TrueView_Product_Demo,2025-08-26,YouTube Ads,Product Promotion,Middle East,75633,1636,866,84,3521.0,19286.18,40,22,Desktop
CMP_DSP_01,DSP_Programmatic_Banner,2025-08-27,Display Ads,Awareness,Latin America,82941,1102,572,27,3210.36,4221.87,9,18,Desktop
CMP_DSP_02,DSP_Dynamic_Retargeting,2025-08-27,Display Ads,Retargeting,North America,56165,660,277,15,2395.67,2118.51,6,26,Tablet
CMP_DSP_02,DSP_Dynamic_Retargeting,2025-08-27,Display Ads,Retargeting,Asia-Pacific,59596,459,165,8,1118.62,1223.4,4,8,Desktop
CMP_GGL_01,Google_Search_Brand,2025-08-27,Google Ads,Conversion,Latin America,28441,1016,362,82,4312.15,27277.7,57,22,Mobile
CMP_GGL_01,Google_Search_Brand,2025-08-27,Google Ads,Conversion,Middle East,13260,497,255,53,1909.5,16466.88,38,22,Mobile
CMP_GGL_02,Google_NonBrand_Generic,2025-08-27,Google Ads,Lead Generation,Asia-Pacific,17448,1004,398,91,2880.17,23696.04,56,29,Desktop
CMP_GGL_02,Google_NonBrand_Generic,2025-08-27,Google Ads,Lead Generation,Europe,37160,1811,902,180,7710.21,44410.68,126,12,Mobile
CMP_IG_02,IG_Stories_Conversion,2025-08-27,Instagram Ads,Conversion,Europe,33789,1784,735,154,4929.01,32134.23,86,26,Tablet
CMP_DSP_01,DSP_Programmatic_Banner,2025-08-28,Display Ads,Awareness,Latin America,76068,895,247,34,2897.06,4362.24,16,15,Mobile
CMP_DSP_01,DSP_Programmatic_Banner,2025-08-28,Display Ads,Awareness,Asia-Pacific,56294,288,149,7,609.59,1252.17,2,21,Desktop
CMP_DSP_02,DSP_Dynamic_Retargeting,2025-08-28,Display Ads,Retargeting,Asia-Pacific,49571,802,288,31,2605.24,5808.83,15,18,Desktop
CMP_GGL_02,Google_NonBrand_Generic,2025-08-28,Google Ads,Lead Generation,North America,20277,1106,518,128,3178.87,43409.56,96,27,Mobile
CMP_IG_02,IG_Stories_Conversion,2025-08-28,Instagram Ads,Conversion,North America,46593,1945,1019,143,4931.77,29756.66,89,19,Desktop
CMP_SEO_01,SEO_Organic_Blog_Content,2025-08-28,SEO,Awareness,Middle East,55165,2390,1086,335,513.38,122742.89,233,25,Mobile
CMP_SEO_01,SEO_Organic_Blog_Content,2025-08-28,SEO,Awareness,Middle East,57750,2663,1149,269,578.22,81631.09,214,22,Mobile
CMP_YT_01,YT_Video_Awareness_V1,2025-08-28,YouTube Ads,Awareness,Asia-Pacific,53441,603,178,30,1432.94,6319.99,19,8,Mobile
CMP_DSP_02,DSP_Dynamic_Retargeting,2025-08-29,Display Ads,Retargeting,North America,46624,457,150,13,1200.93,1660.13,4,17,Tablet
CMP_EM_01,EM_Weekly_Newsletter,2025-08-29,Email Marketing,Product Promotion,Middle East,14405,1700,457,321,1140.06,75423.47,256,21,Tablet
CMP_EM_01,EM_Weekly_Newsletter,2025-08-29,Email Marketing,Product Promotion,Latin America,11086,1183,621,225,660.57,75391.7,192,29,Tablet
CMP_FB_02,FB_Lookalike_Prospecting,2025-08-29,Facebook Ads,Awareness,Asia-Pacific,33863,1466,662,128,3766.12,25283.66,86,21,Mobile
CMP_GGL_01,Google_Search_Brand,2025-08-29,Google Ads,Conversion,Latin America,27713,1549,576,198,4912.3,65532.35,157,8,Desktop
CMP_IG_02,IG_Stories_Conversion,2025-08-29,Instagram Ads,Conversion,North America,35279,1438,738,118,2969.79,22514.8,62,24,Mobile
CMP_LI_01,LI_B2B_Executive_Leads,2025-08-29,LinkedIn Ads,Lead Generation,Middle East,22664,509,181,49,4400.78,30945.41,24,27,Tablet
CMP_LI_02,LI_Whitepaper_Downloads,2025-08-29,LinkedIn Ads,Lead Generation,North America,7166,143,65,13,1116.26,8731.85,5,14,Mobile
CMP_SEO_02,SEO_High_Intent_Landing,2025-08-29,SEO,Conversion,Europe,36589,1855,495,277,398.18,83870.14,213,23,Desktop
CMP_YT_01,YT_Video_Awareness_V1,2025-08-29,YouTube Ads,Awareness,Middle East,57585,1317,500,65,2118.1,10538.3,41,29,Tablet
CMP_YT_02,YT_TrueView_Product_Demo,2025-08-29,YouTube Ads,Product Promotion,Europe,37349,715,265,46,1087.55,7154.49,29,11,Tablet
CMP_YT_02,YT_TrueView_Product_Demo,2025-08-29,YouTube Ads,Product Promotion,Latin America,54643,792,249,48,1807.94,10193.26,22,27,Desktop
CMP_YT_02,YT_TrueView_Product_Demo,2025-08-29,YouTube Ads,Product Promotion,Europe,84366,943,385,59,1445.34,12087.95,35,7,Tablet
CMP_DSP_01,DSP_Programmatic_Banner,2025-08-30,Display Ads,Awareness,Asia-Pacific,99816,876,366,32,1855.49,4565.79,16,23,Tablet
CMP_EM_01,EM_Weekly_Newsletter,2025-08-30,Email Marketing,Product Promotion,North America,9013,1348,638,202,426.33,42312.23,177,24,Mobile
CMP_EM_02,EM_Abandoned_Cart_Nurture,2025-08-30,Email Marketing,Conversion,Europe,15551,1719,774,278,888.36,98220.08,211,23,Mobile
CMP_GGL_01,Google_Search_Brand,2025-08-30,Google Ads,Conversion,Europe,13313,716,329,81,2822.46,17919.86,49,20,Mobile
CMP_GGL_01,Google_Search_Brand,2025-08-30,Google Ads,Conversion,Middle East,46750,2555,1086,337,8827.98,115486.45,212,7,Desktop
CMP_GGL_02,Google_NonBrand_Generic,2025-08-30,Google Ads,Lead Generation,Middle East,11846,718,180,75,2577.19,23965.67,52,21,Desktop
CMP_LI_01,LI_B2B_Executive_Leads,2025-08-30,LinkedIn Ads,Lead Generation,Europe,19282,345,160,33,3670.61,18684.57,14,8,Desktop
CMP_LI_02,LI_Whitepaper_Downloads,2025-08-30,LinkedIn Ads,Lead Generation,Latin America,15000,298,111,37,2937.84,20173.45,22,27,Mobile
CMP_FB_01,FB_Retargeting_Q1,2025-08-31,Facebook Ads,Retargeting,Europe,59466,2433,828,263,5397.26,49921.05,158,14,Desktop
CMP_FB_01,FB_Retargeting_Q1,2025-08-31,Facebook Ads,Retargeting,Middle East,15882,682,349,74,1164.55,17925.48,50,18,Tablet
CMP_FB_02,FB_Lookalike_Prospecting,2025-08-31,Facebook Ads,Awareness,Europe,16307,646,248,50,2053.77,11204.68,33,12,Desktop
CMP_IG_01,IG_Influencer_Promos,2025-08-31,Instagram Ads,Product Promotion,Middle East,23745,801,367,79,1533.1,15103.54,42,20,Tablet
CMP_IG_02,IG_Stories_Conversion,2025-08-31,Instagram Ads,Conversion,Asia-Pacific,35202,1254,490,89,2740.35,18754.76,61,14,Mobile
CMP_LI_01,LI_B2B_Executive_Leads,2025-08-31,LinkedIn Ads,Lead Generation,Europe,6412,103,53,8,805.56,4203.32,4,12,Tablet
CMP_SEO_01,SEO_Organic_Blog_Content,2025-08-31,SEO,Awareness,Latin America,40619,2081,723,291,1006.13,90261.82,190,11,Desktop
CMP_SEO_01,SEO_Organic_Blog_Content,2025-08-31,SEO,Awareness,Middle East,42942,2560,741,244,1007.49,85968.56,196,12,Tablet
CMP_SEO_02,SEO_High_Intent_Landing,2025-08-31,SEO,Conversion,Middle East,63346,4167,2226,393,1319.3,156494.54,273,21,Desktop
CMP_YT_01,YT_Video_Awareness_V1,2025-08-31,YouTube Ads,Awareness,Middle East,76338,1028,403,69,1522.86,14592.97,33,7,Desktop
CMP_FB_01,FB_Retargeting_Q1,2025-09-01,Facebook Ads,Retargeting,Latin America,55952,2111,652,177,3913.52,32675.63,115,22,Tablet
CMP_FB_01,FB_Retargeting_Q1,2025-09-01,Facebook Ads,Retargeting,Europe,47168,1627,877,112,4819.69,20963.57,74,18,Mobile
CMP_GGL_01,Google_Search_Brand,2025-09-01,Google Ads,Conversion,Europe,42102,2354,1172,242,10190.6,69029.83,165,21,Mobile
CMP_GGL_02,Google_NonBrand_Generic,2025-09-01,Google Ads,Lead Generation,Europe,47805,2882,1282,319,7268.94,84052.61,247,12,Mobile
CMP_IG_02,IG_Stories_Conversion,2025-09-01,Instagram Ads,Conversion,Asia-Pacific,35674,1174,578,78,2617.96,16390.07,53,15,Tablet
CMP_LI_02,LI_Whitepaper_Downloads,2025-09-01,LinkedIn Ads,Lead Generation,Middle East,16747,421,117,50,4305.61,35647.42,22,28,Tablet
CMP_YT_02,YT_TrueView_Product_Demo,2025-09-01,YouTube Ads,Product Promotion,Middle East,72287,1740,916,69,2088.8,14184.73,35,11,Mobile
CMP_GGL_01,Google_Search_Brand,2025-09-02,Google Ads,Conversion,Latin America,30656,1302,356,117,5203.81,35501.09,76,18,Desktop
CMP_GGL_01,Google_Search_Brand,2025-09-02,Google Ads,Conversion,North America,40720,2295,706,300,7453.97,85166.38,190,26,Tablet
CMP_IG_02,IG_Stories_Conversion,2025-09-02,Instagram Ads,Conversion,Europe,16879,695,326,65,2209.39,16337.18,35,25,Tablet
CMP_LI_01,LI_B2B_Executive_Leads,2025-09-02,LinkedIn Ads,Lead Generation,Asia-Pacific,14455,433,170,44,2603.47,30053.25,17,15,Mobile
CMP_LI_01,LI_B2B_Executive_Leads,2025-09-02,LinkedIn Ads,Lead Generation,Asia-Pacific,13165,254,77,24,2510.99,14797.92,13,21,Tablet
CMP_SEO_02,SEO_High_Intent_Landing,2025-09-02,SEO,Conversion,North America,47536,2350,844,339,850.78,93195.34,274,19,Desktop
CMP_YT_01,YT_Video_Awareness_V1,2025-09-02,YouTube Ads,Awareness,North America,86317,2065,794,105,3809.58,19411.94,50,9,Desktop
CMP_DSP_01,DSP_Programmatic_Banner,2025-09-03,Display Ads,Awareness,North America,92215,601,209,18,1111.6,2297.33,7,11,Tablet
CMP_DSP_01,DSP_Programmatic_Banner,2025-09-03,Display Ads,Awareness,Middle East,51438,909,452,16,3017.25,1770.03,6,14,Tablet
CMP_IG_02,IG_Stories_Conversion,2025-09-03,Instagram Ads,Conversion,Europe,40362,1799,637,128,6102.42,22697.84,68,19,Desktop
CMP_LI_01,LI_B2B_Executive_Leads,2025-09-03,LinkedIn Ads,Lead Generation,North America,24805,721,281,60,5755.86,32789.07,28,29,Tablet
CMP_YT_02,YT_TrueView_Product_Demo,2025-09-03,YouTube Ads,Product Promotion,North America,69964,812,239,38,1726.41,9117.21,19,20,Desktop
CMP_YT_02,YT_TrueView_Product_Demo,2025-09-03,YouTube Ads,Product Promotion,Asia-Pacific,68518,1173,483,39,2137.62,7362.64,22,13,Desktop
CMP_DSP_02,DSP_Dynamic_Retargeting,2025-09-04,Display Ads,Retargeting,Europe,68718,591,195,9,1141.3,1121.22,4,25,Desktop
CMP_FB_01,FB_Retargeting_Q1,2025-09-04,Facebook Ads,Retargeting,Asia-Pacific,56156,2366,603,238,7467.66,51722.21,165,15,Tablet
CMP_FB_01,FB_Retargeting_Q1,2025-09-04,Facebook Ads,Retargeting,Europe,56373,1555,434,131,4447.8,30765.39,86,12,Mobile
CMP_IG_01,IG_Influencer_Promos,2025-09-04,Instagram Ads,Product Promotion,Asia-Pacific,16561,500,195,39,1502.53,8577.14,21,13,Tablet
CMP_IG_01,IG_Influencer_Promos,2025-09-04,Instagram Ads,Product Promotion,Latin America,25518,1164,514,73,2725.14,18327.77,39,12,Mobile
CMP_IG_01,IG_Influencer_Promos,2025-09-04,Instagram Ads,Product Promotion,North America,18723,894,344,50,2393.28,8419.38,26,24,Tablet
CMP_LI_01,LI_B2B_Executive_Leads,2025-09-04,LinkedIn Ads,Lead Generation,North America,14917,281,94,20,2670.28,12465.83,10,18,Mobile
CMP_LI_02,LI_Whitepaper_Downloads,2025-09-04,LinkedIn Ads,Lead Generation,Latin America,16761,363,130,26,2727.63,19476.72,14,24,Tablet
CMP_SEO_01,SEO_Organic_Blog_Content,2025-09-04,SEO,Awareness,Asia-Pacific,47888,3605,1063,382,1355.33,128914.31,269,7,Mobile
CMP_SEO_01,SEO_Organic_Blog_Content,2025-09-04,SEO,Awareness,Latin America,57727,4469,1953,562,1774.08,171681.04,438,12,Desktop
CMP_SEO_01,SEO_Organic_Blog_Content,2025-09-04,SEO,Awareness,Asia-Pacific,67787,4094,1577,453,1902.07,156600.5,295,30,Tablet
CMP_SEO_02,SEO_High_Intent_Landing,2025-09-04,SEO,Conversion,Latin America,51970,2818,789,398,1448.07,150475.31,284,18,Desktop
CMP_YT_02,YT_TrueView_Product_Demo,2025-09-04,YouTube Ads,Product Promotion,Asia-Pacific,60063,981,502,32,2343.62,4975.34,14,26,Mobile
CMP_EM_01,EM_Weekly_Newsletter,2025-09-05,Email Marketing,Product Promotion,North America,29418,2531,855,502,1397.34,151161.93,384,29,Desktop
CMP_EM_02,EM_Abandoned_Cart_Nurture,2025-09-05,Email Marketing,Conversion,Middle East,24455,2071,764,399,897.68,107850.83,319,11,Mobile
CMP_EM_02,EM_Abandoned_Cart_Nurture,2025-09-05,Email Marketing,Conversion,North America,27014,3071,1674,412,1981.56,136632.7,369,10,Tablet
CMP_FB_01,FB_Retargeting_Q1,2025-09-05,Facebook Ads,Retargeting,Latin America,49179,2253,809,161,4657.28,41754.57,91,13,Tablet
CMP_FB_02,FB_Lookalike_Prospecting,2025-09-05,Facebook Ads,Awareness,Europe,43420,1409,579,107,2413.48,26897.32,77,29,Mobile
CMP_FB_02,FB_Lookalike_Prospecting,2025-09-05,Facebook Ads,Awareness,Europe,37383,1161,359,81,1822.88,20092.77,48,7,Desktop
CMP_GGL_01,Google_Search_Brand,2025-09-05,Google Ads,Conversion,Europe,13958,745,266,78,2854.61,17358.02,57,25,Mobile
CMP_GGL_02,Google_NonBrand_Generic,2025-09-05,Google Ads,Lead Generation,North America,12174,734,297,86,1913.14,26262.9,67,12,Desktop
CMP_GGL_02,Google_NonBrand_Generic,2025-09-05,Google Ads,Lead Generation,North America,42459,1793,500,188,6996.48,57806.18,117,18,Mobile
CMP_LI_01,LI_B2B_Executive_Leads,2025-09-05,LinkedIn Ads,Lead Generation,North America,23057,455,128,44,4083.63,30800.98,25,24,Mobile
CMP_LI_02,LI_Whitepaper_Downloads,2025-09-05,LinkedIn Ads,Lead Generation,Middle East,22472,564,270,73,4462.39,48783.51,46,29,Mobile
CMP_SEO_02,SEO_High_Intent_Landing,2025-09-05,SEO,Conversion,North America,19281,1366,599,147,342.47,50200.62,117,30,Mobile
CMP_YT_02,YT_TrueView_Product_Demo,2025-09-05,YouTube Ads,Product Promotion,Latin America,89276,1153,506,66,1810.34,11442.57,39,27,Tablet
CMP_DSP_01,DSP_Programmatic_Banner,2025-09-06,Display Ads,Awareness,Europe,81948,1080,526,16,2044.36,2128.81,5,18,Mobile
CMP_EM_01,EM_Weekly_Newsletter,2025-09-06,Email Marketing,Product Promotion,Middle East,27214,2350,602,511,998.12,191762.54,392,9,Desktop
CMP_EM_02,EM_Abandoned_Cart_Nurture,2025-09-06,Email Marketing,Conversion,Asia-Pacific,18451,2038,1041,245,1126.81,74488.82,177,18,Mobile
CMP_FB_02,FB_Lookalike_Prospecting,2025-09-06,Facebook Ads,Awareness,Asia-Pacific,54275,2330,1088,155,4487.38,38681.96,115,14,Mobile
CMP_FB_02,FB_Lookalike_Prospecting,2025-09-06,Facebook Ads,Awareness,Middle East,43012,1444,474,151,2473.38,37206.23,92,17,Tablet
CMP_GGL_02,Google_NonBrand_Generic,2025-09-06,Google Ads,Lead Generation,Middle East,42822,2214,813,204,7917.03,52333.38,172,23,Desktop
CMP_IG_01,IG_Influencer_Promos,2025-09-06,Instagram Ads,Product Promotion,Europe,46834,1805,475,146,5408.29,30080.43,75,30,Mobile
CMP_LI_01,LI_B2B_Executive_Leads,2025-09-06,LinkedIn Ads,Lead Generation,Europe,13946,228,114,21,1532.07,10798.22,9,8,Desktop
CMP_YT_01,YT_Video_Awareness_V1,2025-09-06,YouTube Ads,Awareness,Middle East,64269,786,309,27,1825.83,6352.28,17,30,Tablet
CMP_YT_01,YT_Video_Awareness_V1,2025-09-06,YouTube Ads,Awareness,Middle East,36707,373,111,23,809.52,5590.03,11,9,Tablet
CMP_DSP_02,DSP_Dynamic_Retargeting,2025-09-07,Display Ads,Retargeting,Latin America,64123,1145,467,20,3332.5,2780.13,9,15,Tablet
CMP_DSP_02,DSP_Dynamic_Retargeting,2025-09-07,Display Ads,Retargeting,Europe,71785,747,261,27,1821.11,3718.91,14,8,Tablet
CMP_EM_01,EM_Weekly_Newsletter,2025-09-07,Email Marketing,Product Promotion,Europe,18269,2272,1089,334,686.95,112562.94,245,12,Desktop
CMP_EM_01,EM_Weekly_Newsletter,2025-09-07,Email Marketing,Product Promotion,Latin America,27318,3514,1373,634,2676.71,202234.33,516,29,Tablet
CMP_EM_02,EM_Abandoned_Cart_Nurture,2025-09-07,Email Marketing,Conversion,Middle East,14308,1465,600,189,499.82,70854.81,161,27,Mobile
CMP_GGL_01,Google_Search_Brand,2025-09-07,Google Ads,Conversion,North America,44585,2405,1143,252,9628.73,78817.35,199,8,Desktop
CMP_IG_01,IG_Influencer_Promos,2025-09-07,Instagram Ads,Product Promotion,Europe,18767,824,376,78,1992.78,17621.47,41,24,Tablet
CMP_LI_01,LI_B2B_Executive_Leads,2025-09-07,LinkedIn Ads,Lead Generation,Latin America,19547,303,87,32,2380.11,14591.62,16,7,Desktop
CMP_LI_02,LI_Whitepaper_Downloads,2025-09-07,LinkedIn Ads,Lead Generation,Europe,16666,484,198,35,4342.32,16356.83,15,18,Mobile
CMP_YT_02,YT_TrueView_Product_Demo,2025-09-07,YouTube Ads,Product Promotion,Middle East,39267,963,409,49,1880.68,11015.08,22,16,Tablet
CMP_FB_02,FB_Lookalike_Prospecting,2025-09-08,Facebook Ads,Awareness,Middle East,46223,1465,448,94,3692.65,20891.84,58,19,Desktop
CMP_IG_02,IG_Stories_Conversion,2025-09-08,Instagram Ads,Conversion,Asia-Pacific,44543,1897,847,152,4821.19,25072.57,76,14,Mobile
CMP_LI_01,LI_B2B_Executive_Leads,2025-09-08,LinkedIn Ads,Lead Generation,Middle East,15083,376,132,44,4070.11,32558.78,17,24,Desktop
CMP_LI_02,LI_Whitepaper_Downloads,2025-09-08,LinkedIn Ads,Lead Generation,Latin America,24384,596,193,42,4955.03,24294.19,25,13,Tablet
CMP_SEO_01,SEO_Organic_Blog_Content,2025-09-08,SEO,Awareness,North America,52198,3770,2047,427,975.29,151661.16,303,24,Tablet
CMP_SEO_02,SEO_High_Intent_Landing,2025-09-08,SEO,Conversion,Middle East,29434,1525,720,168,576.69,53927.26,141,27,Desktop
CMP_YT_02,YT_TrueView_Product_Demo,2025-09-08,YouTube Ads,Product Promotion,Europe,47849,526,184,25,661.75,4524.25,13,24,Desktop
CMP_DSP_02,DSP_Dynamic_Retargeting,2025-09-09,Display Ads,Retargeting,Asia-Pacific,85133,882,359,32,2593.3,4392.52,12,13,Desktop
CMP_EM_01,EM_Weekly_Newsletter,2025-09-09,Email Marketing,Product Promotion,Europe,26208,3661,1167,731,2301.71,153202.98,533,11,Mobile
CMP_FB_01,FB_Retargeting_Q1,2025-09-09,Facebook Ads,Retargeting,Europe,33029,1606,698,97,3327.87,25424.34,67,9,Tablet
CMP_FB_02,FB_Lookalike_Prospecting,2025-09-09,Facebook Ads,Awareness,Latin America,56400,1546,527,168,2378.66,40716.84,120,23,Mobile
CMP_FB_02,FB_Lookalike_Prospecting,2025-09-09,Facebook Ads,Awareness,Middle East,28746,1367,351,82,3230.91,17078.55,53,22,Mobile
CMP_GGL_01,Google_Search_Brand,2025-09-09,Google Ads,Conversion,Europe,23138,1231,627,158,3109.47,52209.24,99,13,Mobile
CMP_SEO_01,SEO_Organic_Blog_Content,2025-09-09,SEO,Awareness,Latin America,35836,2812,1203,389,969.6,134476.61,261,27,Desktop
CMP_SEO_02,SEO_High_Intent_Landing,2025-09-09,SEO,Conversion,Middle East,22403,1179,626,162,435.66,67029.7,133,29,Desktop
CMP_YT_02,YT_TrueView_Product_Demo,2025-09-09,YouTube Ads,Product Promotion,Asia-Pacific,41865,835,292,40,1277.21,9311.0,20,24,Mobile
CMP_DSP_02,DSP_Dynamic_Retargeting,2025-09-10,Display Ads,Retargeting,North America,63376,1052,495,23,3155.67,4061.12,10,16,Desktop
CMP_EM_01,EM_Weekly_Newsletter,2025-09-10,Email Marketing,Product Promotion,Europe,24377,3225,1235,586,2530.51,122918.24,432,7,Tablet
CMP_EM_02,EM_Abandoned_Cart_Nurture,2025-09-10,Email Marketing,Conversion,Middle East,10814,1401,358,256,808.35,88528.98,219,25,Tablet
CMP_FB_01,FB_Retargeting_Q1,2025-09-10,Facebook Ads,Retargeting,North America,23413,725,384,50,1161.49,9587.16,33,18,Mobile
CMP_FB_02,FB_Lookalike_Prospecting,2025-09-10,Facebook Ads,Awareness,Latin America,61305,2012,604,130,5964.92,28703.15,93,28,Desktop
CMP_FB_02,FB_Lookalike_Prospecting,2025-09-10,Facebook Ads,Awareness,Latin America,33995,1059,567,81,1623.71,21590.01,53,19,Tablet
CMP_IG_02,IG_Stories_Conversion,2025-09-10,Instagram Ads,Conversion,Europe,30777,1535,512,107,4855.53,19711.05,57,15,Mobile
CMP_IG_02,IG_Stories_Conversion,2025-09-10,Instagram Ads,Conversion,Europe,26309,923,495,87,1779.76,18324.22,60,21,Desktop
CMP_LI_02,LI_Whitepaper_Downloads,2025-09-10,LinkedIn Ads,Lead Generation,Middle East,17617,598,154,53,4393.17,32644.63,22,23,Desktop
CMP_YT_01,YT_Video_Awareness_V1,2025-09-10,YouTube Ads,Awareness,North America,64024,1003,297,59,1237.05,9212.27,35,9,Desktop
CMP_YT_02,YT_TrueView_Product_Demo,2025-09-10,YouTube Ads,Product Promotion,Europe,43399,754,332,40,1594.91,6028.54,25,8,Desktop
CMP_YT_02,YT_TrueView_Product_Demo,2025-09-10,YouTube Ads,Product Promotion,Europe,60680,1108,414,56,2586.91,11821.79,27,23,Desktop
CMP_DSP_02,DSP_Dynamic_Retargeting,2025-09-11,Display Ads,Retargeting,Middle East,81440,1000,529,30,3574.71,4117.53,11,8,Tablet
CMP_DSP_02,DSP_Dynamic_Retargeting,2025-09-11,Display Ads,Retargeting,Asia-Pacific,40119,387,184,10,1361.98,1280.87,5,29,Desktop
CMP_GGL_01,Google_Search_Brand,2025-09-11,Google Ads,Conversion,Middle East,42220,1883,684,182,5953.65,52033.95,134,9,Mobile
CMP_IG_01,IG_Influencer_Promos,2025-09-11,Instagram Ads,Product Promotion,Latin America,38699,1528,606,138,3360.14,23495.18,80,29,Tablet
CMP_IG_02,IG_Stories_Conversion,2025-09-11,Instagram Ads,Conversion,Latin America,48051,1485,756,92,2895.31,15786.48,60,18,Tablet
CMP_IG_02,IG_Stories_Conversion,2025-09-11,Instagram Ads,Conversion,Latin America,54160,2533,919,167,7943.15,33672.62,88,18,Tablet
CMP_LI_01,LI_B2B_Executive_Leads,2025-09-11,LinkedIn Ads,Lead Generation,Asia-Pacific,11715,247,121,17,1642.19,9492.24,10,30,Tablet
CMP_LI_01,LI_B2B_Executive_Leads,2025-09-11,LinkedIn Ads,Lead Generation,Europe,20375,423,106,51,3968.08,23887.38,22,12,Tablet
CMP_SEO_01,SEO_Organic_Blog_Content,2025-09-11,SEO,Awareness,Middle East,42238,2889,913,293,1090.72,101412.46,237,22,Tablet
CMP_YT_02,YT_TrueView_Product_Demo,2025-09-11,YouTube Ads,Product Promotion,North America,67467,1553,584,93,2819.03,18658.96,49,28,Desktop
CMP_EM_02,EM_Abandoned_Cart_Nurture,2025-09-12,Email Marketing,Conversion,North America,20080,1615,717,222,695.22,44893.5,179,19,Tablet
CMP_GGL_02,Google_NonBrand_Generic,2025-09-12,Google Ads,Lead Generation,Latin America,43139,2554,734,234,10623.44,52653.43,141,10,Tablet
CMP_LI_02,LI_Whitepaper_Downloads,2025-09-12,LinkedIn Ads,Lead Generation,Middle East,7549,149,68,11,1625.87,7871.56,4,30,Desktop
CMP_LI_02,LI_Whitepaper_Downloads,2025-09-12,LinkedIn Ads,Lead Generation,Asia-Pacific,23758,466,145,59,4132.81,36364.16,27,19,Tablet
CMP_LI_02,LI_Whitepaper_Downloads,2025-09-12,LinkedIn Ads,Lead Generation,Europe,16043,481,239,34,3385.99,23561.11,19,12,Desktop
CMP_SEO_02,SEO_High_Intent_Landing,2025-09-12,SEO,Conversion,Latin America,63852,4617,1760,438,2627.62,167975.27,289,12,Desktop
CMP_YT_02,YT_TrueView_Product_Demo,2025-09-12,YouTube Ads,Product Promotion,Middle East,50034,1003,310,68,1419.8,11975.04,37,15,Mobile
CMP_DSP_01,DSP_Programmatic_Banner,2025-09-13,Display Ads,Awareness,Latin America,44233,763,239,24,2450.21,4555.55,13,7,Desktop
CMP_EM_01,EM_Weekly_Newsletter,2025-09-13,Email Marketing,Product Promotion,North America,14716,2170,1168,443,986.4,109290.38,341,27,Mobile
CMP_EM_01,EM_Weekly_Newsletter,2025-09-13,Email Marketing,Product Promotion,Asia-Pacific,27708,2766,957,566,1862.98,197531.3,400,11,Desktop
CMP_FB_01,FB_Retargeting_Q1,2025-09-13,Facebook Ads,Retargeting,Europe,39625,1193,562,126,1866.38,30215.75,93,11,Mobile
CMP_FB_02,FB_Lookalike_Prospecting,2025-09-13,Facebook Ads,Awareness,Europe,15799,726,225,71,2132.82,16501.24,42,27,Mobile
CMP_LI_01,LI_B2B_Executive_Leads,2025-09-13,LinkedIn Ads,Lead Generation,Latin America,5079,143,76,14,1493.97,8972.38,7,12,Desktop
CMP_LI_02,LI_Whitepaper_Downloads,2025-09-13,LinkedIn Ads,Lead Generation,Middle East,10343,300,92,32,2777.65,20368.47,19,17,Tablet
CMP_SEO_01,SEO_Organic_Blog_Content,2025-09-13,SEO,Awareness,Middle East,36091,2472,1049,306,1013.99,126218.21,227,12,Mobile
CMP_YT_01,YT_Video_Awareness_V1,2025-09-13,YouTube Ads,Awareness,Latin America,64844,1507,412,80,2274.43,15805.7,42,7,Mobile
CMP_YT_02,YT_TrueView_Product_Demo,2025-09-13,YouTube Ads,Product Promotion,North America,80172,1646,760,60,2927.69,14853.77,36,7,Tablet
CMP_YT_02,YT_TrueView_Product_Demo,2025-09-13,YouTube Ads,Product Promotion,North America,44895,813,282,34,1699.3,7130.78,19,19,Mobile
CMP_DSP_01,DSP_Programmatic_Banner,2025-09-14,Display Ads,Awareness,Asia-Pacific,75531,1292,611,22,3028.0,3084.51,11,14,Tablet
CMP_EM_02,EM_Abandoned_Cart_Nurture,2025-09-14,Email Marketing,Conversion,Latin America,23406,3035,1487,525,1939.83,132618.98,432,10,Mobile
CMP_FB_01,FB_Retargeting_Q1,2025-09-14,Facebook Ads,Retargeting,Europe,35585,1227,307,100,1924.74,18262.51,66,8,Mobile
CMP_FB_02,FB_Lookalike_Prospecting,2025-09-14,Facebook Ads,Awareness,Latin America,51515,2427,1301,196,7637.83,54286.36,123,19,Desktop
CMP_FB_02,FB_Lookalike_Prospecting,2025-09-14,Facebook Ads,Awareness,Middle East,28581,1220,566,83,3252.87,20193.84,47,20,Tablet
CMP_GGL_01,Google_Search_Brand,2025-09-14,Google Ads,Conversion,Asia-Pacific,44309,1749,693,215,7032.07,55897.59,143,10,Mobile
CMP_GGL_01,Google_Search_Brand,2025-09-14,Google Ads,Conversion,Europe,25499,932,367,98,3876.81,29166.89,58,28,Mobile
CMP_IG_01,IG_Influencer_Promos,2025-09-14,Instagram Ads,Product Promotion,Latin America,47809,1595,739,115,3992.37,20457.1,71,25,Desktop
CMP_LI_02,LI_Whitepaper_Downloads,2025-09-14,LinkedIn Ads,Lead Generation,Middle East,11864,234,59,21,2347.24,12099.88,10,13,Tablet
CMP_EM_02,EM_Abandoned_Cart_Nurture,2025-09-15,Email Marketing,Conversion,Asia-Pacific,24355,3054,1242,491,1612.51,129328.43,396,10,Mobile
CMP_FB_01,FB_Retargeting_Q1,2025-09-15,Facebook Ads,Retargeting,Europe,50928,2207,953,145,5332.65,38837.95,102,27,Tablet
CMP_IG_01,IG_Influencer_Promos,2025-09-15,Instagram Ads,Product Promotion,Latin America,34605,1038,335,66,2254.1,14186.14,41,9,Desktop
CMP_SEO_01,SEO_Organic_Blog_Content,2025-09-15,SEO,Awareness,Europe,60024,2601,1260,298,1363.5,106822.93,203,11,Mobile
CMP_SEO_02,SEO_High_Intent_Landing,2025-09-15,SEO,Conversion,Latin America,67592,4292,2326,579,2363.57,233089.74,392,24,Tablet
CMP_SEO_02,SEO_High_Intent_Landing,2025-09-15,SEO,Conversion,Europe,18483,1065,328,99,370.53,31187.85,82,17,Mobile
CMP_SEO_02,SEO_High_Intent_Landing,2025-09-15,SEO,Conversion,Latin America,44818,2849,993,348,1187.19,114842.89,246,26,Tablet
CMP_YT_01,YT_Video_Awareness_V1,2025-09-15,YouTube Ads,Awareness,Asia-Pacific,53218,1175,361,40,2799.68,6385.26,19,28,Desktop
CMP_YT_02,YT_TrueView_Product_Demo,2025-09-15,YouTube Ads,Product Promotion,Middle East,52597,1239,591,48,2808.1,10068.97,27,29,Mobile
CMP_YT_02,YT_TrueView_Product_Demo,2025-09-15,YouTube Ads,Product Promotion,Europe,71246,1059,468,71,1628.48,15722.23,35,30,Mobile
CMP_DSP_02,DSP_Dynamic_Retargeting,2025-09-16,Display Ads,Retargeting,Europe,43577,306,111,10,917.26,1567.95,4,9,Mobile
CMP_GGL_01,Google_Search_Brand,2025-09-16,Google Ads,Conversion,Asia-Pacific,37277,1971,693,195,6485.03,51057.92,132,28,Desktop
CMP_GGL_01,Google_Search_Brand,2025-09-16,Google Ads,Conversion,Europe,39414,2042,759,216,8499.46,49766.22,169,22,Desktop
CMP_GGL_02,Google_NonBrand_Generic,2025-09-16,Google Ads,Lead Generation,Latin America,46594,2305,657,266,10228.77,59938.69,204,26,Desktop
CMP_IG_02,IG_Stories_Conversion,2025-09-16,Instagram Ads,Conversion,Latin America,12299,648,259,45,1530.3,9102.11,26,26,Mobile
CMP_EM_01,EM_Weekly_Newsletter,2025-09-17,Email Marketing,Product Promotion,North America,27875,2630,790,335,979.04,117467.47,280,21,Mobile
CMP_EM_02,EM_Abandoned_Cart_Nurture,2025-09-17,Email Marketing,Conversion,North America,8613,1062,573,193,511.92,49740.91,137,12,Tablet
CMP_EM_02,EM_Abandoned_Cart_Nurture,2025-09-17,Email Marketing,Conversion,Latin America,19349,2771,1201,457,2039.58,111532.34,393,28,Mobile
CMP_FB_01,FB_Retargeting_Q1,2025-09-17,Facebook Ads,Retargeting,Middle East,63502,2572,1260,194,5235.28,51735.44,129,25,Tablet
CMP_FB_01,FB_Retargeting_Q1,2025-09-17,Facebook Ads,Retargeting,North America,52938,1859,1021,195,4653.19,45856.08,128,25,Desktop
CMP_FB_02,FB_Lookalike_Prospecting,2025-09-17,Facebook Ads,Awareness,Asia-Pacific,22036,1064,500,86,3232.0,17936.58,64,12,Mobile
CMP_GGL_01,Google_Search_Brand,2025-09-17,Google Ads,Conversion,Europe,42975,1883,930,241,8273.96,82993.7,197,9,Mobile
CMP_IG_01,IG_Influencer_Promos,2025-09-17,Instagram Ads,Product Promotion,Middle East,24943,783,283,46,2439.31,7861.43,32,21,Tablet
CMP_EM_02,EM_Abandoned_Cart_Nurture,2025-09-18,Email Marketing,Conversion,Latin America,26777,2745,1417,591,1702.2,179159.7,493,7,Mobile
CMP_FB_01,FB_Retargeting_Q1,2025-09-18,Facebook Ads,Retargeting,Middle East,40266,1872,646,189,4931.92,35354.32,128,12,Desktop
CMP_FB_01,FB_Retargeting_Q1,2025-09-18,Facebook Ads,Retargeting,Europe,38213,1087,537,112,3191.5,26292.48,64,28,Desktop
CMP_FB_02,FB_Lookalike_Prospecting,2025-09-18,Facebook Ads,Awareness,North America,26798,844,212,72,2395.84,18561.81,41,20,Mobile
CMP_GGL_01,Google_Search_Brand,2025-09-18,Google Ads,Conversion,Latin America,43975,1801,645,151,6959.49,45047.27,106,21,Desktop
CMP_GGL_02,Google_NonBrand_Generic,2025-09-18,Google Ads,Lead Generation,Middle East,47916,1926,667,166,7955.32,50709.32,124,12,Mobile
CMP_LI_02,LI_Whitepaper_Downloads,2025-09-18,LinkedIn Ads,Lead Generation,Middle East,16967,521,168,64,3333.58,46583.53,25,25,Mobile
CMP_LI_02,LI_Whitepaper_Downloads,2025-09-18,LinkedIn Ads,Lead Generation,North America,19343,610,281,59,4898.27,27815.12,25,17,Mobile
CMP_SEO_01,SEO_Organic_Blog_Content,2025-09-18,SEO,Awareness,North America,59005,4408,1826,605,2502.95,224773.96,407,26,Desktop
CMP_SEO_02,SEO_High_Intent_Landing,2025-09-18,SEO,Conversion,Europe,40212,2179,699,288,597.74,100295.87,235,21,Mobile
CMP_SEO_02,SEO_High_Intent_Landing,2025-09-18,SEO,Conversion,Asia-Pacific,56998,3845,1738,362,1415.12,147602.8,273,24,Mobile
CMP_YT_02,YT_TrueView_Product_Demo,2025-09-18,YouTube Ads,Product Promotion,North America,63431,1255,678,50,1547.63,7847.88,23,29,Desktop
CMP_YT_02,YT_TrueView_Product_Demo,2025-09-18,YouTube Ads,Product Promotion,Asia-Pacific,77558,1361,552,63,2168.0,10977.95,38,26,Desktop
CMP_DSP_01,DSP_Programmatic_Banner,2025-09-19,Display Ads,Awareness,Latin America,55112,830,386,20,2860.65,3516.18,7,10,Tablet
CMP_IG_02,IG_Stories_Conversion,2025-09-19,Instagram Ads,Conversion,Europe,39295,1473,743,131,3319.0,25800.11,72,20,Tablet
CMP_IG_02,IG_Stories_Conversion,2025-09-19,Instagram Ads,Conversion,Europe,37674,1304,522,103,2880.68,25415.68,53,7,Desktop
CMP_IG_02,IG_Stories_Conversion,2025-09-19,Instagram Ads,Conversion,Latin America,14946,467,235,31,980.13,6216.15,17,14,Mobile
CMP_LI_02,LI_Whitepaper_Downloads,2025-09-19,LinkedIn Ads,Lead Generation,Middle East,6280,157,59,16,1034.06,9733.36,7,21,Mobile
CMP_YT_02,YT_TrueView_Product_Demo,2025-09-19,YouTube Ads,Product Promotion,North America,65317,819,449,32,1021.19,4800.92,15,14,Tablet
CMP_DSP_01,DSP_Programmatic_Banner,2025-09-20,Display Ads,Awareness,Latin America,52780,382,162,14,1212.51,1854.81,5,13,Mobile
CMP_DSP_01,DSP_Programmatic_Banner,2025-09-20,Display Ads,Awareness,Asia-Pacific,34534,299,110,8,943.93,1306.96,2,18,Desktop
CMP_EM_01,EM_Weekly_Newsletter,2025-09-20,Email Marketing,Product Promotion,Europe,26498,3721,1356,701,1779.09,163920.77,529,23,Mobile
CMP_GGL_01,Google_Search_Brand,2025-09-20,Google Ads,Conversion,Europe,43063,2663,859,239,8754.91,67153.91,193,23,Mobile
CMP_GGL_02,Google_NonBrand_Generic,2025-09-20,Google Ads,Lead Generation,Latin America,41975,1761,581,142,4616.3,41880.41,104,26,Mobile
CMP_IG_01,IG_Influencer_Promos,2025-09-20,Instagram Ads,Product Promotion,North America,20281,680,245,43,1880.1,10829.3,26,28,Tablet
CMP_SEO_01,SEO_Organic_Blog_Content,2025-09-20,SEO,Awareness,North America,38702,1641,428,237,709.71,90806.04,168,18,Tablet
CMP_EM_02,EM_Abandoned_Cart_Nurture,2025-09-21,Email Marketing,Conversion,Europe,24667,3573,1870,743,1862.96,195087.32,623,23,Desktop
CMP_FB_01,FB_Retargeting_Q1,2025-09-21,Facebook Ads,Retargeting,North America,39187,1425,396,126,3319.79,33628.24,90,29,Mobile
CMP_IG_02,IG_Stories_Conversion,2025-09-21,Instagram Ads,Conversion,North America,41151,1844,891,110,4341.06,25045.38,62,14,Mobile
CMP_IG_02,IG_Stories_Conversion,2025-09-21,Instagram Ads,Conversion,North America,33966,1098,323,67,3753.4,12799.81,44,26,Mobile
CMP_SEO_01,SEO_Organic_Blog_Content,2025-09-21,SEO,Awareness,Latin America,19867,1342,685,158,785.71,47708.8,117,13,Tablet
CMP_SEO_02,SEO_High_Intent_Landing,2025-09-21,SEO,Conversion,North America,15843,1245,619,159,664.73,58312.37,117,11,Tablet
CMP_YT_02,YT_TrueView_Product_Demo,2025-09-21,YouTube Ads,Product Promotion,Latin America,79330,1204,541,66,2231.07,14302.7,41,26,Desktop
CMP_DSP_02,DSP_Dynamic_Retargeting,2025-09-22,Display Ads,Retargeting,Europe,64877,866,431,25,2372.1,2927.19,12,7,Mobile
CMP_EM_01,EM_Weekly_Newsletter,2025-09-22,Email Marketing,Product Promotion,Asia-Pacific,21277,2264,1238,365,818.37,125408.9,292,11,Tablet
CMP_EM_01,EM_Weekly_Newsletter,2025-09-22,Email Marketing,Product Promotion,Latin America,13712,1137,515,170,436.26,49657.39,122,14,Tablet
CMP_GGL_01,Google_Search_Brand,2025-09-22,Google Ads,Conversion,Europe,32171,1429,640,128,6378.9,29182.83,101,9,Desktop
CMP_GGL_02,Google_NonBrand_Generic,2025-09-22,Google Ads,Lead Generation,Middle East,29647,1129,509,129,3702.96,29129.89,105,8,Tablet
CMP_IG_01,IG_Influencer_Promos,2025-09-22,Instagram Ads,Product Promotion,Europe,54689,2356,1029,170,7319.34,29430.36,94,26,Tablet
CMP_LI_02,LI_Whitepaper_Downloads,2025-09-22,LinkedIn Ads,Lead Generation,North America,8426,179,62,21,1517.48,10211.72,9,23,Tablet
CMP_YT_01,YT_Video_Awareness_V1,2025-09-22,YouTube Ads,Awareness,North America,44227,1008,544,54,1261.78,10404.35,31,21,Tablet
CMP_DSP_01,DSP_Programmatic_Banner,2025-09-23,Display Ads,Awareness,North America,77939,1159,532,33,2558.05,6079.06,14,22,Desktop
CMP_DSP_02,DSP_Dynamic_Retargeting,2025-09-23,Display Ads,Retargeting,North America,86614,1383,405,31,3669.62,4200.07,11,25,Tablet
CMP_DSP_02,DSP_Dynamic_Retargeting,2025-09-23,Display Ads,Retargeting,Asia-Pacific,39385,697,225,21,2448.23,2547.94,9,7,Tablet
CMP_DSP_02,DSP_Dynamic_Retargeting,2025-09-23,Display Ads,Retargeting,Middle East,65521,771,198,22,2541.98,3946.43,10,18,Desktop
CMP_EM_01,EM_Weekly_Newsletter,2025-09-23,Email Marketing,Product Promotion,Middle East,8920,1220,594,158,825.18,54159.56,123,11,Tablet
CMP_GGL_02,Google_NonBrand_Generic,2025-09-23,Google Ads,Lead Generation,North America,18538,1012,300,125,4289.23,41510.68,95,19,Mobile
CMP_SEO_02,SEO_High_Intent_Landing,2025-09-23,SEO,Conversion,Asia-Pacific,50305,2682,1209,352,1457.2,97960.14,279,19,Desktop
CMP_SEO_02,SEO_High_Intent_Landing,2025-09-23,SEO,Conversion,Europe,23954,1224,373,137,260.23,54490.43,105,11,Tablet
CMP_DSP_02,DSP_Dynamic_Retargeting,2025-09-24,Display Ads,Retargeting,Latin America,60613,600,194,9,1550.07,1564.8,4,11,Desktop
CMP_DSP_02,DSP_Dynamic_Retargeting,2025-09-24,Display Ads,Retargeting,Middle East,62015,1045,462,34,3057.66,5158.95,17,27,Desktop
CMP_EM_01,EM_Weekly_Newsletter,2025-09-24,Email Marketing,Product Promotion,Latin America,17446,2076,892,317,664.95,70003.13,239,18,Desktop
CMP_EM_02,EM_Abandoned_Cart_Nurture,2025-09-24,Email Marketing,Conversion,Latin America,28967,2904,1071,602,1549.04,143531.44,446,27,Desktop
CMP_FB_01,FB_Retargeting_Q1,2025-09-24,Facebook Ads,Retargeting,North America,44315,1492,646,121,3654.29,31135.43,83,9,Tablet
CMP_IG_02,IG_Stories_Conversion,2025-09-24,Instagram Ads,Conversion,Asia-Pacific,27437,1122,375,88,2046.42,15983.34,61,23,Mobile
CMP_LI_02,LI_Whitepaper_Downloads,2025-09-24,LinkedIn Ads,Lead Generation,Latin America,8381,151,79,16,991.11,9838.59,6,25,Desktop
CMP_SEO_01,SEO_Organic_Blog_Content,2025-09-24,SEO,Awareness,Latin America,67976,4162,1481,573,1053.47,178065.63,419,20,Mobile
CMP_SEO_01,SEO_Organic_Blog_Content,2025-09-24,SEO,Awareness,Latin America,52845,3632,1456,517,1815.05,175257.81,378,26,Tablet
CMP_SEO_01,SEO_Organic_Blog_Content,2025-09-24,SEO,Awareness,Europe,50455,3798,1681,576,1787.53,158250.67,416,30,Desktop
CMP_YT_01,YT_Video_Awareness_V1,2025-09-24,YouTube Ads,Awareness,Middle East,58905,1278,453,67,2092.4,11873.16,36,14,Desktop
CMP_EM_01,EM_Weekly_Newsletter,2025-09-25,Email Marketing,Product Promotion,Latin America,11794,985,490,194,494.83,64863.18,171,16,Desktop
CMP_EM_01,EM_Weekly_Newsletter,2025-09-25,Email Marketing,Product Promotion,Latin America,21948,2609,1063,339,1020.31,86305.07,295,27,Desktop
CMP_EM_02,EM_Abandoned_Cart_Nurture,2025-09-25,Email Marketing,Conversion,Middle East,27948,2767,1164,464,2193.54,145547.5,325,18,Tablet
CMP_EM_02,EM_Abandoned_Cart_Nurture,2025-09-25,Email Marketing,Conversion,Asia-Pacific,9500,1356,442,274,740.66,91420.64,214,10,Tablet
CMP_GGL_01,Google_Search_Brand,2025-09-25,Google Ads,Conversion,North America,49517,2505,1080,240,11082.41,67960.9,189,19,Desktop
CMP_IG_02,IG_Stories_Conversion,2025-09-25,Instagram Ads,Conversion,Europe,24900,1058,580,62,3573.14,10932.7,35,9,Desktop
CMP_LI_02,LI_Whitepaper_Downloads,2025-09-25,LinkedIn Ads,Lead Generation,Asia-Pacific,8120,192,56,18,1849.59,11684.04,10,26,Tablet
CMP_DSP_01,DSP_Programmatic_Banner,2025-09-26,Display Ads,Awareness,Middle East,35118,358,123,13,1166.15,1532.58,7,29,Tablet
CMP_EM_01,EM_Weekly_Newsletter,2025-09-26,Email Marketing,Product Promotion,Europe,25720,3181,1131,525,1017.59,124857.37,421,24,Tablet
CMP_FB_01,FB_Retargeting_Q1,2025-09-26,Facebook Ads,Retargeting,North America,19401,955,505,78,1754.67,14735.66,44,15,Mobile
CMP_GGL_01,Google_Search_Brand,2025-09-26,Google Ads,Conversion,Europe,45503,2737,976,280,7616.38,96018.04,219,17,Desktop
CMP_GGL_02,Google_NonBrand_Generic,2025-09-26,Google Ads,Lead Generation,Europe,14923,686,206,69,1897.91,15636.63,49,12,Tablet
CMP_GGL_02,Google_NonBrand_Generic,2025-09-26,Google Ads,Lead Generation,Middle East,10979,499,194,52,1469.75,11888.36,43,10,Tablet
CMP_IG_01,IG_Influencer_Promos,2025-09-26,Instagram Ads,Product Promotion,Asia-Pacific,21390,1053,328,104,2071.28,22007.92,72,17,Mobile
CMP_SEO_02,SEO_High_Intent_Landing,2025-09-26,SEO,Conversion,Asia-Pacific,27395,1493,490,148,370.65,39843.22,117,22,Tablet
CMP_EM_01,EM_Weekly_Newsletter,2025-09-27,Email Marketing,Product Promotion,Middle East,25743,2369,879,449,1628.5,147230.81,357,30,Mobile
CMP_EM_01,EM_Weekly_Newsletter,2025-09-27,Email Marketing,Product Promotion,Europe,13204,1062,491,169,457.72,47037.21,149,22,Tablet
CMP_FB_01,FB_Retargeting_Q1,2025-09-27,Facebook Ads,Retargeting,Europe,56792,1658,815,145,2822.21,30854.09,105,18,Tablet
CMP_FB_01,FB_Retargeting_Q1,2025-09-27,Facebook Ads,Retargeting,Asia-Pacific,51316,1308,620,81,3903.94,17713.74,50,23,Desktop
CMP_GGL_02,Google_NonBrand_Generic,2025-09-27,Google Ads,Lead Generation,Middle East,25387,938,474,81,3176.76,17857.4,67,25,Desktop
CMP_LI_01,LI_B2B_Executive_Leads,2025-09-27,LinkedIn Ads,Lead Generation,Middle East,16854,279,117,20,2461.02,12285.9,10,29,Desktop
CMP_LI_02,LI_Whitepaper_Downloads,2025-09-27,LinkedIn Ads,Lead Generation,Europe,11601,361,96,29,2781.07,20031.09,17,17,Desktop
CMP_LI_02,LI_Whitepaper_Downloads,2025-09-27,LinkedIn Ads,Lead Generation,Middle East,24481,406,160,41,2784.08,23815.26,18,15,Tablet
CMP_YT_01,YT_Video_Awareness_V1,2025-09-27,YouTube Ads,Awareness,Latin America,29466,482,240,15,968.92,2699.85,7,25,Desktop
CMP_IG_02,IG_Stories_Conversion,2025-09-28,Instagram Ads,Conversion,Asia-Pacific,52653,2100,656,138,6637.3,23169.48,74,16,Mobile
CMP_LI_01,LI_B2B_Executive_Leads,2025-09-28,LinkedIn Ads,Lead Generation,North America,19494,333,144,31,3169.3,14434.26,12,9,Mobile
CMP_LI_01,LI_B2B_Executive_Leads,2025-09-28,LinkedIn Ads,Lead Generation,North America,13893,257,135,24,2420.17,14603.91,11,11,Tablet
CMP_LI_02,LI_Whitepaper_Downloads,2025-09-28,LinkedIn Ads,Lead Generation,Middle East,11945,235,90,26,1849.81,12116.52,14,8,Tablet
CMP_EM_01,EM_Weekly_Newsletter,2025-09-29,Email Marketing,Product Promotion,Latin America,14257,1707,664,329,1321.22,112235.93,254,13,Desktop
CMP_EM_02,EM_Abandoned_Cart_Nurture,2025-09-29,Email Marketing,Conversion,Latin America,25231,3742,968,520,1398.07,183976.01,422,24,Desktop
CMP_GGL_01,Google_Search_Brand,2025-09-29,Google Ads,Conversion,Latin America,39848,1903,503,266,6159.36,58671.57,222,12,Tablet
CMP_GGL_02,Google_NonBrand_Generic,2025-09-29,Google Ads,Lead Generation,Middle East,27279,1157,425,130,5126.35,33262.81,98,7,Tablet
CMP_LI_02,LI_Whitepaper_Downloads,2025-09-29,LinkedIn Ads,Lead Generation,Europe,16219,346,87,27,3724.54,19266.56,15,10,Mobile
CMP_LI_02,LI_Whitepaper_Downloads,2025-09-29,LinkedIn Ads,Lead Generation,Asia-Pacific,14833,471,202,51,4886.72,30450.4,28,12,Mobile
CMP_SEO_02,SEO_High_Intent_Landing,2025-09-29,SEO,Conversion,Middle East,22513,1062,474,154,349.47,47865.75,102,7,Tablet
CMP_YT_02,YT_TrueView_Product_Demo,2025-09-29,YouTube Ads,Product Promotion,Middle East,86461,1065,295,47,2048.9,10272.69,23,15,Tablet
CMP_DSP_02,DSP_Dynamic_Retargeting,2025-09-30,Display Ads,Retargeting,North America,20085,204,67,6,443.18,773.99,2,23,Tablet
CMP_FB_02,FB_Lookalike_Prospecting,2025-09-30,Facebook Ads,Awareness,North America,19519,734,395,75,1526.79,19667.48,42,18,Mobile
CMP_GGL_01,Google_Search_Brand,2025-09-30,Google Ads,Conversion,North America,41437,1733,610,232,4391.29,76153.04,178,17,Desktop
CMP_GGL_02,Google_NonBrand_Generic,2025-09-30,Google Ads,Lead Generation,North America,14307,871,384,74,3595.08,22715.26,49,19,Tablet
CMP_IG_01,IG_Influencer_Promos,2025-09-30,Instagram Ads,Product Promotion,Latin America,22373,985,319,83,2825.73,15614.25,55,20,Desktop
CMP_LI_01,LI_B2B_Executive_Leads,2025-09-30,LinkedIn Ads,Lead Generation,North America,6564,208,83,22,2091.97,14628.31,13,29,Tablet
CMP_LI_02,LI_Whitepaper_Downloads,2025-09-30,LinkedIn Ads,Lead Generation,Asia-Pacific,17840,337,183,35,2159.85,16016.41,20,7,Mobile
CMP_SEO_02,SEO_High_Intent_Landing,2025-09-30,SEO,Conversion,Middle East,27554,1304,660,169,294.3,58739.36,138,27,Mobile
CMP_DSP_02,DSP_Dynamic_Retargeting,2025-10-01,Display Ads,Retargeting,Europe,22948,380,130,11,1153.09,1613.88,4,12,Tablet
CMP_EM_01,EM_Weekly_Newsletter,2025-10-01,Email Marketing,Product Promotion,Latin America,12188,1138,594,165,654.63,59049.14,143,8,Desktop
CMP_EM_01,EM_Weekly_Newsletter,2025-10-01,Email Marketing,Product Promotion,Middle East,25848,2828,1192,519,1183.85,123231.81,428,27,Tablet
CMP_EM_02,EM_Abandoned_Cart_Nurture,2025-10-01,Email Marketing,Conversion,Asia-Pacific,29243,2573,921,443,2028.8,91739.99,387,9,Desktop
CMP_FB_02,FB_Lookalike_Prospecting,2025-10-01,Facebook Ads,Awareness,Asia-Pacific,35711,901,227,83,2278.07,19212.59,52,16,Tablet
CMP_GGL_01,Google_Search_Brand,2025-10-01,Google Ads,Conversion,Latin America,24606,1520,689,178,4498.66,45964.49,133,10,Mobile
CMP_GGL_01,Google_Search_Brand,2025-10-01,Google Ads,Conversion,Middle East,29888,1674,465,206,7476.82,51137.06,129,25,Mobile
CMP_IG_01,IG_Influencer_Promos,2025-10-01,Instagram Ads,Product Promotion,Latin America,36508,1538,569,111,4220.87,20158.51,64,11,Desktop
CMP_LI_02,LI_Whitepaper_Downloads,2025-10-01,LinkedIn Ads,Lead Generation,Latin America,14756,273,95,31,2707.85,21351.14,14,23,Tablet
CMP_SEO_01,SEO_Organic_Blog_Content,2025-10-01,SEO,Awareness,North America,33467,2470,1216,227,1071.94,63469.18,170,21,Desktop
CMP_YT_02,YT_TrueView_Product_Demo,2025-10-01,YouTube Ads,Product Promotion,Europe,30879,491,186,17,667.7,3496.01,8,16,Tablet
CMP_DSP_01,DSP_Programmatic_Banner,2025-10-02,Display Ads,Awareness,Europe,38927,339,101,13,1105.8,1833.99,5,14,Mobile
CMP_DSP_02,DSP_Dynamic_Retargeting,2025-10-02,Display Ads,Retargeting,Latin America,99995,1732,930,34,5187.15,4183.19,17,16,Desktop
CMP_EM_01,EM_Weekly_Newsletter,2025-10-02,Email Marketing,Product Promotion,Europe,19453,2308,815,432,1654.82,131662.0,386,18,Desktop
CMP_EM_01,EM_Weekly_Newsletter,2025-10-02,Email Marketing,Product Promotion,Asia-Pacific,29950,2942,1364,550,1997.93,141211.53,414,11,Tablet
CMP_GGL_01,Google_Search_Brand,2025-10-02,Google Ads,Conversion,Europe,43367,2108,974,209,6406.73,72088.1,131,15,Tablet
CMP_SEO_02,SEO_High_Intent_Landing,2025-10-02,SEO,Conversion,Asia-Pacific,44841,2960,1437,328,1379.53,111050.55,223,12,Desktop
CMP_SEO_02,SEO_High_Intent_Landing,2025-10-02,SEO,Conversion,Middle East,55967,2709,1443,253,1016.69,92500.39,206,16,Mobile
CMP_DSP_01,DSP_Programmatic_Banner,2025-10-03,Display Ads,Awareness,Middle East,50424,670,226,23,1611.42,3021.3,10,11,Mobile
CMP_DSP_02,DSP_Dynamic_Retargeting,2025-10-03,Display Ads,Retargeting,Middle East,36264,536,245,16,1187.2,1910.18,8,27,Desktop
CMP_EM_01,EM_Weekly_Newsletter,2025-10-03,Email Marketing,Product Promotion,Asia-Pacific,21579,2541,884,542,1779.63,134063.53,414,26,Desktop
CMP_IG_01,IG_Influencer_Promos,2025-10-03,Instagram Ads,Product Promotion,Europe,16634,513,190,29,1213.19,6886.58,18,30,Mobile
CMP_LI_01,LI_B2B_Executive_Leads,2025-10-03,LinkedIn Ads,Lead Generation,Latin America,5477,113,31,11,1197.54,5098.78,4,8,Desktop
CMP_LI_02,LI_Whitepaper_Downloads,2025-10-03,LinkedIn Ads,Lead Generation,Latin America,9422,292,86,32,2970.1,20215.9,15,14,Tablet
CMP_YT_01,YT_Video_Awareness_V1,2025-10-03,YouTube Ads,Awareness,Asia-Pacific,63873,1127,606,34,2060.1,6383.18,19,19,Desktop
CMP_YT_01,YT_Video_Awareness_V1,2025-10-03,YouTube Ads,Awareness,North America,69011,1681,678,76,4149.7,15127.54,43,28,Desktop
CMP_DSP_01,DSP_Programmatic_Banner,2025-10-04,Display Ads,Awareness,Latin America,87541,639,303,14,2021.2,1572.66,5,10,Desktop
CMP_FB_01,FB_Retargeting_Q1,2025-10-04,Facebook Ads,Retargeting,Asia-Pacific,44612,2117,1110,225,4838.63,57388.79,147,26,Tablet
CMP_IG_02,IG_Stories_Conversion,2025-10-04,Instagram Ads,Conversion,North America,32984,1379,379,127,2701.85,31014.91,73,22,Mobile
CMP_LI_01,LI_B2B_Executive_Leads,2025-10-04,LinkedIn Ads,Lead Generation,Asia-Pacific,18827,405,221,41,3858.82,21487.04,26,18,Tablet
CMP_LI_01,LI_B2B_Executive_Leads,2025-10-04,LinkedIn Ads,Lead Generation,Asia-Pacific,24009,778,404,89,7402.06,60365.65,42,22,Desktop
CMP_LI_02,LI_Whitepaper_Downloads,2025-10-04,LinkedIn Ads,Lead Generation,Latin America,23881,583,221,69,5785.17,34991.49,29,25,Desktop
CMP_SEO_01,SEO_Organic_Blog_Content,2025-10-04,SEO,Awareness,Europe,34703,2253,792,224,1248.83,85295.2,165,14,Desktop
CMP_DSP_02,DSP_Dynamic_Retargeting,2025-10-05,Display Ads,Retargeting,Middle East,49731,661,217,12,1338.95,1852.02,6,23,Tablet
CMP_FB_02,FB_Lookalike_Prospecting,2025-10-05,Facebook Ads,Awareness,Latin America,15748,470,245,48,1111.02,10535.48,29,19,Desktop
CMP_GGL_02,Google_NonBrand_Generic,2025-10-05,Google Ads,Lead Generation,Latin America,18193,1095,514,149,3510.44,40937.49,104,19,Tablet
CMP_LI_02,LI_Whitepaper_Downloads,2025-10-05,LinkedIn Ads,Lead Generation,Latin America,21466,737,338,86,7960.17,45560.69,43,7,Mobile
CMP_LI_02,LI_Whitepaper_Downloads,2025-10-05,LinkedIn Ads,Lead Generation,Middle East,5529,188,100,23,1247.26,16221.02,13,24,Tablet
CMP_LI_02,LI_Whitepaper_Downloads,2025-10-05,LinkedIn Ads,Lead Generation,Asia-Pacific,14949,513,225,42,3893.46,30506.33,25,24,Mobile
CMP_LI_02,LI_Whitepaper_Downloads,2025-10-05,LinkedIn Ads,Lead Generation,Europe,18721,650,194,62,5164.86,46383.65,30,28,Tablet
CMP_SEO_02,SEO_High_Intent_Landing,2025-10-05,SEO,Conversion,Asia-Pacific,18645,1246,574,182,524.41,75958.29,139,21,Tablet
CMP_YT_01,YT_Video_Awareness_V1,2025-10-05,YouTube Ads,Awareness,Latin America,82154,2019,762,85,2727.65,21004.29,42,10,Tablet
CMP_YT_02,YT_TrueView_Product_Demo,2025-10-05,YouTube Ads,Product Promotion,North America,86570,1903,1017,107,2591.91,20940.56,62,12,Tablet
CMP_DSP_02,DSP_Dynamic_Retargeting,2025-10-06,Display Ads,Retargeting,Latin America,32321,352,120,7,1160.93,1321.04,2,14,Mobile
CMP_DSP_02,DSP_Dynamic_Retargeting,2025-10-06,Display Ads,Retargeting,Europe,97520,1264,597,29,3374.32,4747.56,11,8,Tablet
CMP_FB_01,FB_Retargeting_Q1,2025-10-06,Facebook Ads,Retargeting,Europe,33693,1539,590,116,3446.05,21606.1,68,7,Mobile
CMP_FB_02,FB_Lookalike_Prospecting,2025-10-06,Facebook Ads,Awareness,North America,42216,1205,538,73,3676.07,16258.09,42,23,Desktop
CMP_GGL_01,Google_Search_Brand,2025-10-06,Google Ads,Conversion,Latin America,25051,1062,301,102,3390.24,34870.06,79,19,Tablet
CMP_GGL_02,Google_NonBrand_Generic,2025-10-06,Google Ads,Lead Generation,Middle East,28264,1522,449,123,5915.63,34172.61,90,28,Mobile
CMP_IG_02,IG_Stories_Conversion,2025-10-06,Instagram Ads,Conversion,Asia-Pacific,12810,617,186,53,1265.37,12374.31,29,29,Desktop
CMP_LI_01,LI_B2B_Executive_Leads,2025-10-06,LinkedIn Ads,Lead Generation,Asia-Pacific,18143,272,138,27,2740.29,14706.79,10,29,Desktop
CMP_LI_02,LI_Whitepaper_Downloads,2025-10-06,LinkedIn Ads,Lead Generation,Europe,8974,205,59,17,1989.73,9796.22,7,7,Desktop
CMP_SEO_01,SEO_Organic_Blog_Content,2025-10-06,SEO,Awareness,North America,42740,2823,1367,339,1666.25,91036.77,275,25,Desktop
CMP_DSP_02,DSP_Dynamic_Retargeting,2025-10-07,Display Ads,Retargeting,North America,99222,842,330,13,2439.81,1740.14,6,23,Desktop
CMP_DSP_02,DSP_Dynamic_Retargeting,2025-10-07,Display Ads,Retargeting,Asia-Pacific,28833,289,134,9,548.8,1700.96,3,16,Tablet
CMP_EM_02,EM_Abandoned_Cart_Nurture,2025-10-07,Email Marketing,Conversion,Europe,29030,4267,1128,870,2397.94,185640.14,751,24,Desktop
CMP_FB_02,FB_Lookalike_Prospecting,2025-10-07,Facebook Ads,Awareness,North America,46223,2238,1061,165,5810.17,39864.81,105,27,Tablet
CMP_GGL_01,Google_Search_Brand,2025-10-07,Google Ads,Conversion,Latin America,39034,1483,411,163,6164.29,50985.25,124,18,Tablet
CMP_SEO_02,SEO_High_Intent_Landing,2025-10-07,SEO,Conversion,North America,52932,2876,958,424,1277.96,145820.23,338,17,Desktop
CMP_YT_01,YT_Video_Awareness_V1,2025-10-07,YouTube Ads,Awareness,Asia-Pacific,89927,1479,573,67,3533.95,12157.55,35,8,Tablet
CMP_YT_01,YT_Video_Awareness_V1,2025-10-07,YouTube Ads,Awareness,Asia-Pacific,64639,1383,384,91,2767.52,18150.08,51,10,Tablet
CMP_DSP_02,DSP_Dynamic_Retargeting,2025-10-08,Display Ads,Retargeting,Asia-Pacific,35070,542,174,14,2037.55,2062.15,4,9,Tablet
CMP_FB_02,FB_Lookalike_Prospecting,2025-10-08,Facebook Ads,Awareness,Europe,61944,2398,721,199,6794.6,55128.58,110,30,Mobile
CMP_SEO_01,SEO_Organic_Blog_Content,2025-10-08,SEO,Awareness,Middle East,45741,2437,701,367,967.76,125307.49,309,23,Desktop
CMP_SEO_01,SEO_Organic_Blog_Content,2025-10-08,SEO,Awareness,North America,47924,2329,800,338,1361.68,100398.14,248,17,Desktop
CMP_SEO_02,SEO_High_Intent_Landing,2025-10-08,SEO,Conversion,Middle East,40153,1712,719,237,485.0,76620.97,200,22,Desktop
CMP_DSP_01,DSP_Programmatic_Banner,2025-10-09,Display Ads,Awareness,Europe,43722,666,338,12,2057.97,1877.79,6,10,Desktop
CMP_FB_01,FB_Retargeting_Q1,2025-10-09,Facebook Ads,Retargeting,North America,19361,575,244,61,1775.6,13754.04,45,7,Mobile
CMP_FB_02,FB_Lookalike_Prospecting,2025-10-09,Facebook Ads,Awareness,Europe,41667,1721,578,144,5158.01,35287.76,100,12,Desktop
CMP_FB_02,FB_Lookalike_Prospecting,2025-10-09,Facebook Ads,Awareness,North America,63477,1946,951,149,5267.0,28562.13,103,12,Mobile
CMP_IG_01,IG_Influencer_Promos,2025-10-09,Instagram Ads,Product Promotion,North America,16949,841,405,70,2146.66,14246.05,41,25,Tablet
CMP_IG_01,IG_Influencer_Promos,2025-10-09,Instagram Ads,Product Promotion,Asia-Pacific,34591,1389,524,127,2672.11,20509.65,75,19,Desktop
CMP_LI_01,LI_B2B_Executive_Leads,2025-10-09,LinkedIn Ads,Lead Generation,Latin America,6705,122,64,8,1320.39,3818.61,3,28,Mobile
CMP_YT_01,YT_Video_Awareness_V1,2025-10-09,YouTube Ads,Awareness,Latin America,71813,855,404,52,1860.84,9879.36,30,28,Mobile
CMP_YT_02,YT_TrueView_Product_Demo,2025-10-09,YouTube Ads,Product Promotion,Latin America,57334,944,299,64,1677.59,12262.29,30,15,Mobile
CMP_FB_01,FB_Retargeting_Q1,2025-10-10,Facebook Ads,Retargeting,Europe,45013,2017,971,126,5925.33,30991.86,89,20,Mobile
CMP_FB_01,FB_Retargeting_Q1,2025-10-10,Facebook Ads,Retargeting,Asia-Pacific,21084,584,151,40,1711.16,7847.05,24,9,Mobile
CMP_GGL_01,Google_Search_Brand,2025-10-10,Google Ads,Conversion,Asia-Pacific,28397,1483,653,160,6172.1,38248.43,105,15,Mobile
CMP_GGL_02,Google_NonBrand_Generic,2025-10-10,Google Ads,Lead Generation,Europe,45229,1709,678,193,5165.08,63237.28,117,23,Tablet
CMP_LI_01,LI_B2B_Executive_Leads,2025-10-10,LinkedIn Ads,Lead Generation,Europe,19219,620,186,53,6466.57,24915.9,25,8,Desktop
CMP_LI_02,LI_Whitepaper_Downloads,2025-10-10,LinkedIn Ads,Lead Generation,Europe,8054,157,46,12,1602.5,8809.42,6,20,Mobile
CMP_SEO_01,SEO_Organic_Blog_Content,2025-10-10,SEO,Awareness,Asia-Pacific,47945,3281,1595,441,1577.39,177943.47,290,29,Mobile
CMP_YT_01,YT_Video_Awareness_V1,2025-10-10,YouTube Ads,Awareness,Middle East,83810,2025,735,81,3079.39,19440.57,41,15,Mobile
CMP_YT_02,YT_TrueView_Product_Demo,2025-10-10,YouTube Ads,Product Promotion,Europe,41602,699,238,30,1511.83,5283.45,15,9,Desktop
CMP_EM_01,EM_Weekly_Newsletter,2025-10-11,Email Marketing,Product Promotion,North America,25620,3614,1181,453,2837.78,136808.89,339,30,Mobile
CMP_EM_02,EM_Abandoned_Cart_Nurture,2025-10-11,Email Marketing,Conversion,Europe,13630,1859,515,260,1324.65,80842.68,231,14,Desktop
CMP_FB_01,FB_Retargeting_Q1,2025-10-11,Facebook Ads,Retargeting,Asia-Pacific,25915,858,353,92,1817.48,23822.04,66,14,Desktop
CMP_IG_01,IG_Influencer_Promos,2025-10-11,Instagram Ads,Product Promotion,North America,51638,1821,592,153,4339.25,37529.57,91,16,Desktop
CMP_IG_01,IG_Influencer_Promos,2025-10-11,Instagram Ads,Product Promotion,Middle East,54467,2071,554,145,5655.17,24275.6,93,29,Desktop
CMP_YT_02,YT_TrueView_Product_Demo,2025-10-11,YouTube Ads,Product Promotion,Europe,68301,878,241,57,1847.88,12144.52,29,19,Desktop
CMP_DSP_01,DSP_Programmatic_Banner,2025-10-12,Display Ads,Awareness,Middle East,48921,447,192,14,1258.39,1941.14,7,13,Mobile
CMP_DSP_02,DSP_Dynamic_Retargeting,2025-10-12,Display Ads,Retargeting,Asia-Pacific,95713,907,430,30,2912.37,5352.0,14,16,Tablet
CMP_FB_01,FB_Retargeting_Q1,2025-10-12,Facebook Ads,Retargeting,Latin America,46201,1901,869,189,4437.69,35778.71,112,29,Mobile
CMP_FB_02,FB_Lookalike_Prospecting,2025-10-12,Facebook Ads,Awareness,Asia-Pacific,27849,797,318,53,2495.05,13810.04,31,19,Desktop
CMP_FB_02,FB_Lookalike_Prospecting,2025-10-12,Facebook Ads,Awareness,Asia-Pacific,35270,1753,642,178,4864.8,44032.2,99,19,Mobile
CMP_IG_02,IG_Stories_Conversion,2025-10-12,Instagram Ads,Conversion,Middle East,46485,2312,1175,166,5645.83,41595.93,90,15,Desktop
CMP_IG_02,IG_Stories_Conversion,2025-10-12,Instagram Ads,Conversion,Middle East,50776,2664,1462,264,8948.73,65640.65,140,23,Tablet
CMP_LI_02,LI_Whitepaper_Downloads,2025-10-12,LinkedIn Ads,Lead Generation,North America,21339,730,236,68,6492.4,36958.65,38,7,Tablet
CMP_LI_02,LI_Whitepaper_Downloads,2025-10-12,LinkedIn Ads,Lead Generation,Latin America,11369,375,173,43,4060.26,26732.35,26,17,Mobile
CMP_LI_02,LI_Whitepaper_Downloads,2025-10-12,LinkedIn Ads,Lead Generation,Europe,24880,817,311,101,5816.65,60944.84,63,24,Tablet
CMP_SEO_01,SEO_Organic_Blog_Content,2025-10-12,SEO,Awareness,Europe,69267,4664,2276,721,2255.36,241282.43,566,25,Desktop
CMP_YT_01,YT_Video_Awareness_V1,2025-10-12,YouTube Ads,Awareness,Europe,27491,366,165,24,656.55,4725.0,15,25,Tablet
CMP_EM_01,EM_Weekly_Newsletter,2025-10-13,Email Marketing,Product Promotion,Asia-Pacific,16257,2124,902,447,1334.47,159664.08,342,16,Desktop
CMP_EM_01,EM_Weekly_Newsletter,2025-10-13,Email Marketing,Product Promotion,Latin America,17462,2593,1021,355,1717.92,76397.71,282,10,Desktop
CMP_EM_02,EM_Abandoned_Cart_Nurture,2025-10-13,Email Marketing,Conversion,Asia-Pacific,14277,1967,756,366,1552.7,132307.71,277,25,Desktop
CMP_EM_02,EM_Abandoned_Cart_Nurture,2025-10-13,Email Marketing,Conversion,Middle East,22964,2155,551,436,1537.85,94938.76,324,17,Mobile
CMP_LI_02,LI_Whitepaper_Downloads,2025-10-13,LinkedIn Ads,Lead Generation,Europe,5147,79,35,5,505.04,3040.61,2,22,Tablet
CMP_SEO_01,SEO_Organic_Blog_Content,2025-10-13,SEO,Awareness,Asia-Pacific,47604,2685,1421,323,888.06,89636.05,262,20,Tablet
CMP_SEO_01,SEO_Organic_Blog_Content,2025-10-13,SEO,Awareness,Europe,39714,2307,1236,328,575.01,137199.48,240,20,Desktop
CMP_YT_02,YT_TrueView_Product_Demo,2025-10-13,YouTube Ads,Product Promotion,Latin America,77773,1282,674,68,2615.71,12433.27,38,21,Desktop
CMP_YT_02,YT_TrueView_Product_Demo,2025-10-13,YouTube Ads,Product Promotion,Europe,64067,1400,711,71,2090.75,13848.65,38,26,Desktop
CMP_YT_02,YT_TrueView_Product_Demo,2025-10-13,YouTube Ads,Product Promotion,Latin America,89658,1609,508,71,2130.94,16054.01,39,10,Desktop
CMP_DSP_02,DSP_Dynamic_Retargeting,2025-10-14,Display Ads,Retargeting,Asia-Pacific,62000,919,314,20,3074.98,2618.73,7,26,Mobile
CMP_GGL_02,Google_NonBrand_Generic,2025-10-14,Google Ads,Lead Generation,Middle East,28901,1162,539,137,4544.85,45982.84,90,29,Mobile
CMP_IG_02,IG_Stories_Conversion,2025-10-14,Instagram Ads,Conversion,Latin America,21659,812,205,56,2492.26,11042.41,33,13,Desktop
CMP_SEO_02,SEO_High_Intent_Landing,2025-10-14,SEO,Conversion,Latin America,17827,1116,283,158,410.95,49921.94,115,16,Mobile
CMP_YT_02,YT_TrueView_Product_Demo,2025-10-14,YouTube Ads,Product Promotion,Asia-Pacific,40979,500,174,33,1171.4,5150.05,17,22,Mobile
CMP_DSP_01,DSP_Programmatic_Banner,2025-10-15,Display Ads,Awareness,Europe,49898,586,189,18,1313.11,2847.46,7,30,Mobile
CMP_EM_01,EM_Weekly_Newsletter,2025-10-15,Email Marketing,Product Promotion,Asia-Pacific,21054,1830,510,259,698.46,63654.99,224,8,Mobile
CMP_EM_02,EM_Abandoned_Cart_Nurture,2025-10-15,Email Marketing,Conversion,North America,21818,1955,892,303,1133.01,79926.1,253,9,Desktop
CMP_EM_02,EM_Abandoned_Cart_Nurture,2025-10-15,Email Marketing,Conversion,Latin America,8825,1023,328,157,805.26,58206.97,130,19,Mobile
CMP_FB_02,FB_Lookalike_Prospecting,2025-10-15,Facebook Ads,Awareness,Europe,37303,1664,842,163,4672.4,38419.46,118,15,Desktop
CMP_FB_02,FB_Lookalike_Prospecting,2025-10-15,Facebook Ads,Awareness,Middle East,31480,799,436,55,2149.04,12377.37,38,14,Mobile
CMP_IG_01,IG_Influencer_Promos,2025-10-15,Instagram Ads,Product Promotion,North America,20010,805,213,78,2644.53,15778.91,53,28,Tablet
CMP_IG_02,IG_Stories_Conversion,2025-10-15,Instagram Ads,Conversion,Middle East,41246,1458,423,123,4141.0,31963.13,66,15,Mobile
CMP_IG_02,IG_Stories_Conversion,2025-10-15,Instagram Ads,Conversion,Europe,39328,2090,1071,161,5198.12,26290.98,111,20,Tablet
CMP_LI_01,LI_B2B_Executive_Leads,2025-10-15,LinkedIn Ads,Lead Generation,Middle East,8579,234,103,19,2090.59,12368.05,10,11,Mobile
CMP_SEO_01,SEO_Organic_Blog_Content,2025-10-15,SEO,Awareness,Middle East,49357,2460,681,355,562.5,108267.89,296,30,Desktop
CMP_SEO_02,SEO_High_Intent_Landing,2025-10-15,SEO,Conversion,Europe,41159,2052,725,189,764.07,68075.29,135,11,Mobile
CMP_YT_02,YT_TrueView_Product_Demo,2025-10-15,YouTube Ads,Product Promotion,Europe,60721,1204,474,56,1467.04,10241.14,27,12,Mobile
CMP_FB_01,FB_Retargeting_Q1,2025-10-16,Facebook Ads,Retargeting,Asia-Pacific,35610,904,477,60,1674.36,15724.14,42,12,Tablet
CMP_FB_01,FB_Retargeting_Q1,2025-10-16,Facebook Ads,Retargeting,Latin America,21132,1042,477,85,2921.35,18129.14,47,29,Mobile
CMP_IG_02,IG_Stories_Conversion,2025-10-16,Instagram Ads,Conversion,North America,38907,1388,369,98,3239.35,20149.65,51,7,Tablet
CMP_LI_02,LI_Whitepaper_Downloads,2025-10-16,LinkedIn Ads,Lead Generation,Latin America,19519,337,91,41,2888.0,30221.95,19,9,Desktop
CMP_SEO_01,SEO_Organic_Blog_Content,2025-10-16,SEO,Awareness,Middle East,45923,2984,1425,336,1659.41,132997.33,242,19,Tablet
CMP_EM_01,EM_Weekly_Newsletter,2025-10-17,Email Marketing,Product Promotion,Middle East,15972,2063,903,277,694.35,77206.46,227,11,Tablet
CMP_IG_01,IG_Influencer_Promos,2025-10-17,Instagram Ads,Product Promotion,Europe,16444,722,337,40,2463.91,7670.39,27,17,Tablet
CMP_IG_02,IG_Stories_Conversion,2025-10-17,Instagram Ads,Conversion,Europe,49037,1686,854,147,4720.6,25393.23,100,26,Tablet
CMP_SEO_01,SEO_Organic_Blog_Content,2025-10-17,SEO,Awareness,Latin America,46384,2321,678,254,906.8,82438.24,173,17,Desktop
CMP_DSP_01,DSP_Programmatic_Banner,2025-10-18,Display Ads,Awareness,Middle East,41305,722,241,28,1974.43,3613.63,14,15,Tablet
CMP_DSP_02,DSP_Dynamic_Retargeting,2025-10-18,Display Ads,Retargeting,Latin America,75724,449,122,10,1556.64,1488.42,5,24,Mobile
CMP_FB_02,FB_Lookalike_Prospecting,2025-10-18,Facebook Ads,Awareness,Latin America,22334,608,263,50,1803.69,13126.91,31,29,Tablet
CMP_GGL_01,Google_Search_Brand,2025-10-18,Google Ads,Conversion,Middle East,29532,1351,364,157,3791.52,45627.16,94,29,Mobile
CMP_LI_02,LI_Whitepaper_Downloads,2025-10-18,LinkedIn Ads,Lead Generation,Latin America,13782,350,88,39,2139.11,27543.6,24,9,Tablet
CMP_SEO_02,SEO_High_Intent_Landing,2025-10-18,SEO,Conversion,North America,36558,1606,523,234,912.64,87501.9,191,27,Desktop
CMP_YT_01,YT_Video_Awareness_V1,2025-10-18,YouTube Ads,Awareness,Latin America,59582,1055,578,69,1478.59,15115.14,31,25,Tablet
CMP_YT_02,YT_TrueView_Product_Demo,2025-10-18,YouTube Ads,Product Promotion,Latin America,46212,969,262,61,1509.63,14728.29,34,18,Desktop
CMP_DSP_01,DSP_Programmatic_Banner,2025-10-19,Display Ads,Awareness,Asia-Pacific,21836,368,175,7,663.87,1214.27,3,15,Mobile
CMP_EM_02,EM_Abandoned_Cart_Nurture,2025-10-19,Email Marketing,Conversion,Latin America,26525,2313,1254,393,718.5,100500.63,323,17,Tablet
CMP_FB_02,FB_Lookalike_Prospecting,2025-10-19,Facebook Ads,Awareness,Europe,60203,2519,1102,254,7575.41,54887.83,142,16,Desktop
CMP_GGL_02,Google_NonBrand_Generic,2025-10-19,Google Ads,Lead Generation,Asia-Pacific,14410,663,348,81,2225.19,18578.38,60,12,Mobile
CMP_IG_01,IG_Influencer_Promos,2025-10-19,Instagram Ads,Product Promotion,Europe,51115,2221,1126,189,5219.82,35708.4,104,15,Desktop
CMP_LI_02,LI_Whitepaper_Downloads,2025-10-19,LinkedIn Ads,Lead Generation,Latin America,6477,163,80,15,1394.18,8840.95,8,9,Mobile
CMP_SEO_01,SEO_Organic_Blog_Content,2025-10-19,SEO,Awareness,Europe,69639,2786,1085,334,876.94,116431.54,260,24,Tablet
CMP_YT_01,YT_Video_Awareness_V1,2025-10-19,YouTube Ads,Awareness,Middle East,88651,1937,691,74,4417.74,14775.72,38,19,Mobile
CMP_DSP_01,DSP_Programmatic_Banner,2025-10-20,Display Ads,Awareness,Middle East,61803,1084,349,29,2368.08,4601.98,12,16,Desktop
CMP_EM_02,EM_Abandoned_Cart_Nurture,2025-10-20,Email Marketing,Conversion,Europe,8748,1176,558,160,730.83,58693.62,142,9,Tablet
CMP_EM_02,EM_Abandoned_Cart_Nurture,2025-10-20,Email Marketing,Conversion,Asia-Pacific,18150,1871,928,333,597.73,125831.79,274,12,Tablet
CMP_IG_02,IG_Stories_Conversion,2025-10-20,Instagram Ads,Conversion,Latin America,27827,992,294,71,3183.57,17334.17,39,13,Tablet
CMP_LI_01,LI_B2B_Executive_Leads,2025-10-20,LinkedIn Ads,Lead Generation,Europe,21535,336,183,25,2852.51,17492.66,16,29,Tablet
CMP_SEO_02,SEO_High_Intent_Landing,2025-10-20,SEO,Conversion,Europe,18830,1014,519,94,403.43,34823.77,68,14,Desktop
CMP_YT_01,YT_Video_Awareness_V1,2025-10-20,YouTube Ads,Awareness,Europe,73662,1017,258,49,2324.96,11271.24,28,15,Tablet
CMP_YT_02,YT_TrueView_Product_Demo,2025-10-20,YouTube Ads,Product Promotion,Latin America,68546,1167,638,51,1942.62,12441.17,23,13,Tablet
CMP_DSP_01,DSP_Programmatic_Banner,2025-10-21,Display Ads,Awareness,Middle East,65169,437,205,17,1011.3,2911.75,7,20,Tablet
CMP_EM_02,EM_Abandoned_Cart_Nurture,2025-10-21,Email Marketing,Conversion,Latin America,11082,1383,532,178,702.4,36713.17,143,25,Mobile
CMP_EM_02,EM_Abandoned_Cart_Nurture,2025-10-21,Email Marketing,Conversion,North America,8140,1042,326,170,607.25,57647.76,136,30,Tablet
CMP_FB_01,FB_Retargeting_Q1,2025-10-21,Facebook Ads,Retargeting,Latin America,50500,2347,680,228,7205.94,49835.34,170,18,Desktop
CMP_GGL_02,Google_NonBrand_Generic,2025-10-21,Google Ads,Lead Generation,Middle East,43179,2618,981,328,8903.5,111471.22,237,18,Tablet
CMP_SEO_01,SEO_Organic_Blog_Content,2025-10-21,SEO,Awareness,Asia-Pacific,60277,2780,1466,441,1146.16,140895.34,351,26,Tablet
CMP_SEO_02,SEO_High_Intent_Landing,2025-10-21,SEO,Conversion,Latin America,42658,2797,1329,302,1633.11,100249.49,234,20,Mobile
CMP_SEO_02,SEO_High_Intent_Landing,2025-10-21,SEO,Conversion,North America,24861,1512,695,202,499.12,54668.91,154,29,Tablet
CMP_SEO_02,SEO_High_Intent_Landing,2025-10-21,SEO,Conversion,Asia-Pacific,45773,3561,1418,392,1758.82,99658.18,318,14,Tablet
CMP_FB_01,FB_Retargeting_Q1,2025-10-22,Facebook Ads,Retargeting,Latin America,40164,1500,721,139,2872.16,25097.07,97,29,Tablet
CMP_FB_02,FB_Lookalike_Prospecting,2025-10-22,Facebook Ads,Awareness,Asia-Pacific,30906,812,323,71,2473.29,17359.85,45,29,Desktop
CMP_GGL_01,Google_Search_Brand,2025-10-22,Google Ads,Conversion,North America,28636,1114,391,91,4939.15,26330.91,66,21,Desktop
CMP_GGL_01,Google_Search_Brand,2025-10-22,Google Ads,Conversion,North America,37373,1632,633,225,5402.03,54527.29,188,19,Mobile
CMP_GGL_01,Google_Search_Brand,2025-10-22,Google Ads,Conversion,Asia-Pacific,39798,1406,530,169,5353.53,46461.38,103,28,Desktop
CMP_LI_01,LI_B2B_Executive_Leads,2025-10-22,LinkedIn Ads,Lead Generation,Asia-Pacific,9623,291,153,31,2396.03,21797.31,15,29,Desktop
CMP_LI_01,LI_B2B_Executive_Leads,2025-10-22,LinkedIn Ads,Lead Generation,Middle East,8259,181,54,15,1235.86,8939.86,6,17,Mobile
CMP_LI_01,LI_B2B_Executive_Leads,2025-10-22,LinkedIn Ads,Lead Generation,North America,17338,589,319,70,4791.84,50945.69,29,11,Mobile
CMP_LI_02,LI_Whitepaper_Downloads,2025-10-22,LinkedIn Ads,Lead Generation,Latin America,23105,495,227,49,3822.59,27519.6,26,17,Tablet
CMP_SEO_01,SEO_Organic_Blog_Content,2025-10-22,SEO,Awareness,Europe,20495,1343,499,208,384.35,61692.58,158,18,Desktop
CMP_EM_01,EM_Weekly_Newsletter,2025-10-23,Email Marketing,Product Promotion,North America,15586,1300,356,254,592.47,85311.31,224,9,Desktop
CMP_EM_01,EM_Weekly_Newsletter,2025-10-23,Email Marketing,Product Promotion,Latin America,23875,2483,753,502,801.46,168114.88,377,14,Tablet
CMP_EM_02,EM_Abandoned_Cart_Nurture,2025-10-23,Email Marketing,Conversion,Europe,10096,1249,442,229,627.21,57844.63,193,25,Mobile
CMP_FB_01,FB_Retargeting_Q1,2025-10-23,Facebook Ads,Retargeting,Latin America,29374,1250,521,75,2374.79,20954.29,41,30,Tablet
CMP_FB_02,FB_Lookalike_Prospecting,2025-10-23,Facebook Ads,Awareness,Latin America,25749,973,301,101,2985.17,27928.88,74,7,Mobile
CMP_FB_02,FB_Lookalike_Prospecting,2025-10-23,Facebook Ads,Awareness,Middle East,34191,1285,552,77,2408.94,20889.14,53,24,Desktop
CMP_FB_02,FB_Lookalike_Prospecting,2025-10-23,Facebook Ads,Awareness,Latin America,31351,1286,353,95,2189.09,17554.91,65,12,Desktop
CMP_GGL_01,Google_Search_Brand,2025-10-23,Google Ads,Conversion,Middle East,43952,1827,807,235,5558.81,60231.2,149,8,Desktop
CMP_IG_02,IG_Stories_Conversion,2025-10-23,Instagram Ads,Conversion,Latin America,21686,954,345,67,2406.83,12111.76,44,17,Mobile
CMP_YT_01,YT_Video_Awareness_V1,2025-10-23,YouTube Ads,Awareness,North America,32815,365,197,14,880.72,2634.55,8,20,Mobile
CMP_YT_02,YT_TrueView_Product_Demo,2025-10-23,YouTube Ads,Product Promotion,Middle East,78633,1164,395,41,1853.43,8856.87,20,28,Mobile
CMP_DSP_01,DSP_Programmatic_Banner,2025-10-24,Display Ads,Awareness,Latin America,44596,466,185,8,1347.75,1121.64,3,13,Tablet
CMP_DSP_02,DSP_Dynamic_Retargeting,2025-10-24,Display Ads,Retargeting,Latin America,46471,633,322,10,1341.75,1795.83,4,23,Mobile
CMP_GGL_01,Google_Search_Brand,2025-10-24,Google Ads,Conversion,Asia-Pacific,19738,955,506,95,3312.59,30321.48,65,22,Tablet
CMP_SEO_01,SEO_Organic_Blog_Content,2025-10-24,SEO,Awareness,Middle East,15826,659,208,101,376.58,41018.54,70,20,Mobile
CMP_SEO_02,SEO_High_Intent_Landing,2025-10-24,SEO,Conversion,Asia-Pacific,56263,2875,870,371,1413.79,140005.72,286,11,Mobile
CMP_YT_01,YT_Video_Awareness_V1,2025-10-24,YouTube Ads,Awareness,Europe,79668,1528,514,73,2694.62,18017.52,44,17,Desktop
CMP_DSP_01,DSP_Programmatic_Banner,2025-10-25,Display Ads,Awareness,North America,52662,616,206,11,1142.33,1455.34,6,19,Tablet
CMP_EM_02,EM_Abandoned_Cart_Nurture,2025-10-25,Email Marketing,Conversion,North America,13183,1082,534,138,522.2,29514.3,112,26,Tablet
CMP_FB_01,FB_Retargeting_Q1,2025-10-25,Facebook Ads,Retargeting,Europe,55925,2405,621,245,6081.61,57908.64,175,28,Tablet
CMP_GGL_02,Google_NonBrand_Generic,2025-10-25,Google Ads,Lead Generation,Asia-Pacific,27019,1691,498,236,5077.72,57753.6,151,19,Desktop
CMP_GGL_02,Google_NonBrand_Generic,2025-10-25,Google Ads,Lead Generation,North America,41819,2373,917,248,9364.82,84850.85,197,20,Desktop
CMP_GGL_02,Google_NonBrand_Generic,2025-10-25,Google Ads,Lead Generation,Latin America,43079,1649,656,162,7084.95,54117.33,105,18,Desktop
CMP_GGL_02,Google_NonBrand_Generic,2025-10-25,Google Ads,Lead Generation,Europe,32296,2096,788,289,8542.32,80791.82,226,23,Mobile
CMP_LI_02,LI_Whitepaper_Downloads,2025-10-25,LinkedIn Ads,Lead Generation,Latin America,14547,487,236,53,4059.82,28087.0,34,13,Tablet
CMP_LI_02,LI_Whitepaper_Downloads,2025-10-25,LinkedIn Ads,Lead Generation,Europe,7347,114,54,8,1072.76,4894.79,4,13,Tablet
CMP_SEO_02,SEO_High_Intent_Landing,2025-10-25,SEO,Conversion,Asia-Pacific,40972,2335,611,279,762.38,73694.07,192,16,Tablet
CMP_YT_01,YT_Video_Awareness_V1,2025-10-25,YouTube Ads,Awareness,Asia-Pacific,79387,1274,359,81,1603.21,13439.36,38,26,Tablet
CMP_YT_01,YT_Video_Awareness_V1,2025-10-25,YouTube Ads,Awareness,North America,84008,1047,262,61,1259.43,10315.17,32,10,Mobile
CMP_DSP_01,DSP_Programmatic_Banner,2025-10-26,Display Ads,Awareness,Latin America,84397,1209,442,24,4137.78,4232.89,10,27,Tablet
CMP_DSP_01,DSP_Programmatic_Banner,2025-10-26,Display Ads,Awareness,Asia-Pacific,54282,732,272,12,2331.81,1433.5,4,7,Mobile
CMP_DSP_01,DSP_Programmatic_Banner,2025-10-26,Display Ads,Awareness,North America,94289,872,277,16,2403.21,1974.69,5,20,Desktop
CMP_FB_02,FB_Lookalike_Prospecting,2025-10-26,Facebook Ads,Awareness,Europe,44195,1998,776,171,4537.13,38591.25,96,23,Tablet
CMP_LI_01,LI_B2B_Executive_Leads,2025-10-26,LinkedIn Ads,Lead Generation,Europe,15604,453,147,44,3119.99,26520.72,22,20,Desktop
CMP_LI_02,LI_Whitepaper_Downloads,2025-10-26,LinkedIn Ads,Lead Generation,Middle East,20548,428,220,45,4061.8,23638.61,20,18,Tablet
CMP_LI_02,LI_Whitepaper_Downloads,2025-10-26,LinkedIn Ads,Lead Generation,Europe,10761,313,114,36,2902.63,26832.08,22,9,Tablet
CMP_LI_02,LI_Whitepaper_Downloads,2025-10-26,LinkedIn Ads,Lead Generation,Europe,6897,125,42,11,942.06,6313.87,5,22,Desktop
CMP_YT_01,YT_Video_Awareness_V1,2025-10-26,YouTube Ads,Awareness,Middle East,59472,1278,355,85,1833.6,14842.34,46,7,Desktop
CMP_YT_02,YT_TrueView_Product_Demo,2025-10-26,YouTube Ads,Product Promotion,Asia-Pacific,51489,1169,292,37,2698.35,8883.98,23,23,Desktop
CMP_DSP_01,DSP_Programmatic_Banner,2025-10-27,Display Ads,Awareness,Europe,94542,731,228,17,2342.4,2972.84,8,24,Desktop
CMP_DSP_01,DSP_Programmatic_Banner,2025-10-27,Display Ads,Awareness,Asia-Pacific,52828,667,220,23,1491.25,2847.69,11,23,Desktop
CMP_EM_01,EM_Weekly_Newsletter,2025-10-27,Email Marketing,Product Promotion,Asia-Pacific,12123,1628,575,298,667.99,103848.4,218,8,Tablet
CMP_EM_01,EM_Weekly_Newsletter,2025-10-27,Email Marketing,Product Promotion,Latin America,27810,3341,905,707,1681.17,187304.12,571,7,Desktop
CMP_EM_02,EM_Abandoned_Cart_Nurture,2025-10-27,Email Marketing,Conversion,Asia-Pacific,12275,1522,753,188,914.6,70368.29,164,10,Desktop
CMP_EM_02,EM_Abandoned_Cart_Nurture,2025-10-27,Email Marketing,Conversion,Latin America,26688,2874,1066,489,2026.96,162075.38,354,7,Desktop
CMP_EM_02,EM_Abandoned_Cart_Nurture,2025-10-27,Email Marketing,Conversion,Europe,26420,3514,1311,428,2349.77,102915.86,301,11,Tablet
CMP_FB_01,FB_Retargeting_Q1,2025-10-27,Facebook Ads,Retargeting,Latin America,63538,1880,917,138,3450.61,29067.6,95,8,Mobile
CMP_LI_01,LI_B2B_Executive_Leads,2025-10-27,LinkedIn Ads,Lead Generation,Asia-Pacific,21665,647,228,61,7104.44,38767.82,26,18,Desktop
CMP_DSP_02,DSP_Dynamic_Retargeting,2025-10-28,Display Ads,Retargeting,Europe,99820,1492,740,34,5462.06,5654.34,13,19,Tablet
CMP_EM_02,EM_Abandoned_Cart_Nurture,2025-10-28,Email Marketing,Conversion,Middle East,12003,1291,555,173,530.52,37781.75,124,29,Mobile
CMP_FB_02,FB_Lookalike_Prospecting,2025-10-28,Facebook Ads,Awareness,Europe,36034,1090,378,92,2203.29,22394.28,52,21,Tablet
CMP_FB_02,FB_Lookalike_Prospecting,2025-10-28,Facebook Ads,Awareness,Europe,53427,2496,1092,169,3902.73,41952.12,95,22,Desktop
CMP_GGL_01,Google_Search_Brand,2025-10-28,Google Ads,Conversion,Middle East,24700,1197,356,115,4640.6,32428.69,80,16,Desktop
CMP_GGL_02,Google_NonBrand_Generic,2025-10-28,Google Ads,Lead Generation,North America,45572,1832,669,151,5729.23,33768.92,127,25,Mobile
CMP_IG_01,IG_Influencer_Promos,2025-10-28,Instagram Ads,Product Promotion,Latin America,19964,900,296,70,2000.26,11244.81,36,15,Tablet
CMP_IG_01,IG_Influencer_Promos,2025-10-28,Instagram Ads,Product Promotion,Asia-Pacific,45059,1738,709,118,5701.33,24391.05,68,10,Desktop
CMP_IG_02,IG_Stories_Conversion,2025-10-28,Instagram Ads,Conversion,North America,32435,1338,353,94,3551.0,20421.73,52,16,Mobile
CMP_LI_01,LI_B2B_Executive_Leads,2025-10-28,LinkedIn Ads,Lead Generation,Europe,20119,438,164,52,2816.07,30089.17,33,21,Tablet
CMP_SEO_01,SEO_Organic_Blog_Content,2025-10-28,SEO,Awareness,Middle East,20730,1534,725,167,319.01,60868.06,129,10,Mobile
CMP_SEO_01,SEO_Organic_Blog_Content,2025-10-28,SEO,Awareness,North America,16428,1312,661,177,366.18,68601.8,118,9,Tablet
CMP_SEO_02,SEO_High_Intent_Landing,2025-10-28,SEO,Conversion,Middle East,59587,3404,1201,509,1135.13,186660.96,412,13,Desktop
CMP_SEO_02,SEO_High_Intent_Landing,2025-10-28,SEO,Conversion,Latin America,28617,1491,636,189,887.67,58026.94,158,18,Desktop
CMP_YT_01,YT_Video_Awareness_V1,2025-10-28,YouTube Ads,Awareness,Latin America,40809,916,339,32,1726.71,5378.97,15,7,Desktop
CMP_EM_01,EM_Weekly_Newsletter,2025-10-29,Email Marketing,Product Promotion,Asia-Pacific,25235,3363,1378,572,1304.18,130494.61,479,26,Mobile
CMP_EM_02,EM_Abandoned_Cart_Nurture,2025-10-29,Email Marketing,Conversion,Asia-Pacific,18859,1534,577,250,988.69,93759.98,208,18,Tablet
CMP_FB_01,FB_Retargeting_Q1,2025-10-29,Facebook Ads,Retargeting,Asia-Pacific,45576,1811,460,114,3691.88,30493.27,62,23,Tablet
CMP_LI_01,LI_B2B_Executive_Leads,2025-10-29,LinkedIn Ads,Lead Generation,Europe,19090,421,195,45,3279.52,21021.66,21,24,Desktop
CMP_SEO_02,SEO_High_Intent_Landing,2025-10-29,SEO,Conversion,Asia-Pacific,40339,1810,656,219,736.89,75561.6,180,30,Desktop
CMP_YT_02,YT_TrueView_Product_Demo,2025-10-29,YouTube Ads,Product Promotion,Middle East,46545,843,418,44,1532.81,8108.98,22,26,Mobile
CMP_YT_02,YT_TrueView_Product_Demo,2025-10-29,YouTube Ads,Product Promotion,North America,25323,307,168,11,706.85,2232.21,6,16,Desktop
CMP_DSP_02,DSP_Dynamic_Retargeting,2025-10-30,Display Ads,Retargeting,North America,36802,459,212,13,1573.86,2435.86,5,15,Mobile
CMP_EM_01,EM_Weekly_Newsletter,2025-10-30,Email Marketing,Product Promotion,Latin America,11789,1613,818,316,640.68,116730.45,245,7,Mobile
CMP_FB_02,FB_Lookalike_Prospecting,2025-10-30,Facebook Ads,Awareness,Europe,55230,2565,704,197,6454.87,36545.0,120,20,Tablet
CMP_GGL_02,Google_NonBrand_Generic,2025-10-30,Google Ads,Lead Generation,Asia-Pacific,14260,716,288,77,2084.34,23465.51,53,23,Desktop
CMP_IG_01,IG_Influencer_Promos,2025-10-30,Instagram Ads,Product Promotion,Asia-Pacific,28720,1017,342,97,2586.31,20515.2,58,26,Tablet
CMP_LI_01,LI_B2B_Executive_Leads,2025-10-30,LinkedIn Ads,Lead Generation,Latin America,14952,237,75,29,1598.08,16765.63,15,11,Mobile
CMP_LI_01,LI_B2B_Executive_Leads,2025-10-30,LinkedIn Ads,Lead Generation,North America,19956,317,124,29,2429.18,18505.27,17,24,Mobile
CMP_LI_02,LI_Whitepaper_Downloads,2025-10-30,LinkedIn Ads,Lead Generation,Europe,7978,254,105,20,2771.2,9296.47,12,28,Mobile
CMP_EM_01,EM_Weekly_Newsletter,2025-10-31,Email Marketing,Product Promotion,Middle East,13487,1666,515,304,713.04,68491.49,218,18,Mobile
CMP_FB_02,FB_Lookalike_Prospecting,2025-10-31,Facebook Ads,Awareness,Europe,16200,691,224,57,1927.62,15797.93,36,14,Mobile
CMP_IG_02,IG_Stories_Conversion,2025-10-31,Instagram Ads,Conversion,North America,30780,1452,793,128,4163.88,28043.49,85,15,Mobile
CMP_SEO_01,SEO_Organic_Blog_Content,2025-10-31,SEO,Awareness,Middle East,20834,1183,386,180,331.86,58054.89,152,16,Mobile
CMP_SEO_01,SEO_Organic_Blog_Content,2025-10-31,SEO,Awareness,Europe,26823,1195,563,163,540.9,41521.93,133,10,Desktop
CMP_EM_01,EM_Weekly_Newsletter,2025-11-01,Email Marketing,Product Promotion,Europe,11738,1630,883,204,697.34,58707.1,168,13,Desktop
CMP_GGL_01,Google_Search_Brand,2025-11-01,Google Ads,Conversion,Asia-Pacific,48461,2497,691,325,7961.68,82428.38,262,22,Mobile
CMP_SEO_02,SEO_High_Intent_Landing,2025-11-01,SEO,Conversion,Europe,40006,2056,1092,282,953.66,100899.1,222,20,Tablet
CMP_YT_01,YT_Video_Awareness_V1,2025-11-01,YouTube Ads,Awareness,Middle East,32085,635,263,36,778.3,6900.39,18,28,Desktop
CMP_YT_02,YT_TrueView_Product_Demo,2025-11-01,YouTube Ads,Product Promotion,Middle East,64681,1328,495,48,2314.38,10529.4,21,7,Desktop
CMP_DSP_02,DSP_Dynamic_Retargeting,2025-11-02,Display Ads,Retargeting,Latin America,34097,439,118,12,1167.14,1679.0,5,17,Mobile
CMP_EM_01,EM_Weekly_Newsletter,2025-11-02,Email Marketing,Product Promotion,Middle East,23579,2192,634,434,1097.18,153405.08,352,8,Tablet
CMP_GGL_01,Google_Search_Brand,2025-11-02,Google Ads,Conversion,Middle East,31544,1960,850,260,7630.84,75855.07,184,9,Mobile
CMP_IG_01,IG_Influencer_Promos,2025-11-02,Instagram Ads,Product Promotion,Europe,53532,2927,1029,218,6519.11,37509.4,117,25,Tablet
CMP_SEO_02,SEO_High_Intent_Landing,2025-11-02,SEO,Conversion,Middle East,31016,2094,1040,281,698.43,94008.49,223,7,Desktop
CMP_YT_01,YT_Video_Awareness_V1,2025-11-02,YouTube Ads,Awareness,Latin America,69452,1503,731,48,2772.81,9026.06,30,20,Tablet
CMP_YT_02,YT_TrueView_Product_Demo,2025-11-02,YouTube Ads,Product Promotion,Europe,48103,991,429,66,1591.01,11309.32,37,16,Tablet
CMP_GGL_02,Google_NonBrand_Generic,2025-11-03,Google Ads,Lead Generation,Asia-Pacific,39760,1758,513,221,6053.2,66967.8,152,21,Mobile
CMP_IG_02,IG_Stories_Conversion,2025-11-03,Instagram Ads,Conversion,Middle East,19331,1028,527,94,3386.05,17930.63,48,7,Desktop
CMP_LI_01,LI_B2B_Executive_Leads,2025-11-03,LinkedIn Ads,Lead Generation,Europe,14283,309,104,25,2188.61,14247.96,14,20,Tablet
CMP_YT_01,YT_Video_Awareness_V1,2025-11-03,YouTube Ads,Awareness,Asia-Pacific,57374,661,214,43,944.01,10514.99,25,10,Desktop
CMP_YT_02,YT_TrueView_Product_Demo,2025-11-03,YouTube Ads,Product Promotion,Europe,36998,862,456,38,1941.61,7188.19,22,17,Desktop
CMP_DSP_02,DSP_Dynamic_Retargeting,2025-11-04,Display Ads,Retargeting,Europe,43839,574,246,11,1619.6,1813.32,5,25,Mobile
CMP_EM_01,EM_Weekly_Newsletter,2025-11-04,Email Marketing,Product Promotion,Europe,28491,3169,1638,689,1148.49,251490.92,534,10,Desktop
CMP_FB_01,FB_Retargeting_Q1,2025-11-04,Facebook Ads,Retargeting,Asia-Pacific,44458,1755,849,184,4487.19,37295.04,111,30,Mobile
CMP_GGL_01,Google_Search_Brand,2025-11-04,Google Ads,Conversion,North America,12781,752,205,91,2941.02,26128.84,76,10,Mobile
CMP_IG_01,IG_Influencer_Promos,2025-11-04,Instagram Ads,Product Promotion,Latin America,46521,2142,537,184,4102.48,42345.46,117,7,Mobile
CMP_IG_02,IG_Stories_Conversion,2025-11-04,Instagram Ads,Conversion,Europe,23877,733,271,63,2476.81,12170.28,32,12,Desktop
CMP_SEO_01,SEO_Organic_Blog_Content,2025-11-04,SEO,Awareness,Latin America,62341,3083,1682,305,1505.53,79127.35,209,13,Tablet
CMP_SEO_02,SEO_High_Intent_Landing,2025-11-04,SEO,Conversion,Middle East,68967,3892,1633,398,823.91,149692.24,278,28,Tablet
CMP_YT_01,YT_Video_Awareness_V1,2025-11-04,YouTube Ads,Awareness,North America,46580,1047,330,65,2259.85,14585.73,41,17,Desktop
CMP_YT_02,YT_TrueView_Product_Demo,2025-11-04,YouTube Ads,Product Promotion,Europe,51532,768,200,26,1179.8,5328.56,12,22,Mobile
CMP_EM_02,EM_Abandoned_Cart_Nurture,2025-11-05,Email Marketing,Conversion,North America,26103,2284,790,422,1418.12,153550.06,356,21,Mobile
CMP_FB_01,FB_Retargeting_Q1,2025-11-05,Facebook Ads,Retargeting,Asia-Pacific,34960,1271,489,122,2617.46,24420.8,88,30,Tablet
CMP_FB_02,FB_Lookalike_Prospecting,2025-11-05,Facebook Ads,Awareness,Latin America,34217,1686,642,130,4705.92,32586.64,72,22,Desktop
CMP_IG_01,IG_Influencer_Promos,2025-11-05,Instagram Ads,Product Promotion,Latin America,12529,538,224,30,1569.91,5512.16,19,18,Mobile
CMP_IG_02,IG_Stories_Conversion,2025-11-05,Instagram Ads,Conversion,Asia-Pacific,53174,2441,1055,212,7564.16,52715.8,130,20,Desktop
CMP_IG_02,IG_Stories_Conversion,2025-11-05,Instagram Ads,Conversion,North America,18652,685,247,52,2144.97,12371.11,31,9,Desktop
CMP_LI_02,LI_Whitepaper_Downloads,2025-11-05,LinkedIn Ads,Lead Generation,Asia-Pacific,24644,411,138,38,4502.59,17434.37,23,13,Desktop
CMP_SEO_01,SEO_Organic_Blog_Content,2025-11-05,SEO,Awareness,Latin America,48516,2481,1087,242,1258.36,70813.38,181,22,Tablet
CMP_SEO_02,SEO_High_Intent_Landing,2025-11-05,SEO,Conversion,Asia-Pacific,42584,2901,1192,300,775.29,115887.09,236,22,Mobile
CMP_DSP_02,DSP_Dynamic_Retargeting,2025-11-06,Display Ads,Retargeting,Europe,76523,1100,284,33,3818.97,4702.99,15,23,Mobile
CMP_EM_02,EM_Abandoned_Cart_Nurture,2025-11-06,Email Marketing,Conversion,Middle East,19103,1788,737,301,1404.26,108396.34,254,8,Desktop
CMP_FB_02,FB_Lookalike_Prospecting,2025-11-06,Facebook Ads,Awareness,North America,57461,2249,877,235,7071.26,58647.86,141,28,Desktop
CMP_GGL_02,Google_NonBrand_Generic,2025-11-06,Google Ads,Lead Generation,Asia-Pacific,31351,1620,527,144,5007.15,42257.64,103,19,Desktop
CMP_GGL_02,Google_NonBrand_Generic,2025-11-06,Google Ads,Lead Generation,Latin America,22331,1320,689,158,4851.22,39217.52,103,9,Tablet
CMP_IG_01,IG_Influencer_Promos,2025-11-06,Instagram Ads,Product Promotion,Asia-Pacific,15588,595,267,34,1699.28,8788.7,17,27,Desktop
CMP_IG_02,IG_Stories_Conversion,2025-11-06,Instagram Ads,Conversion,Latin America,17042,858,389,47,2286.36,9153.91,30,10,Mobile
CMP_IG_02,IG_Stories_Conversion,2025-11-06,Instagram Ads,Conversion,Europe,18968,774,300,53,1416.77,8550.51,33,28,Desktop
CMP_LI_01,LI_B2B_Executive_Leads,2025-11-06,LinkedIn Ads,Lead Generation,Europe,6984,207,78,24,1443.77,12833.69,14,18,Tablet
CMP_LI_02,LI_Whitepaper_Downloads,2025-11-06,LinkedIn Ads,Lead Generation,Europe,8819,244,111,23,2055.33,14409.84,14,19,Desktop
CMP_SEO_02,SEO_High_Intent_Landing,2025-11-06,SEO,Conversion,Latin America,53501,2574,987,314,1252.79,89266.89,266,16,Desktop
CMP_DSP_01,DSP_Programmatic_Banner,2025-11-07,Display Ads,Awareness,Latin America,63415,558,226,12,1031.5,1568.41,6,10,Desktop
CMP_DSP_01,DSP_Programmatic_Banner,2025-11-07,Display Ads,Awareness,Europe,96871,646,232,11,2398.09,1973.61,5,12,Tablet
CMP_DSP_02,DSP_Dynamic_Retargeting,2025-11-07,Display Ads,Retargeting,Europe,61853,899,376,35,3165.88,4216.15,14,29,Mobile
CMP_EM_01,EM_Weekly_Newsletter,2025-11-07,Email Marketing,Product Promotion,Latin America,28073,3806,1703,814,1804.68,300745.3,647,30,Desktop
CMP_FB_02,FB_Lookalike_Prospecting,2025-11-07,Facebook Ads,Awareness,Latin America,54755,2079,1014,164,6388.59,39387.26,109,19,Tablet
CMP_GGL_01,Google_Search_Brand,2025-11-07,Google Ads,Conversion,Middle East,32466,2104,994,245,7296.3,71305.48,156,10,Tablet
CMP_GGL_02,Google_NonBrand_Generic,2025-11-07,Google Ads,Lead Generation,Middle East,40513,2048,966,233,7192.23,61840.69,152,28,Mobile
CMP_GGL_02,Google_NonBrand_Generic,2025-11-07,Google Ads,Lead Generation,Asia-Pacific,22460,1204,527,148,4642.06,45242.65,119,14,Desktop
CMP_GGL_02,Google_NonBrand_Generic,2025-11-07,Google Ads,Lead Generation,Europe,49364,2685,739,249,8276.35,85191.74,192,7,Tablet
CMP_IG_02,IG_Stories_Conversion,2025-11-07,Instagram Ads,Conversion,Latin America,53529,2014,1080,152,6275.31,34822.8,80,27,Tablet
CMP_SEO_01,SEO_Organic_Blog_Content,2025-11-07,SEO,Awareness,Europe,52152,3395,1406,496,1354.64,136025.93,408,11,Tablet
CMP_SEO_01,SEO_Organic_Blog_Content,2025-11-07,SEO,Awareness,Latin America,65186,3609,1505,392,1492.27,143137.21,274,16,Desktop
CMP_SEO_02,SEO_High_Intent_Landing,2025-11-07,SEO,Conversion,North America,41943,2556,1213,361,676.14,121137.68,299,25,Mobile
CMP_SEO_02,SEO_High_Intent_Landing,2025-11-07,SEO,Conversion,Latin America,67361,5007,1307,770,1129.3,270741.72,608,11,Mobile
CMP_SEO_02,SEO_High_Intent_Landing,2025-11-07,SEO,Conversion,Middle East,61842,2532,1257,356,993.36,106730.13,259,24,Desktop
CMP_YT_02,YT_TrueView_Product_Demo,2025-11-07,YouTube Ads,Product Promotion,Europe,41171,749,395,35,967.63,8017.25,19,18,Desktop
CMP_DSP_02,DSP_Dynamic_Retargeting,2025-11-08,Display Ads,Retargeting,Asia-Pacific,24471,433,198,15,1375.26,2819.99,5,22,Desktop
CMP_FB_01,FB_Retargeting_Q1,2025-11-08,Facebook Ads,Retargeting,Europe,32426,950,355,74,2435.03,18666.01,45,23,Tablet
CMP_FB_01,FB_Retargeting_Q1,2025-11-08,Facebook Ads,Retargeting,Middle East,30105,1342,336,99,2710.07,24066.17,57,26,Desktop
CMP_FB_02,FB_Lookalike_Prospecting,2025-11-08,Facebook Ads,Awareness,Asia-Pacific,17964,482,227,51,1477.44,13824.44,34,30,Tablet
CMP_GGL_01,Google_Search_Brand,2025-11-08,Google Ads,Conversion,Asia-Pacific,33442,1594,489,133,4847.14,30461.8,101,14,Mobile
CMP_GGL_01,Google_Search_Brand,2025-11-08,Google Ads,Conversion,Middle East,34918,1775,757,186,5676.01,61300.14,129,28,Desktop
CMP_GGL_02,Google_NonBrand_Generic,2025-11-08,Google Ads,Lead Generation,Asia-Pacific,18932,1117,308,149,4256.68,39073.65,104,9,Mobile
CMP_IG_01,IG_Influencer_Promos,2025-11-08,Instagram Ads,Product Promotion,Latin America,17557,579,146,32,1426.3,7421.31,18,19,Desktop
CMP_IG_01,IG_Influencer_Promos,2025-11-08,Instagram Ads,Product Promotion,North America,45475,2177,791,194,6664.83,44869.1,133,17,Desktop
CMP_IG_01,IG_Influencer_Promos,2025-11-08,Instagram Ads,Product Promotion,Europe,31515,1234,348,70,4023.25,12429.93,45,19,Mobile
CMP_LI_01,LI_B2B_Executive_Leads,2025-11-08,LinkedIn Ads,Lead Generation,Middle East,24067,591,301,59,4055.38,32421.07,36,23,Mobile
CMP_YT_01,YT_Video_Awareness_V1,2025-11-08,YouTube Ads,Awareness,North America,80267,1929,908,108,3652.65,16525.76,68,28,Desktop
CMP_YT_02,YT_TrueView_Product_Demo,2025-11-08,YouTube Ads,Product Promotion,Europe,53789,1017,274,41,2405.51,7665.43,22,8,Desktop
CMP_DSP_01,DSP_Programmatic_Banner,2025-11-09,Display Ads,Awareness,Asia-Pacific,69452,813,314,21,2168.5,3215.34,9,28,Mobile
CMP_DSP_02,DSP_Dynamic_Retargeting,2025-11-09,Display Ads,Retargeting,Europe,31935,481,151,9,1709.14,1565.85,3,7,Tablet
CMP_EM_01,EM_Weekly_Newsletter,2025-11-09,Email Marketing,Product Promotion,Middle East,20511,2786,722,486,1169.05,183068.78,431,15,Desktop
CMP_EM_02,EM_Abandoned_Cart_Nurture,2025-11-09,Email Marketing,Conversion,Middle East,10531,1318,463,182,486.39,43319.97,143,19,Desktop
CMP_EM_02,EM_Abandoned_Cart_Nurture,2025-11-09,Email Marketing,Conversion,Middle East,10327,1320,651,289,826.16,62464.05,241,11,Desktop
CMP_FB_01,FB_Retargeting_Q1,2025-11-09,Facebook Ads,Retargeting,Middle East,38015,1636,831,110,4200.82,24328.81,75,21,Desktop
CMP_FB_01,FB_Retargeting_Q1,2025-11-09,Facebook Ads,Retargeting,Asia-Pacific,55409,2359,936,237,4538.35,50487.66,151,25,Mobile
CMP_FB_01,FB_Retargeting_Q1,2025-11-09,Facebook Ads,Retargeting,Latin America,50518,1452,430,153,3717.4,35278.82,106,19,Mobile
CMP_GGL_01,Google_Search_Brand,2025-11-09,Google Ads,Conversion,Latin America,13797,514,217,66,1905.59,21991.82,50,11,Mobile
CMP_IG_01,IG_Influencer_Promos,2025-11-09,Instagram Ads,Product Promotion,North America,35495,1138,623,107,3392.2,19163.65,69,27,Tablet
CMP_IG_01,IG_Influencer_Promos,2025-11-09,Instagram Ads,Product Promotion,Asia-Pacific,20973,794,343,46,2003.5,11679.13,24,22,Mobile
CMP_LI_02,LI_Whitepaper_Downloads,2025-11-09,LinkedIn Ads,Lead Generation,North America,16332,565,234,59,6073.49,37390.06,24,8,Tablet
CMP_YT_02,YT_TrueView_Product_Demo,2025-11-09,YouTube Ads,Product Promotion,Europe,79197,1300,511,59,2114.2,9412.77,38,18,Desktop
CMP_DSP_01,DSP_Programmatic_Banner,2025-11-10,Display Ads,Awareness,North America,35880,334,93,5,994.53,872.52,1,11,Desktop
CMP_EM_01,EM_Weekly_Newsletter,2025-11-10,Email Marketing,Product Promotion,North America,8996,1338,566,197,921.12,41852.52,148,14,Tablet
CMP_GGL_01,Google_Search_Brand,2025-11-10,Google Ads,Conversion,Asia-Pacific,23778,1287,511,178,4004.93,49154.38,127,29,Mobile
CMP_IG_01,IG_Influencer_Promos,2025-11-10,Instagram Ads,Product Promotion,Asia-Pacific,31469,1360,486,106,3348.64,17424.23,60,21,Desktop
CMP_IG_02,IG_Stories_Conversion,2025-11-10,Instagram Ads,Conversion,Latin America,31954,1576,761,142,5006.71,24026.27,98,22,Mobile
CMP_LI_02,LI_Whitepaper_Downloads,2025-11-10,LinkedIn Ads,Lead Generation,Latin America,15147,420,200,33,4369.05,17980.46,16,13,Tablet
CMP_LI_02,LI_Whitepaper_Downloads,2025-11-10,LinkedIn Ads,Lead Generation,North America,11211,178,96,21,1484.61,10489.3,11,15,Desktop
CMP_SEO_01,SEO_Organic_Blog_Content,2025-11-10,SEO,Awareness,Asia-Pacific,53915,3312,1281,461,1512.12,118268.18,309,25,Mobile
CMP_SEO_01,SEO_Organic_Blog_Content,2025-11-10,SEO,Awareness,Asia-Pacific,27416,1960,741,211,743.38,77930.41,144,17,Desktop
CMP_GGL_02,Google_NonBrand_Generic,2025-11-11,Google Ads,Lead Generation,North America,46538,2319,1250,268,6077.21,61103.31,208,14,Mobile
CMP_SEO_02,SEO_High_Intent_Landing,2025-11-11,SEO,Conversion,Europe,16780,1149,376,111,366.77,30438.23,91,12,Desktop
CMP_SEO_02,SEO_High_Intent_Landing,2025-11-11,SEO,Conversion,Asia-Pacific,23447,1223,485,120,545.16,31692.75,94,23,Tablet
CMP_DSP_02,DSP_Dynamic_Retargeting,2025-11-12,Display Ads,Retargeting,Asia-Pacific,61488,969,386,32,1940.52,5157.0,13,14,Mobile
CMP_DSP_02,DSP_Dynamic_Retargeting,2025-11-12,Display Ads,Retargeting,Asia-Pacific,66385,424,160,14,1059.76,1990.32,4,16,Desktop
CMP_EM_02,EM_Abandoned_Cart_Nurture,2025-11-12,Email Marketing,Conversion,Latin America,20532,2180,672,478,1671.18,112449.74,369,13,Desktop
CMP_EM_02,EM_Abandoned_Cart_Nurture,2025-11-12,Email Marketing,Conversion,Europe,28036,2365,1127,410,1242.93,113896.03,354,25,Mobile
CMP_GGL_01,Google_Search_Brand,2025-11-12,Google Ads,Conversion,Latin America,12268,670,281,57,1905.03,14053.08,45,13,Desktop
CMP_GGL_01,Google_Search_Brand,2025-11-12,Google Ads,Conversion,Latin America,12576,726,322,59,2451.45,15919.28,43,28,Mobile
CMP_IG_01,IG_Influencer_Promos,2025-11-12,Instagram Ads,Product Promotion,Middle East,12063,431,127,28,1021.22,6878.25,16,30,Mobile
CMP_IG_01,IG_Influencer_Promos,2025-11-12,Instagram Ads,Product Promotion,North America,14144,668,363,48,1449.13,8813.34,27,15,Mobile
CMP_IG_02,IG_Stories_Conversion,2025-11-12,Instagram Ads,Conversion,North America,47102,2313,1195,164,5349.1,34852.59,105,15,Desktop
CMP_LI_01,LI_B2B_Executive_Leads,2025-11-12,LinkedIn Ads,Lead Generation,Asia-Pacific,6600,148,71,17,1237.96,9878.42,9,14,Mobile
CMP_SEO_01,SEO_Organic_Blog_Content,2025-11-12,SEO,Awareness,Latin America,19493,1300,708,164,478.52,67643.92,135,14,Desktop
CMP_DSP_02,DSP_Dynamic_Retargeting,2025-11-13,Display Ads,Retargeting,Asia-Pacific,28802,308,124,11,939.69,1710.85,4,11,Mobile
CMP_DSP_02,DSP_Dynamic_Retargeting,2025-11-13,Display Ads,Retargeting,Europe,94902,635,182,18,1294.33,2771.58,8,9,Desktop
CMP_DSP_02,DSP_Dynamic_Retargeting,2025-11-13,Display Ads,Retargeting,Europe,56163,543,179,21,1851.71,3845.03,8,17,Desktop
CMP_LI_02,LI_Whitepaper_Downloads,2025-11-13,LinkedIn Ads,Lead Generation,Latin America,20543,663,246,59,6014.3,37801.27,27,10,Mobile
CMP_SEO_01,SEO_Organic_Blog_Content,2025-11-13,SEO,Awareness,North America,16931,798,370,89,172.83,23250.75,66,18,Desktop
CMP_SEO_02,SEO_High_Intent_Landing,2025-11-13,SEO,Conversion,North America,43562,3040,1321,339,1752.29,86622.17,242,9,Desktop
CMP_YT_01,YT_Video_Awareness_V1,2025-11-13,YouTube Ads,Awareness,North America,53585,587,304,18,1464.29,3507.24,10,25,Mobile
CMP_YT_02,YT_TrueView_Product_Demo,2025-11-13,YouTube Ads,Product Promotion,North America,28325,519,176,30,1057.8,6235.19,17,26,Desktop
CMP_DSP_01,DSP_Programmatic_Banner,2025-11-14,Display Ads,Awareness,North America,20071,116,63,2,422.66,260.14,1,12,Mobile
CMP_DSP_01,DSP_Programmatic_Banner,2025-11-14,Display Ads,Awareness,Asia-Pacific,52620,675,169,16,1372.91,2587.66,8,18,Tablet
CMP_DSP_02,DSP_Dynamic_Retargeting,2025-11-14,Display Ads,Retargeting,Latin America,48175,634,291,17,1571.62,2800.87,6,13,Desktop
CMP_EM_01,EM_Weekly_Newsletter,2025-11-14,Email Marketing,Product Promotion,Asia-Pacific,18990,2332,1263,345,1106.16,109828.21,258,25,Tablet
CMP_FB_01,FB_Retargeting_Q1,2025-11-14,Facebook Ads,Retargeting,North America,15900,533,251,40,1528.26,9084.76,24,16,Desktop
CMP_SEO_01,SEO_Organic_Blog_Content,2025-11-14,SEO,Awareness,Latin America,59287,4228,1811,477,1613.53,134858.31,319,27,Tablet
CMP_SEO_02,SEO_High_Intent_Landing,2025-11-14,SEO,Conversion,Europe,38542,1695,819,197,749.62,54115.16,134,13,Tablet
CMP_DSP_02,DSP_Dynamic_Retargeting,2025-11-15,Display Ads,Retargeting,Middle East,51470,742,270,24,2682.24,3903.39,11,11,Desktop
CMP_FB_01,FB_Retargeting_Q1,2025-11-15,Facebook Ads,Retargeting,North America,51712,1811,524,127,3993.25,30376.7,84,17,Desktop
CMP_FB_01,FB_Retargeting_Q1,2025-11-15,Facebook Ads,Retargeting,Middle East,34918,1188,419,96,3669.8,21817.07,64,27,Desktop
CMP_GGL_01,Google_Search_Brand,2025-11-15,Google Ads,Conversion,Europe,41035,2260,678,210,8199.14,65295.39,166,11,Desktop
CMP_GGL_02,Google_NonBrand_Generic,2025-11-15,Google Ads,Lead Generation,Latin America,42756,2261,856,250,5726.82,62862.99,158,10,Tablet
CMP_IG_01,IG_Influencer_Promos,2025-11-15,Instagram Ads,Product Promotion,Asia-Pacific,47768,1960,977,124,6381.06,27571.96,73,20,Desktop
CMP_IG_01,IG_Influencer_Promos,2025-11-15,Instagram Ads,Product Promotion,Middle East,49390,2358,1235,154,7860.51,39120.2,97,18,Desktop
CMP_SEO_02,SEO_High_Intent_Landing,2025-11-15,SEO,Conversion,Latin America,35145,2359,669,280,1331.62,93160.43,209,22,Mobile
CMP_EM_01,EM_Weekly_Newsletter,2025-11-16,Email Marketing,Product Promotion,Middle East,28129,3358,1333,615,1879.99,177520.24,452,11,Tablet
CMP_EM_02,EM_Abandoned_Cart_Nurture,2025-11-16,Email Marketing,Conversion,Europe,10142,895,410,119,663.52,27862.11,95,29,Tablet
CMP_GGL_01,Google_Search_Brand,2025-11-16,Google Ads,Conversion,Asia-Pacific,21599,1039,410,131,4665.69,34428.14,82,19,Desktop
CMP_GGL_02,Google_NonBrand_Generic,2025-11-16,Google Ads,Lead Generation,North America,21483,1392,439,167,4652.84,55896.1,111,8,Desktop
CMP_IG_01,IG_Influencer_Promos,2025-11-16,Instagram Ads,Product Promotion,Latin America,48815,2162,937,136,7263.31,24835.32,80,19,Tablet
CMP_LI_01,LI_B2B_Executive_Leads,2025-11-16,LinkedIn Ads,Lead Generation,North America,18305,505,260,55,3032.45,24915.68,25,11,Mobile
CMP_SEO_01,SEO_Organic_Blog_Content,2025-11-16,SEO,Awareness,Latin America,18216,995,395,94,440.17,38364.77,65,15,Tablet
CMP_SEO_01,SEO_Organic_Blog_Content,2025-11-16,SEO,Awareness,Europe,30533,1759,950,192,925.05,76295.6,126,7,Tablet
CMP_DSP_01,DSP_Programmatic_Banner,2025-11-17,Display Ads,Awareness,Asia-Pacific,27312,335,133,8,800.59,941.33,4,10,Tablet
CMP_EM_01,EM_Weekly_Newsletter,2025-11-17,Email Marketing,Product Promotion,Middle East,28554,2300,758,362,847.41,133856.46,302,27,Tablet
CMP_FB_01,FB_Retargeting_Q1,2025-11-17,Facebook Ads,Retargeting,Europe,42861,1194,319,80,2247.32,16525.06,46,13,Mobile
CMP_FB_01,FB_Retargeting_Q1,2025-11-17,Facebook Ads,Retargeting,Latin America,33867,1117,304,118,2569.2,31250.77,68,24,Mobile
CMP_GGL_01,Google_Search_Brand,2025-11-17,Google Ads,Conversion,Latin America,32908,1660,908,165,6744.15,50945.45,112,22,Tablet
CMP_IG_01,IG_Influencer_Promos,2025-11-17,Instagram Ads,Product Promotion,Asia-Pacific,30863,1277,445,71,2920.88,16323.96,40,16,Tablet
CMP_IG_01,IG_Influencer_Promos,2025-11-17,Instagram Ads,Product Promotion,Europe,24511,788,410,45,2449.52,9098.46,23,24,Mobile
CMP_IG_02,IG_Stories_Conversion,2025-11-17,Instagram Ads,Conversion,Asia-Pacific,43455,1772,574,159,3261.97,40307.47,106,7,Desktop
CMP_LI_01,LI_B2B_Executive_Leads,2025-11-17,LinkedIn Ads,Lead Generation,North America,22517,435,150,34,3879.91,17313.19,19,23,Desktop
CMP_LI_02,LI_Whitepaper_Downloads,2025-11-17,LinkedIn Ads,Lead Generation,Asia-Pacific,10590,164,88,19,1528.11,10403.65,9,23,Mobile
CMP_SEO_02,SEO_High_Intent_Landing,2025-11-17,SEO,Conversion,Asia-Pacific,27161,1407,439,185,409.02,77396.51,147,18,Desktop
CMP_EM_01,EM_Weekly_Newsletter,2025-11-18,Email Marketing,Product Promotion,Latin America,9113,804,380,120,400.65,36876.96,88,14,Desktop
CMP_FB_01,FB_Retargeting_Q1,2025-11-18,Facebook Ads,Retargeting,Middle East,24100,1015,541,84,1870.26,22106.02,57,14,Tablet
CMP_FB_02,FB_Lookalike_Prospecting,2025-11-18,Facebook Ads,Awareness,Middle East,25423,1238,529,80,2285.84,17899.37,54,24,Mobile
CMP_FB_02,FB_Lookalike_Prospecting,2025-11-18,Facebook Ads,Awareness,Latin America,36454,1226,318,114,1876.3,30691.7,65,27,Desktop
CMP_GGL_01,Google_Search_Brand,2025-11-18,Google Ads,Conversion,Asia-Pacific,22374,1368,412,176,6049.86,39496.23,136,15,Tablet
CMP_IG_01,IG_Influencer_Promos,2025-11-18,Instagram Ads,Product Promotion,Latin America,17000,847,328,45,1668.2,11606.97,23,25,Desktop
CMP_IG_01,IG_Influencer_Promos,2025-11-18,Instagram Ads,Product Promotion,Latin America,17389,569,164,48,1265.64,11364.52,30,25,Desktop
CMP_LI_02,LI_Whitepaper_Downloads,2025-11-18,LinkedIn Ads,Lead Generation,Latin America,7472,154,39,14,1214.17,7509.35,6,24,Tablet
CMP_LI_02,LI_Whitepaper_Downloads,2025-11-18,LinkedIn Ads,Lead Generation,North America,20675,540,254,58,3346.93,35328.43,30,24,Desktop
CMP_YT_01,YT_Video_Awareness_V1,2025-11-18,YouTube Ads,Awareness,Europe,36592,564,224,29,836.28,6365.14,15,18,Tablet
CMP_EM_02,EM_Abandoned_Cart_Nurture,2025-11-19,Email Marketing,Conversion,Latin America,25355,2776,1076,555,1149.52,152299.6,433,11,Mobile
CMP_FB_01,FB_Retargeting_Q1,2025-11-19,Facebook Ads,Retargeting,North America,56292,2081,790,212,5141.21,54768.67,128,19,Mobile
CMP_FB_01,FB_Retargeting_Q1,2025-11-19,Facebook Ads,Retargeting,Latin America,43413,1174,463,128,3035.56,28353.39,81,11,Tablet
CMP_GGL_02,Google_NonBrand_Generic,2025-11-19,Google Ads,Lead Generation,Europe,19684,1174,448,134,3503.68,41683.07,86,19,Tablet
CMP_IG_01,IG_Influencer_Promos,2025-11-19,Instagram Ads,Product Promotion,Asia-Pacific,49609,2563,785,154,8884.11,30655.8,93,26,Tablet
CMP_LI_02,LI_Whitepaper_Downloads,2025-11-19,LinkedIn Ads,Lead Generation,Europe,22358,461,161,41,4109.27,19457.38,25,15,Desktop
CMP_DSP_02,DSP_Dynamic_Retargeting,2025-11-20,Display Ads,Retargeting,Middle East,53308,857,238,31,2755.02,5095.93,12,14,Desktop
CMP_FB_01,FB_Retargeting_Q1,2025-11-20,Facebook Ads,Retargeting,Latin America,15760,441,113,37,723.45,9134.53,24,18,Mobile
CMP_FB_01,FB_Retargeting_Q1,2025-11-20,Facebook Ads,Retargeting,Asia-Pacific,46524,2267,695,222,5266.53,55982.4,139,15,Desktop
CMP_GGL_02,Google_NonBrand_Generic,2025-11-20,Google Ads,Lead Generation,Latin America,10918,599,274,73,1506.99,22049.73,50,28,Desktop
CMP_IG_01,IG_Influencer_Promos,2025-11-20,Instagram Ads,Product Promotion,Middle East,17659,859,377,67,1562.44,11652.32,44,25,Desktop
CMP_IG_01,IG_Influencer_Promos,2025-11-20,Instagram Ads,Product Promotion,Asia-Pacific,49597,1660,623,100,5291.48,22932.15,51,12,Tablet
CMP_IG_02,IG_Stories_Conversion,2025-11-20,Instagram Ads,Conversion,Middle East,40506,1745,857,114,5038.16,22197.72,69,25,Mobile
CMP_SEO_02,SEO_High_Intent_Landing,2025-11-20,SEO,Conversion,Middle East,38905,2660,901,383,994.31,121965.62,283,19,Tablet
CMP_YT_02,YT_TrueView_Product_Demo,2025-11-20,YouTube Ads,Product Promotion,Latin America,31506,562,245,19,1348.15,2856.04,10,18,Desktop
CMP_EM_02,EM_Abandoned_Cart_Nurture,2025-11-21,Email Marketing,Conversion,Latin America,13175,1643,456,269,892.12,94996.12,202,25,Tablet
CMP_FB_02,FB_Lookalike_Prospecting,2025-11-21,Facebook Ads,Awareness,Europe,60336,2010,709,178,3779.75,48484.49,100,9,Tablet
CMP_LI_01,LI_B2B_Executive_Leads,2025-11-21,LinkedIn Ads,Lead Generation,Latin America,9250,235,92,30,1497.26,13525.91,16,8,Mobile
CMP_LI_02,LI_Whitepaper_Downloads,2025-11-21,LinkedIn Ads,Lead Generation,Middle East,23224,763,309,89,8261.54,61066.83,49,8,Mobile
CMP_SEO_02,SEO_High_Intent_Landing,2025-11-21,SEO,Conversion,Europe,30875,2390,890,351,701.68,114165.06,280,17,Mobile
CMP_SEO_02,SEO_High_Intent_Landing,2025-11-21,SEO,Conversion,Latin America,58166,2685,1140,312,991.44,101818.5,240,15,Desktop
CMP_SEO_02,SEO_High_Intent_Landing,2025-11-21,SEO,Conversion,Middle East,65980,3261,836,387,741.53,124042.4,275,10,Desktop
CMP_DSP_02,DSP_Dynamic_Retargeting,2025-11-22,Display Ads,Retargeting,Europe,78672,812,433,15,2391.35,1897.44,7,16,Mobile
CMP_DSP_02,DSP_Dynamic_Retargeting,2025-11-22,Display Ads,Retargeting,Europe,95537,704,290,19,1815.0,2671.47,8,27,Mobile
CMP_DSP_02,DSP_Dynamic_Retargeting,2025-11-22,Display Ads,Retargeting,Middle East,59092,646,181,16,2292.44,2862.82,8,16,Mobile
CMP_EM_02,EM_Abandoned_Cart_Nurture,2025-11-22,Email Marketing,Conversion,Europe,25537,2433,1027,504,1149.89,183592.4,413,12,Desktop
CMP_IG_02,IG_Stories_Conversion,2025-11-22,Instagram Ads,Conversion,North America,34697,1788,891,151,3325.5,35087.49,102,26,Mobile
CMP_IG_02,IG_Stories_Conversion,2025-11-22,Instagram Ads,Conversion,Asia-Pacific,53331,2706,709,230,6742.95,52237.45,116,26,Tablet
CMP_LI_02,LI_Whitepaper_Downloads,2025-11-22,LinkedIn Ads,Lead Generation,Latin America,19755,686,284,78,7225.38,35900.42,37,7,Tablet
CMP_SEO_01,SEO_Organic_Blog_Content,2025-11-22,SEO,Awareness,Europe,26353,1639,436,163,648.81,49467.01,120,18,Mobile
CMP_SEO_02,SEO_High_Intent_Landing,2025-11-22,SEO,Conversion,Middle East,20616,1136,513,129,352.96,45093.23,96,16,Desktop
CMP_SEO_02,SEO_High_Intent_Landing,2025-11-22,SEO,Conversion,Middle East,49677,3964,1432,491,1839.95,174031.07,354,22,Tablet
CMP_YT_01,YT_Video_Awareness_V1,2025-11-22,YouTube Ads,Awareness,Latin America,30289,715,191,42,1464.71,6301.75,19,22,Desktop
CMP_YT_02,YT_TrueView_Product_Demo,2025-11-22,YouTube Ads,Product Promotion,North America,25788,284,109,17,415.91,3022.15,9,28,Desktop
CMP_EM_01,EM_Weekly_Newsletter,2025-11-23,Email Marketing,Product Promotion,Europe,25800,3242,1637,603,1094.44,224254.6,443,13,Mobile
CMP_GGL_01,Google_Search_Brand,2025-11-23,Google Ads,Conversion,Asia-Pacific,45079,2780,1338,293,9816.31,90918.84,183,7,Tablet
CMP_GGL_01,Google_Search_Brand,2025-11-23,Google Ads,Conversion,North America,26169,1157,545,157,4468.08,52186.2,123,9,Desktop
CMP_IG_01,IG_Influencer_Promos,2025-11-23,Instagram Ads,Product Promotion,Europe,23959,954,311,52,2750.91,11752.04,26,9,Desktop
CMP_LI_01,LI_B2B_Executive_Leads,2025-11-23,LinkedIn Ads,Lead Generation,North America,16107,332,144,34,2597.13,23361.12,16,8,Mobile
CMP_SEO_01,SEO_Organic_Blog_Content,2025-11-23,SEO,Awareness,North America,23937,1593,754,237,407.43,94081.52,185,25,Tablet
CMP_SEO_02,SEO_High_Intent_Landing,2025-11-23,SEO,Conversion,Latin America,24958,1776,586,182,431.05,69090.13,140,15,Tablet
CMP_SEO_02,SEO_High_Intent_Landing,2025-11-23,SEO,Conversion,Middle East,41428,2728,925,302,789.11,96937.07,201,8,Mobile
CMP_YT_02,YT_TrueView_Product_Demo,2025-11-23,YouTube Ads,Product Promotion,Asia-Pacific,71866,1215,495,60,2254.09,14083.47,36,19,Desktop
CMP_YT_02,YT_TrueView_Product_Demo,2025-11-23,YouTube Ads,Product Promotion,Middle East,65139,1296,603,81,1890.9,17206.5,51,15,Desktop
CMP_FB_01,FB_Retargeting_Q1,2025-11-24,Facebook Ads,Retargeting,Latin America,47417,1371,485,119,3856.73,27912.38,71,21,Desktop
CMP_GGL_02,Google_NonBrand_Generic,2025-11-24,Google Ads,Lead Generation,North America,24618,1554,570,148,5521.18,34585.93,118,20,Mobile
CMP_GGL_02,Google_NonBrand_Generic,2025-11-24,Google Ads,Lead Generation,Europe,40574,2179,1028,270,6489.14,92835.85,184,14,Desktop
CMP_IG_02,IG_Stories_Conversion,2025-11-24,Instagram Ads,Conversion,Asia-Pacific,44000,1628,789,86,3033.15,18610.99,51,16,Mobile
CMP_LI_01,LI_B2B_Executive_Leads,2025-11-24,LinkedIn Ads,Lead Generation,Latin America,22877,475,161,47,5122.04,32496.1,26,27,Tablet
CMP_LI_02,LI_Whitepaper_Downloads,2025-11-24,LinkedIn Ads,Lead Generation,Asia-Pacific,8701,179,65,19,1767.7,10935.72,7,7,Tablet
CMP_SEO_01,SEO_Organic_Blog_Content,2025-11-24,SEO,Awareness,Middle East,28019,1639,778,161,615.62,51596.95,124,9,Mobile
CMP_SEO_01,SEO_Organic_Blog_Content,2025-11-24,SEO,Awareness,North America,39212,2255,1224,277,707.38,110729.21,184,24,Desktop
CMP_SEO_02,SEO_High_Intent_Landing,2025-11-24,SEO,Conversion,Latin America,25006,1277,524,160,413.7,45526.97,129,26,Desktop
CMP_YT_01,YT_Video_Awareness_V1,2025-11-24,YouTube Ads,Awareness,Asia-Pacific,68711,1549,500,51,3838.44,8165.77,31,20,Mobile
CMP_YT_02,YT_TrueView_Product_Demo,2025-11-24,YouTube Ads,Product Promotion,Middle East,63244,1283,348,53,3166.85,11167.61,25,16,Mobile
CMP_DSP_01,DSP_Programmatic_Banner,2025-11-25,Display Ads,Awareness,Middle East,24376,417,105,12,1426.43,1879.69,5,20,Desktop
CMP_FB_01,FB_Retargeting_Q1,2025-11-25,Facebook Ads,Retargeting,North America,62094,2005,748,182,4575.97,40977.26,124,19,Desktop
CMP_FB_02,FB_Lookalike_Prospecting,2025-11-25,Facebook Ads,Awareness,Asia-Pacific,23794,1101,426,76,2527.49,14536.12,44,22,Mobile
CMP_IG_01,IG_Influencer_Promos,2025-11-25,Instagram Ads,Product Promotion,Asia-Pacific,26587,1220,502,87,3376.92,18031.18,58,15,Desktop
CMP_LI_02,LI_Whitepaper_Downloads,2025-11-25,LinkedIn Ads,Lead Generation,Europe,6732,233,89,17,1634.07,11214.22,7,19,Desktop
CMP_DSP_01,DSP_Programmatic_Banner,2025-11-26,Display Ads,Awareness,North America,93505,477,129,10,1672.42,1226.56,4,14,Tablet
CMP_DSP_02,DSP_Dynamic_Retargeting,2025-11-26,Display Ads,Retargeting,Middle East,55290,537,163,17,1979.38,2205.88,8,10,Desktop
CMP_EM_01,EM_Weekly_Newsletter,2025-11-26,Email Marketing,Product Promotion,North America,9183,1051,452,205,405.12,41847.14,170,27,Desktop
CMP_EM_01,EM_Weekly_Newsletter,2025-11-26,Email Marketing,Product Promotion,North America,22792,2253,1214,284,772.03,91327.09,254,15,Tablet
CMP_GGL_01,Google_Search_Brand,2025-11-26,Google Ads,Conversion,Europe,15710,566,162,60,1815.57,18002.61,50,16,Tablet
CMP_GGL_02,Google_NonBrand_Generic,2025-11-26,Google Ads,Lead Generation,North America,24989,1449,648,138,5403.5,42258.03,111,21,Mobile
CMP_IG_01,IG_Influencer_Promos,2025-11-26,Instagram Ads,Product Promotion,Latin America,35238,1359,725,72,3464.66,12436.37,41,20,Tablet
CMP_LI_02,LI_Whitepaper_Downloads,2025-11-26,LinkedIn Ads,Lead Generation,Europe,18598,617,239,65,5843.42,32938.85,36,15,Tablet
CMP_SEO_01,SEO_Organic_Blog_Content,2025-11-26,SEO,Awareness,Latin America,49626,3040,814,289,1360.17,78256.08,194,21,Mobile
CMP_SEO_02,SEO_High_Intent_Landing,2025-11-26,SEO,Conversion,Europe,24196,1921,978,230,902.39,60111.09,188,9,Tablet
CMP_YT_01,YT_Video_Awareness_V1,2025-11-26,YouTube Ads,Awareness,Latin America,46342,1134,310,56,2382.01,11102.09,34,17,Mobile
CMP_YT_02,YT_TrueView_Product_Demo,2025-11-26,YouTube Ads,Product Promotion,North America,26038,631,204,35,982.55,6381.45,16,22,Tablet
CMP_EM_01,EM_Weekly_Newsletter,2025-11-27,Email Marketing,Product Promotion,North America,22344,3337,1222,603,1875.51,160097.48,532,14,Tablet
CMP_IG_01,IG_Influencer_Promos,2025-11-27,Instagram Ads,Product Promotion,Europe,15676,833,330,52,2488.85,8652.96,35,11,Mobile
CMP_LI_01,LI_B2B_Executive_Leads,2025-11-27,LinkedIn Ads,Lead Generation,Latin America,21216,481,121,52,3465.8,24507.79,32,14,Mobile
CMP_SEO_02,SEO_High_Intent_Landing,2025-11-27,SEO,Conversion,Latin America,41318,2005,933,193,1127.15,67052.45,163,29,Desktop
CMP_YT_01,YT_Video_Awareness_V1,2025-11-27,YouTube Ads,Awareness,Latin America,38853,920,245,45,1590.98,9074.26,23,21,Tablet
CMP_YT_02,YT_TrueView_Product_Demo,2025-11-27,YouTube Ads,Product Promotion,Asia-Pacific,76181,1747,533,93,2921.18,22929.39,49,21,Tablet
CMP_DSP_01,DSP_Programmatic_Banner,2025-11-28,Display Ads,Awareness,Europe,25006,245,123,8,741.33,1331.61,3,10,Mobile
CMP_DSP_02,DSP_Dynamic_Retargeting,2025-11-28,Display Ads,Retargeting,North America,36119,579,285,14,1550.69,2401.32,5,11,Desktop
CMP_EM_02,EM_Abandoned_Cart_Nurture,2025-11-28,Email Marketing,Conversion,Europe,10556,900,328,127,492.57,40727.61,100,13,Tablet
CMP_FB_01,FB_Retargeting_Q1,2025-11-28,Facebook Ads,Retargeting,Asia-Pacific,45827,1775,455,131,4273.1,32345.49,89,26,Desktop
CMP_FB_02,FB_Lookalike_Prospecting,2025-11-28,Facebook Ads,Awareness,Latin America,15682,639,201,66,1994.59,13112.71,40,17,Desktop
CMP_IG_01,IG_Influencer_Promos,2025-11-28,Instagram Ads,Product Promotion,Asia-Pacific,26849,1132,309,80,2820.8,14213.08,47,15,Tablet
CMP_LI_02,LI_Whitepaper_Downloads,2025-11-28,LinkedIn Ads,Lead Generation,Europe,7334,226,116,19,1596.88,11372.09,11,14,Desktop
CMP_SEO_01,SEO_Organic_Blog_Content,2025-11-28,SEO,Awareness,North America,53769,2200,802,213,517.6,79571.63,146,11,Mobile
CMP_YT_01,YT_Video_Awareness_V1,2025-11-28,YouTube Ads,Awareness,Asia-Pacific,33500,462,116,18,1019.66,3591.28,10,27,Mobile
CMP_YT_02,YT_TrueView_Product_Demo,2025-11-28,YouTube Ads,Product Promotion,Middle East,48771,491,255,15,1119.22,3116.32,9,19,Desktop
CMP_GGL_01,Google_Search_Brand,2025-11-29,Google Ads,Conversion,Middle East,21970,922,348,75,3838.56,25591.76,63,23,Tablet
CMP_GGL_02,Google_NonBrand_Generic,2025-11-29,Google Ads,Lead Generation,North America,16383,977,415,118,3547.38,39218.58,74,26,Mobile
CMP_GGL_02,Google_NonBrand_Generic,2025-11-29,Google Ads,Lead Generation,Middle East,44247,1687,864,147,5546.52,42560.35,104,9,Mobile
CMP_GGL_02,Google_NonBrand_Generic,2025-11-29,Google Ads,Lead Generation,Middle East,29884,1746,846,163,7425.56,55593.11,98,22,Desktop
CMP_IG_01,IG_Influencer_Promos,2025-11-29,Instagram Ads,Product Promotion,Europe,53439,1638,739,105,4023.82,22653.3,59,29,Tablet
CMP_IG_02,IG_Stories_Conversion,2025-11-29,Instagram Ads,Conversion,Asia-Pacific,48508,1753,511,131,3213.84,25416.41,73,13,Mobile
CMP_LI_02,LI_Whitepaper_Downloads,2025-11-29,LinkedIn Ads,Lead Generation,Asia-Pacific,19739,509,240,63,5047.8,44545.08,34,17,Tablet
CMP_LI_02,LI_Whitepaper_Downloads,2025-11-29,LinkedIn Ads,Lead Generation,North America,23735,357,195,38,3134.01,17658.13,23,15,Tablet
CMP_DSP_01,DSP_Programmatic_Banner,2025-11-30,Display Ads,Awareness,Asia-Pacific,26371,170,77,6,371.96,1077.45,3,22,Tablet
CMP_DSP_01,DSP_Programmatic_Banner,2025-11-30,Display Ads,Awareness,Middle East,63865,881,286,29,2512.3,5130.71,13,22,Mobile
CMP_DSP_01,DSP_Programmatic_Banner,2025-11-30,Display Ads,Awareness,Europe,69227,561,157,11,1556.6,1515.11,5,19,Desktop
CMP_DSP_02,DSP_Dynamic_Retargeting,2025-11-30,Display Ads,Retargeting,Latin America,68527,1078,546,33,2300.56,6096.64,14,27,Desktop
CMP_DSP_02,DSP_Dynamic_Retargeting,2025-11-30,Display Ads,Retargeting,Latin America,83307,973,447,38,3422.34,4427.56,14,21,Mobile
CMP_EM_01,EM_Weekly_Newsletter,2025-11-30,Email Marketing,Product Promotion,Latin America,23600,3513,1372,751,1870.79,183663.94,614,11,Tablet
CMP_EM_02,EM_Abandoned_Cart_Nurture,2025-11-30,Email Marketing,Conversion,Asia-Pacific,17398,1640,662,205,709.5,73072.25,171,14,Desktop
CMP_FB_01,FB_Retargeting_Q1,2025-11-30,Facebook Ads,Retargeting,Europe,18891,525,244,37,1577.13,7909.29,22,18,Mobile
CMP_FB_02,FB_Lookalike_Prospecting,2025-11-30,Facebook Ads,Awareness,North America,47427,1755,741,168,2633.77,36258.24,95,24,Tablet
CMP_GGL_01,Google_Search_Brand,2025-11-30,Google Ads,Conversion,Asia-Pacific,27719,1048,516,139,3912.66,45749.51,91,12,Desktop
CMP_IG_01,IG_Influencer_Promos,2025-11-30,Instagram Ads,Product Promotion,North America,16767,914,490,71,1860.78,18239.31,46,12,Tablet
CMP_IG_01,IG_Influencer_Promos,2025-11-30,Instagram Ads,Product Promotion,Asia-Pacific,33230,1755,695,148,5193.68,37098.64,78,28,Desktop
CMP_IG_01,IG_Influencer_Promos,2025-11-30,Instagram Ads,Product Promotion,North America,17158,672,199,66,2095.87,13508.12,38,20,Desktop
CMP_SEO_02,SEO_High_Intent_Landing,2025-11-30,SEO,Conversion,Latin America,38777,2586,795,303,751.2,97387.35,206,23,Tablet
CMP_YT_01,YT_Video_Awareness_V1,2025-11-30,YouTube Ads,Awareness,Asia-Pacific,34544,796,422,26,1830.13,4263.85,12,30,Mobile
CMP_DSP_01,DSP_Programmatic_Banner,2025-12-01,Display Ads,Awareness,Europe,85875,1485,739,27,2753.12,3339.93,11,21,Desktop
CMP_EM_01,EM_Weekly_Newsletter,2025-12-01,Email Marketing,Product Promotion,Latin America,15899,2071,595,321,673.16,120137.19,252,30,Tablet
CMP_FB_02,FB_Lookalike_Prospecting,2025-12-01,Facebook Ads,Awareness,Latin America,42617,1343,631,131,2778.29,25404.68,86,17,Mobile
CMP_GGL_02,Google_NonBrand_Generic,2025-12-01,Google Ads,Lead Generation,Middle East,26827,1624,645,225,4173.7,64304.84,155,24,Desktop
CMP_IG_02,IG_Stories_Conversion,2025-12-01,Instagram Ads,Conversion,North America,41994,1325,578,127,4415.69,28182.0,85,14,Tablet
CMP_LI_02,LI_Whitepaper_Downloads,2025-12-01,LinkedIn Ads,Lead Generation,Latin America,21894,469,257,47,4531.19,29843.11,26,25,Mobile
CMP_YT_02,YT_TrueView_Product_Demo,2025-12-01,YouTube Ads,Product Promotion,Asia-Pacific,63909,1316,712,53,2221.79,13086.09,29,10,Mobile
CMP_EM_02,EM_Abandoned_Cart_Nurture,2025-12-02,Email Marketing,Conversion,North America,13290,1491,571,267,746.63,62246.67,209,27,Tablet
CMP_EM_02,EM_Abandoned_Cart_Nurture,2025-12-02,Email Marketing,Conversion,Latin America,29854,3577,1727,707,1690.56,215650.98,611,13,Desktop
CMP_FB_02,FB_Lookalike_Prospecting,2025-12-02,Facebook Ads,Awareness,North America,16925,624,204,66,1135.14,16344.22,38,10,Desktop
CMP_GGL_01,Google_Search_Brand,2025-12-02,Google Ads,Conversion,Latin America,12715,777,331,87,2427.18,19523.6,66,8,Tablet
CMP_GGL_01,Google_Search_Brand,2025-12-02,Google Ads,Conversion,Middle East,49759,1986,1035,191,6737.6,47979.12,140,29,Tablet
CMP_DSP_01,DSP_Programmatic_Banner,2025-12-03,Display Ads,Awareness,North America,33126,304,137,4,754.08,710.13,1,13,Desktop
CMP_EM_02,EM_Abandoned_Cart_Nurture,2025-12-03,Email Marketing,Conversion,Latin America,10515,1364,567,245,955.3,82450.05,217,19,Desktop
CMP_FB_01,FB_Retargeting_Q1,2025-12-03,Facebook Ads,Retargeting,Latin America,21701,755,294,52,1837.62,11645.59,29,30,Mobile
CMP_FB_02,FB_Lookalike_Prospecting,2025-12-03,Facebook Ads,Awareness,Latin America,30397,1048,302,96,1689.16,20323.15,66,9,Tablet
CMP_GGL_02,Google_NonBrand_Generic,2025-12-03,Google Ads,Lead Generation,Europe,49307,2156,1135,201,6171.69,46377.47,152,17,Desktop
CMP_IG_01,IG_Influencer_Promos,2025-12-03,Instagram Ads,Product Promotion,Europe,31368,1499,660,94,5095.05,24014.13,51,22,Desktop
CMP_LI_02,LI_Whitepaper_Downloads,2025-12-03,LinkedIn Ads,Lead Generation,Middle East,16615,535,216,53,5012.44,25463.95,33,10,Tablet
CMP_SEO_01,SEO_Organic_Blog_Content,2025-12-03,SEO,Awareness,Europe,26724,1665,753,236,704.72,89743.29,180,27,Tablet
CMP_SEO_02,SEO_High_Intent_Landing,2025-12-03,SEO,Conversion,Middle East,57057,3662,1416,516,1611.74,188498.66,436,24,Mobile
CMP_DSP_02,DSP_Dynamic_Retargeting,2025-12-04,Display Ads,Retargeting,Asia-Pacific,39974,493,159,11,1246.79,1586.91,3,25,Tablet
CMP_EM_02,EM_Abandoned_Cart_Nurture,2025-12-04,Email Marketing,Conversion,Asia-Pacific,13553,1452,508,283,895.52,98469.95,254,18,Tablet
CMP_FB_01,FB_Retargeting_Q1,2025-12-04,Facebook Ads,Retargeting,Asia-Pacific,16250,525,243,41,1575.94,11397.15,26,10,Tablet
CMP_FB_01,FB_Retargeting_Q1,2025-12-04,Facebook Ads,Retargeting,Europe,25821,816,382,66,2434.24,13277.87,43,24,Desktop
CMP_FB_02,FB_Lookalike_Prospecting,2025-12-04,Facebook Ads,Awareness,Latin America,57765,2350,1174,240,4706.69,51757.01,146,7,Tablet
CMP_GGL_01,Google_Search_Brand,2025-12-04,Google Ads,Conversion,Europe,11994,722,228,61,2431.29,17709.24,40,18,Tablet
CMP_IG_02,IG_Stories_Conversion,2025-12-04,Instagram Ads,Conversion,Latin America,13413,586,215,49,1390.93,12692.54,31,12,Mobile
CMP_LI_02,LI_Whitepaper_Downloads,2025-12-04,LinkedIn Ads,Lead Generation,Asia-Pacific,15765,394,144,43,3209.46,19687.13,25,24,Desktop
CMP_YT_01,YT_Video_Awareness_V1,2025-12-04,YouTube Ads,Awareness,Middle East,75335,1647,816,93,2623.1,22481.02,53,21,Tablet
CMP_YT_01,YT_Video_Awareness_V1,2025-12-04,YouTube Ads,Awareness,Middle East,34989,403,163,14,596.99,2889.12,6,25,Tablet
CMP_YT_02,YT_TrueView_Product_Demo,2025-12-04,YouTube Ads,Product Promotion,Middle East,62818,1090,439,72,1751.43,17976.94,41,11,Mobile
CMP_DSP_01,DSP_Programmatic_Banner,2025-12-05,Display Ads,Awareness,Latin America,98323,875,344,17,2253.56,2452.79,7,29,Mobile
CMP_EM_02,EM_Abandoned_Cart_Nurture,2025-12-05,Email Marketing,Conversion,Latin America,13027,1831,842,290,1152.48,81658.87,208,26,Mobile
CMP_FB_02,FB_Lookalike_Prospecting,2025-12-05,Facebook Ads,Awareness,Europe,26391,1023,265,82,1806.73,20412.84,52,14,Mobile
CMP_GGL_02,Google_NonBrand_Generic,2025-12-05,Google Ads,Lead Generation,North America,47072,1890,562,244,5316.51,84749.51,184,16,Desktop
CMP_LI_02,LI_Whitepaper_Downloads,2025-12-05,LinkedIn Ads,Lead Generation,Asia-Pacific,22501,357,97,26,2530.87,19463.34,11,14,Tablet
CMP_LI_02,LI_Whitepaper_Downloads,2025-12-05,LinkedIn Ads,Lead Generation,Europe,8176,124,67,12,1051.64,7712.51,5,19,Mobile
CMP_SEO_02,SEO_High_Intent_Landing,2025-12-05,SEO,Conversion,Latin America,39088,2774,1101,353,1597.0,99386.13,291,12,Tablet
CMP_EM_01,EM_Weekly_Newsletter,2025-12-06,Email Marketing,Product Promotion,Asia-Pacific,10119,977,497,178,307.52,67341.95,132,19,Desktop
CMP_FB_01,FB_Retargeting_Q1,2025-12-06,Facebook Ads,Retargeting,Latin America,59831,2443,1181,184,6979.08,34091.05,113,9,Tablet
CMP_GGL_01,Google_Search_Brand,2025-12-06,Google Ads,Conversion,Europe,42160,1653,901,230,4564.61,62021.35,180,19,Tablet
CMP_IG_02,IG_Stories_Conversion,2025-12-06,Instagram Ads,Conversion,Latin America,43696,2074,1005,146,6767.66,30791.03,89,18,Tablet
CMP_DSP_02,DSP_Dynamic_Retargeting,2025-12-07,Display Ads,Retargeting,North America,63231,1059,403,29,3123.29,5370.59,12,11,Desktop
CMP_DSP_02,DSP_Dynamic_Retargeting,2025-12-07,Display Ads,Retargeting,Europe,32806,371,141,7,895.52,778.93,2,13,Mobile
CMP_EM_02,EM_Abandoned_Cart_Nurture,2025-12-07,Email Marketing,Conversion,Middle East,29408,3451,989,740,1278.37,199558.33,524,21,Mobile
CMP_GGL_02,Google_NonBrand_Generic,2025-12-07,Google Ads,Lead Generation,North America,11890,613,302,75,2265.67,16555.38,60,18,Tablet
CMP_IG_01,IG_Influencer_Promos,2025-12-07,Instagram Ads,Product Promotion,Latin America,44792,2194,782,152,4847.23,36083.58,97,16,Mobile
CMP_IG_01,IG_Influencer_Promos,2025-12-07,Instagram Ads,Product Promotion,Latin America,25191,1241,671,71,2294.29,18188.38,44,14,Mobile
CMP_IG_01,IG_Influencer_Promos,2025-12-07,Instagram Ads,Product Promotion,Middle East,36706,1826,570,145,4278.99,31312.44,82,16,Mobile
CMP_IG_01,IG_Influencer_Promos,2025-12-07,Instagram Ads,Product Promotion,Europe,34513,1847,746,121,5066.63,27509.42,62,30,Mobile
CMP_IG_02,IG_Stories_Conversion,2025-12-07,Instagram Ads,Conversion,Asia-Pacific,45324,2373,909,129,4542.94,30947.5,70,12,Desktop
CMP_LI_01,LI_B2B_Executive_Leads,2025-12-07,LinkedIn Ads,Lead Generation,North America,21180,604,225,59,6474.69,37667.32,32,10,Mobile
CMP_LI_01,LI_B2B_Executive_Leads,2025-12-07,LinkedIn Ads,Lead Generation,Latin America,15286,432,150,53,2861.19,31913.25,30,26,Desktop
CMP_SEO_02,SEO_High_Intent_Landing,2025-12-07,SEO,Conversion,Asia-Pacific,36133,1919,762,292,966.14,90476.51,247,19,Mobile
CMP_YT_02,YT_TrueView_Product_Demo,2025-12-07,YouTube Ads,Product Promotion,Latin America,78101,1311,492,55,3195.19,11844.19,33,22,Mobile
CMP_EM_02,EM_Abandoned_Cart_Nurture,2025-12-08,Email Marketing,Conversion,Latin America,20204,2770,1019,439,1827.61,155862.12,349,19,Mobile
CMP_FB_01,FB_Retargeting_Q1,2025-12-08,Facebook Ads,Retargeting,North America,61560,2531,781,237,4786.22,62657.02,174,28,Desktop
CMP_FB_02,FB_Lookalike_Prospecting,2025-12-08,Facebook Ads,Awareness,Asia-Pacific,18838,803,270,70,1552.8,17457.96,49,29,Mobile
CMP_IG_02,IG_Stories_Conversion,2025-12-08,Instagram Ads,Conversion,Latin America,30809,1192,473,114,2356.19,25783.74,78,26,Desktop
CMP_LI_01,LI_B2B_Executive_Leads,2025-12-08,LinkedIn Ads,Lead Generation,Asia-Pacific,20315,548,205,57,4195.34,42118.41,31,29,Desktop
CMP_LI_01,LI_B2B_Executive_Leads,2025-12-08,LinkedIn Ads,Lead Generation,Latin America,14814,329,165,32,2691.21,22534.41,19,26,Tablet
CMP_LI_02,LI_Whitepaper_Downloads,2025-12-08,LinkedIn Ads,Lead Generation,Europe,12474,351,181,27,3821.53,19437.56,11,25,Tablet
CMP_LI_02,LI_Whitepaper_Downloads,2025-12-08,LinkedIn Ads,Lead Generation,Middle East,23024,486,231,44,4221.02,27778.22,24,17,Tablet
CMP_YT_01,YT_Video_Awareness_V1,2025-12-08,YouTube Ads,Awareness,North America,48270,1017,378,42,1455.65,6601.17,22,18,Desktop
CMP_FB_01,FB_Retargeting_Q1,2025-12-09,Facebook Ads,Retargeting,Latin America,39156,1787,927,163,3324.38,36316.83,112,20,Desktop
CMP_GGL_01,Google_Search_Brand,2025-12-09,Google Ads,Conversion,Asia-Pacific,44128,2280,884,221,8687.73,52045.51,179,12,Mobile
CMP_GGL_02,Google_NonBrand_Generic,2025-12-09,Google Ads,Lead Generation,Europe,24068,1239,524,169,4458.25,40650.01,133,14,Desktop
CMP_GGL_02,Google_NonBrand_Generic,2025-12-09,Google Ads,Lead Generation,Middle East,49425,3088,1316,386,8883.28,95861.62,232,8,Mobile
CMP_SEO_02,SEO_High_Intent_Landing,2025-12-09,SEO,Conversion,Middle East,44780,3322,1759,411,1811.09,151210.85,332,9,Desktop
CMP_GGL_01,Google_Search_Brand,2025-12-10,Google Ads,Conversion,North America,35211,1559,795,158,6886.05,51443.62,99,24,Tablet
CMP_GGL_01,Google_Search_Brand,2025-12-10,Google Ads,Conversion,Middle East,33207,2069,1045,186,5346.46,52814.25,137,17,Mobile
CMP_IG_01,IG_Influencer_Promos,2025-12-10,Instagram Ads,Product Promotion,Latin America,34580,1054,413,92,3328.25,19247.27,57,11,Mobile
CMP_YT_01,YT_Video_Awareness_V1,2025-12-10,YouTube Ads,Awareness,Europe,29334,371,189,17,905.65,3599.0,9,13,Tablet
CMP_YT_01,YT_Video_Awareness_V1,2025-12-10,YouTube Ads,Awareness,North America,58625,1290,624,87,2687.37,14292.18,49,18,Desktop
CMP_DSP_01,DSP_Programmatic_Banner,2025-12-11,Display Ads,Awareness,Europe,73787,478,257,16,1475.03,2091.49,7,13,Desktop
CMP_EM_01,EM_Weekly_Newsletter,2025-12-11,Email Marketing,Product Promotion,North America,10542,1292,447,164,569.13,52423.22,115,13,Mobile
CMP_IG_01,IG_Influencer_Promos,2025-12-11,Instagram Ads,Product Promotion,Latin America,22496,950,256,83,2837.57,15017.53,48,28,Mobile
CMP_LI_01,LI_B2B_Executive_Leads,2025-12-11,LinkedIn Ads,Lead Generation,Middle East,12028,376,193,43,3022.12,25872.99,24,13,Mobile
CMP_YT_02,YT_TrueView_Product_Demo,2025-12-11,YouTube Ads,Product Promotion,North America,39806,865,453,33,1578.72,6129.25,15,30,Tablet
CMP_YT_02,YT_TrueView_Product_Demo,2025-12-11,YouTube Ads,Product Promotion,Latin America,77164,1318,363,48,3245.21,8194.6,28,18,Mobile
CMP_DSP_01,DSP_Programmatic_Banner,2025-12-12,Display Ads,Awareness,Middle East,91306,1408,587,26,5150.57,4669.83,13,7,Desktop
CMP_DSP_02,DSP_Dynamic_Retargeting,2025-12-12,Display Ads,Retargeting,Middle East,95399,1690,447,26,4435.94,4794.58,11,26,Mobile
CMP_FB_01,FB_Retargeting_Q1,2025-12-12,Facebook Ads,Retargeting,Middle East,25836,1033,379,108,2293.16,21064.72,75,15,Mobile
CMP_LI_02,LI_Whitepaper_Downloads,2025-12-12,LinkedIn Ads,Lead Generation,Asia-Pacific,8586,230,91,29,2226.35,15681.85,15,24,Tablet
CMP_SEO_01,SEO_Organic_Blog_Content,2025-12-12,SEO,Awareness,Middle East,18012,810,368,81,281.74,27102.46,60,27,Tablet
CMP_YT_01,YT_Video_Awareness_V1,2025-12-12,YouTube Ads,Awareness,Europe,83225,1678,752,99,2126.66,19635.94,60,13,Mobile
CMP_YT_02,YT_TrueView_Product_Demo,2025-12-12,YouTube Ads,Product Promotion,Europe,79163,1609,539,60,2952.83,9416.95,38,8,Desktop
CMP_YT_02,YT_TrueView_Product_Demo,2025-12-12,YouTube Ads,Product Promotion,Latin America,87531,1776,671,93,2362.03,19942.96,59,25,Desktop
CMP_DSP_01,DSP_Programmatic_Banner,2025-12-13,Display Ads,Awareness,Europe,98193,1261,528,47,3821.05,6256.75,18,14,Tablet
CMP_GGL_02,Google_NonBrand_Generic,2025-12-13,Google Ads,Lead Generation,Latin America,10799,443,114,38,1902.47,9730.52,23,16,Mobile
CMP_SEO_01,SEO_Organic_Blog_Content,2025-12-13,SEO,Awareness,Latin America,28522,2119,777,232,639.29,67967.31,194,14,Tablet
CMP_YT_01,YT_Video_Awareness_V1,2025-12-13,YouTube Ads,Awareness,North America,78633,1193,326,42,2630.55,6476.68,26,19,Tablet
CMP_YT_02,YT_TrueView_Product_Demo,2025-12-13,YouTube Ads,Product Promotion,Europe,67463,1052,264,54,2560.89,11097.38,25,30,Mobile
CMP_DSP_02,DSP_Dynamic_Retargeting,2025-12-14,Display Ads,Retargeting,North America,29503,524,214,12,1900.94,1804.12,6,11,Tablet
CMP_EM_02,EM_Abandoned_Cart_Nurture,2025-12-14,Email Marketing,Conversion,Europe,29218,3318,1005,593,2176.09,193556.1,498,26,Mobile
CMP_EM_02,EM_Abandoned_Cart_Nurture,2025-12-14,Email Marketing,Conversion,Asia-Pacific,15357,2283,931,377,1728.78,124138.1,306,24,Desktop
CMP_FB_02,FB_Lookalike_Prospecting,2025-12-14,Facebook Ads,Awareness,Middle East,36419,1715,469,135,4612.53,28663.08,84,17,Mobile
CMP_IG_01,IG_Influencer_Promos,2025-12-14,Instagram Ads,Product Promotion,Asia-Pacific,44695,2115,1098,198,6436.97,32745.09,138,20,Mobile
CMP_IG_02,IG_Stories_Conversion,2025-12-14,Instagram Ads,Conversion,North America,24010,956,350,72,3324.65,17620.59,46,21,Tablet
CMP_LI_01,LI_B2B_Executive_Leads,2025-12-14,LinkedIn Ads,Lead Generation,Latin America,7734,178,86,13,1517.93,7538.72,8,30,Mobile
CMP_LI_01,LI_B2B_Executive_Leads,2025-12-14,LinkedIn Ads,Lead Generation,Middle East,9880,294,75,21,2106.49,14083.4,10,24,Mobile
CMP_YT_01,YT_Video_Awareness_V1,2025-12-14,YouTube Ads,Awareness,Latin America,51485,942,484,64,2121.27,10029.72,37,14,Desktop
CMP_DSP_02,DSP_Dynamic_Retargeting,2025-12-15,Display Ads,Retargeting,Asia-Pacific,50480,276,100,9,546.23,1420.72,4,19,Mobile
CMP_DSP_02,DSP_Dynamic_Retargeting,2025-12-15,Display Ads,Retargeting,Latin America,34559,271,75,4,516.6,525.18,1,14,Desktop
CMP_DSP_02,DSP_Dynamic_Retargeting,2025-12-15,Display Ads,Retargeting,Asia-Pacific,23584,265,121,6,613.64,1038.55,2,25,Mobile
CMP_EM_01,EM_Weekly_Newsletter,2025-12-15,Email Marketing,Product Promotion,Asia-Pacific,26651,2621,1048,432,1886.76,144112.9,343,9,Tablet
CMP_IG_01,IG_Influencer_Promos,2025-12-15,Instagram Ads,Product Promotion,Middle East,51462,2287,1059,132,6692.74,22660.84,68,14,Mobile
CMP_IG_02,IG_Stories_Conversion,2025-12-15,Instagram Ads,Conversion,Asia-Pacific,22229,727,349,57,2295.0,13569.38,36,29,Mobile
CMP_LI_02,LI_Whitepaper_Downloads,2025-12-15,LinkedIn Ads,Lead Generation,Latin America,20850,365,91,35,2372.36,23124.86,18,21,Mobile
CMP_LI_02,LI_Whitepaper_Downloads,2025-12-15,LinkedIn Ads,Lead Generation,North America,11286,268,116,32,2026.15,23078.13,14,23,Tablet
CMP_EM_01,EM_Weekly_Newsletter,2025-12-16,Email Marketing,Product Promotion,Middle East,14137,1352,497,292,922.73,107264.86,244,30,Mobile
CMP_EM_01,EM_Weekly_Newsletter,2025-12-16,Email Marketing,Product Promotion,Europe,25040,3199,1216,632,2249.2,154304.93,545,25,Tablet
CMP_FB_01,FB_Retargeting_Q1,2025-12-16,Facebook Ads,Retargeting,North America,54059,2078,775,208,5841.67,41748.54,127,14,Mobile
CMP_FB_02,FB_Lookalike_Prospecting,2025-12-16,Facebook Ads,Awareness,Middle East,20282,640,212,44,1045.43,9398.18,24,12,Mobile
CMP_GGL_02,Google_NonBrand_Generic,2025-12-16,Google Ads,Lead Generation,Asia-Pacific,10348,450,155,52,1545.73,11784.35,41,18,Tablet
CMP_LI_02,LI_Whitepaper_Downloads,2025-12-16,LinkedIn Ads,Lead Generation,Asia-Pacific,7709,116,45,9,906.01,6219.28,5,27,Desktop
CMP_YT_01,YT_Video_Awareness_V1,2025-12-16,YouTube Ads,Awareness,Middle East,46048,674,333,37,1635.87,7558.17,20,18,Desktop
CMP_DSP_01,DSP_Programmatic_Banner,2025-12-17,Display Ads,Awareness,Asia-Pacific,66424,701,376,17,1851.35,1907.64,7,21,Tablet
CMP_DSP_02,DSP_Dynamic_Retargeting,2025-12-17,Display Ads,Retargeting,North America,24973,202,95,6,473.31,963.58,3,7,Mobile
CMP_FB_02,FB_Lookalike_Prospecting,2025-12-17,Facebook Ads,Awareness,Asia-Pacific,18218,881,312,70,2040.67,14773.49,51,24,Tablet
CMP_GGL_01,Google_Search_Brand,2025-12-17,Google Ads,Conversion,Europe,24987,1055,397,86,3073.87,29593.75,66,18,Tablet
CMP_GGL_01,Google_Search_Brand,2025-12-17,Google Ads,Conversion,Middle East,49682,1882,754,219,6496.17,49291.37,174,11,Tablet
CMP_GGL_01,Google_Search_Brand,2025-12-17,Google Ads,Conversion,Asia-Pacific,32805,1441,594,176,3800.8,42064.96,140,28,Mobile
CMP_GGL_01,Google_Search_Brand,2025-12-17,Google Ads,Conversion,Middle East,45096,2157,611,269,8997.32,75016.83,186,22,Tablet
CMP_GGL_02,Google_NonBrand_Generic,2025-12-17,Google Ads,Lead Generation,Latin America,13525,478,238,56,1435.28,18005.13,45,24,Mobile
CMP_IG_02,IG_Stories_Conversion,2025-12-17,Instagram Ads,Conversion,Asia-Pacific,35758,1158,419,105,3226.28,16935.43,63,15,Mobile
CMP_LI_02,LI_Whitepaper_Downloads,2025-12-17,LinkedIn Ads,Lead Generation,Middle East,13811,290,114,21,2455.03,12188.46,10,11,Desktop
CMP_SEO_01,SEO_Organic_Blog_Content,2025-12-17,SEO,Awareness,Middle East,30010,2186,918,258,1141.13,67403.03,214,8,Desktop
CMP_YT_02,YT_TrueView_Product_Demo,2025-12-17,YouTube Ads,Product Promotion,Europe,57066,1230,598,48,2064.16,7609.52,26,16,Tablet
CMP_YT_02,YT_TrueView_Product_Demo,2025-12-17,YouTube Ads,Product Promotion,Asia-Pacific,41557,957,406,32,1533.71,7881.63,17,28,Mobile
CMP_DSP_01,DSP_Programmatic_Banner,2025-12-18,Display Ads,Awareness,Europe,89111,1174,461,26,3345.14,3769.7,13,22,Tablet
CMP_DSP_02,DSP_Dynamic_Retargeting,2025-12-18,Display Ads,Retargeting,Latin America,29300,147,40,3,468.88,351.14,1,23,Tablet
CMP_EM_01,EM_Weekly_Newsletter,2025-12-18,Email Marketing,Product Promotion,North America,18412,2120,712,302,1200.46,82359.59,257,27,Tablet
CMP_EM_02,EM_Abandoned_Cart_Nurture,2025-12-18,Email Marketing,Conversion,North America,29773,4427,1648,583,2399.01,184025.72,445,12,Desktop
CMP_FB_02,FB_Lookalike_Prospecting,2025-12-18,Facebook Ads,Awareness,Asia-Pacific,36842,1351,571,116,2132.47,28524.22,71,9,Desktop
CMP_IG_01,IG_Influencer_Promos,2025-12-18,Instagram Ads,Product Promotion,Latin America,31361,1205,647,78,2300.98,17007.65,44,21,Desktop
CMP_IG_01,IG_Influencer_Promos,2025-12-18,Instagram Ads,Product Promotion,Europe,54198,2650,1054,190,5928.49,30424.89,102,29,Mobile
CMP_IG_02,IG_Stories_Conversion,2025-12-18,Instagram Ads,Conversion,Asia-Pacific,33479,1738,739,141,3745.99,29558.55,89,20,Tablet
CMP_LI_01,LI_B2B_Executive_Leads,2025-12-18,LinkedIn Ads,Lead Generation,Latin America,7228,235,121,24,2049.72,10881.17,11,27,Tablet
CMP_LI_02,LI_Whitepaper_Downloads,2025-12-18,LinkedIn Ads,Lead Generation,North America,24322,405,110,47,3196.31,23817.78,27,18,Desktop
CMP_SEO_01,SEO_Organic_Blog_Content,2025-12-18,SEO,Awareness,Latin America,44294,3519,1702,362,1999.63,133333.36,236,12,Tablet
CMP_SEO_01,SEO_Organic_Blog_Content,2025-12-18,SEO,Awareness,Asia-Pacific,27512,1675,648,182,773.54,65478.77,135,17,Desktop
CMP_SEO_01,SEO_Organic_Blog_Content,2025-12-18,SEO,Awareness,Middle East,17007,1138,575,174,304.04,48703.34,139,8,Mobile
CMP_SEO_02,SEO_High_Intent_Landing,2025-12-18,SEO,Conversion,North America,51977,3002,1295,412,1739.84,131044.79,305,8,Desktop
CMP_YT_02,YT_TrueView_Product_Demo,2025-12-18,YouTube Ads,Product Promotion,Latin America,87317,2152,781,91,3997.37,17283.07,58,8,Mobile
CMP_YT_02,YT_TrueView_Product_Demo,2025-12-18,YouTube Ads,Product Promotion,Latin America,40049,823,358,25,1648.56,3779.89,14,27,Desktop
CMP_EM_01,EM_Weekly_Newsletter,2025-12-19,Email Marketing,Product Promotion,Middle East,8186,1050,408,193,659.48,64718.1,138,29,Tablet
CMP_GGL_01,Google_Search_Brand,2025-12-19,Google Ads,Conversion,Latin America,10310,640,234,86,2444.28,22617.79,55,16,Desktop
CMP_LI_01,LI_B2B_Executive_Leads,2025-12-19,LinkedIn Ads,Lead Generation,Latin America,24395,747,221,57,7618.09,30492.23,29,10,Mobile
CMP_SEO_02,SEO_High_Intent_Landing,2025-12-19,SEO,Conversion,Latin America,25441,1830,599,262,495.47,78834.96,215,30,Desktop
CMP_YT_01,YT_Video_Awareness_V1,2025-12-19,YouTube Ads,Awareness,Asia-Pacific,46628,756,376,40,1723.38,7369.21,24,29,Desktop
CMP_YT_02,YT_TrueView_Product_Demo,2025-12-19,YouTube Ads,Product Promotion,Latin America,60360,1002,464,32,1917.66,7267.18,20,14,Desktop
CMP_YT_02,YT_TrueView_Product_Demo,2025-12-19,YouTube Ads,Product Promotion,Asia-Pacific,61079,976,521,64,1839.86,14377.62,33,25,Desktop
CMP_YT_02,YT_TrueView_Product_Demo,2025-12-19,YouTube Ads,Product Promotion,North America,86779,1222,574,58,2324.21,12168.61,36,19,Mobile
CMP_DSP_02,DSP_Dynamic_Retargeting,2025-12-20,Display Ads,Retargeting,Asia-Pacific,67784,511,161,15,1320.3,2222.66,6,7,Desktop
CMP_DSP_02,DSP_Dynamic_Retargeting,2025-12-20,Display Ads,Retargeting,Asia-Pacific,93484,819,252,13,2389.71,2123.1,4,20,Desktop
CMP_FB_01,FB_Retargeting_Q1,2025-12-20,Facebook Ads,Retargeting,Europe,60207,2769,1230,225,6243.12,40919.72,135,21,Desktop
CMP_FB_01,FB_Retargeting_Q1,2025-12-20,Facebook Ads,Retargeting,Europe,15488,631,233,42,1443.58,11423.36,31,29,Desktop
CMP_FB_02,FB_Lookalike_Prospecting,2025-12-20,Facebook Ads,Awareness,North America,32500,1333,438,131,2696.09,24634.57,72,14,Desktop
CMP_GGL_01,Google_Search_Brand,2025-12-20,Google Ads,Conversion,Europe,12891,789,252,83,3290.75,28533.66,59,7,Desktop
CMP_GGL_01,Google_Search_Brand,2025-12-20,Google Ads,Conversion,North America,47221,2136,806,194,7394.91,61156.65,151,20,Mobile
CMP_SEO_01,SEO_Organic_Blog_Content,2025-12-20,SEO,Awareness,Latin America,47456,2806,883,277,1537.39,94243.98,224,23,Mobile
CMP_SEO_01,SEO_Organic_Blog_Content,2025-12-20,SEO,Awareness,Asia-Pacific,57522,4339,2183,430,1157.26,160600.65,363,20,Mobile
CMP_SEO_02,SEO_High_Intent_Landing,2025-12-20,SEO,Conversion,Europe,15211,1039,327,95,616.27,32879.48,68,12,Desktop
CMP_DSP_02,DSP_Dynamic_Retargeting,2025-12-21,Display Ads,Retargeting,Asia-Pacific,75514,720,189,21,2245.29,3681.07,8,19,Tablet
CMP_DSP_02,DSP_Dynamic_Retargeting,2025-12-21,Display Ads,Retargeting,Latin America,50155,816,279,24,2157.93,4077.06,10,17,Tablet
CMP_GGL_01,Google_Search_Brand,2025-12-21,Google Ads,Conversion,Asia-Pacific,32987,1265,678,109,3256.25,32127.36,68,24,Mobile
CMP_GGL_02,Google_NonBrand_Generic,2025-12-21,Google Ads,Lead Generation,Middle East,13664,851,344,95,2717.4,29653.88,62,14,Desktop
CMP_SEO_01,SEO_Organic_Blog_Content,2025-12-21,SEO,Awareness,North America,26208,1872,520,206,634.71,72382.9,164,13,Desktop
CMP_SEO_01,SEO_Organic_Blog_Content,2025-12-21,SEO,Awareness,Asia-Pacific,47499,2324,1246,325,643.69,100592.88,230,18,Desktop
CMP_SEO_02,SEO_High_Intent_Landing,2025-12-21,SEO,Conversion,Middle East,57491,2598,1140,295,1436.68,110631.55,221,16,Tablet
CMP_YT_02,YT_TrueView_Product_Demo,2025-12-21,YouTube Ads,Product Promotion,Asia-Pacific,58027,1382,379,84,2014.88,13116.42,45,27,Desktop
CMP_EM_01,EM_Weekly_Newsletter,2025-12-22,Email Marketing,Product Promotion,Latin America,21634,3096,800,476,1833.56,118160.04,371,21,Mobile
CMP_EM_02,EM_Abandoned_Cart_Nurture,2025-12-22,Email Marketing,Conversion,Asia-Pacific,12875,1063,364,177,537.39,37746.26,138,8,Mobile
CMP_FB_02,FB_Lookalike_Prospecting,2025-12-22,Facebook Ads,Awareness,Middle East,28382,1052,396,68,1761.9,14727.53,50,29,Tablet
CMP_GGL_01,Google_Search_Brand,2025-12-22,Google Ads,Conversion,North America,38018,1796,682,188,4783.89,64603.32,119,24,Desktop
CMP_GGL_01,Google_Search_Brand,2025-12-22,Google Ads,Conversion,Asia-Pacific,14423,889,235,97,3678.94,24595.51,65,9,Tablet
CMP_IG_01,IG_Influencer_Promos,2025-12-22,Instagram Ads,Product Promotion,Asia-Pacific,23641,1279,540,82,4408.5,18818.65,49,17,Tablet
CMP_IG_01,IG_Influencer_Promos,2025-12-22,Instagram Ads,Product Promotion,Europe,16209,654,239,47,1545.07,7812.65,31,13,Mobile
CMP_IG_02,IG_Stories_Conversion,2025-12-22,Instagram Ads,Conversion,Latin America,35984,1314,349,67,2708.74,13484.36,41,11,Tablet
CMP_IG_02,IG_Stories_Conversion,2025-12-22,Instagram Ads,Conversion,Middle East,51841,2568,1073,157,6237.9,40685.44,94,23,Desktop
CMP_SEO_02,SEO_High_Intent_Landing,2025-12-22,SEO,Conversion,Latin America,58712,2753,1163,378,1633.78,143931.36,294,25,Desktop
CMP_YT_01,YT_Video_Awareness_V1,2025-12-22,YouTube Ads,Awareness,Middle East,31290,580,270,38,1350.33,8726.8,18,23,Mobile
CMP_DSP_02,DSP_Dynamic_Retargeting,2025-12-23,Display Ads,Retargeting,Asia-Pacific,55888,476,238,9,1329.17,1134.55,4,20,Desktop
CMP_EM_01,EM_Weekly_Newsletter,2025-12-23,Email Marketing,Product Promotion,Middle East,23976,2068,842,452,1641.21,138227.54,359,13,Tablet
CMP_EM_01,EM_Weekly_Newsletter,2025-12-23,Email Marketing,Product Promotion,Middle East,22590,2531,804,531,1477.16,135494.79,455,24,Tablet
CMP_FB_01,FB_Retargeting_Q1,2025-12-23,Facebook Ads,Retargeting,Europe,42904,1759,739,139,3006.57,31843.54,92,15,Desktop
CMP_GGL_01,Google_Search_Brand,2025-12-23,Google Ads,Conversion,Asia-Pacific,44131,1567,520,197,6436.78,46374.92,161,20,Tablet
CMP_LI_01,LI_B2B_Executive_Leads,2025-12-23,LinkedIn Ads,Lead Generation,North America,15494,510,254,63,5214.79,35558.26,36,18,Tablet
CMP_DSP_02,DSP_Dynamic_Retargeting,2025-12-24,Display Ads,Retargeting,Europe,96415,1617,742,34,4614.27,3903.5,13,19,Tablet
CMP_FB_02,FB_Lookalike_Prospecting,2025-12-24,Facebook Ads,Awareness,Europe,51015,1300,615,106,2434.74,23424.11,73,30,Tablet
CMP_GGL_01,Google_Search_Brand,2025-12-24,Google Ads,Conversion,Latin America,44417,2750,1047,309,8900.59,84796.15,187,29,Mobile
CMP_GGL_02,Google_NonBrand_Generic,2025-12-24,Google Ads,Lead Generation,Middle East,10849,542,163,59,1816.8,14425.99,45,13,Desktop
CMP_GGL_02,Google_NonBrand_Generic,2025-12-24,Google Ads,Lead Generation,Europe,14786,525,283,67,2019.37,19951.6,54,18,Desktop
CMP_IG_01,IG_Influencer_Promos,2025-12-24,Instagram Ads,Product Promotion,Latin America,46832,1788,777,150,4148.35,30339.66,80,8,Mobile
CMP_YT_01,YT_Video_Awareness_V1,2025-12-24,YouTube Ads,Awareness,Latin America,81593,1466,401,89,3458.63,21524.95,55,8,Tablet
CMP_EM_01,EM_Weekly_Newsletter,2025-12-25,Email Marketing,Product Promotion,Europe,25611,3319,1119,427,2597.73,138112.99,359,15,Tablet
CMP_EM_02,EM_Abandoned_Cart_Nurture,2025-12-25,Email Marketing,Conversion,Middle East,22792,2378,805,380,1502.19,101008.43,325,20,Tablet
CMP_GGL_01,Google_Search_Brand,2025-12-25,Google Ads,Conversion,Asia-Pacific,22057,1057,519,140,4472.8,46661.38,96,16,Desktop
CMP_IG_01,IG_Influencer_Promos,2025-12-25,Instagram Ads,Product Promotion,Europe,48704,2044,828,161,6838.95,37635.56,84,10,Tablet
CMP_IG_02,IG_Stories_Conversion,2025-12-25,Instagram Ads,Conversion,Middle East,15750,569,253,46,1653.84,9017.35,28,10,Mobile
CMP_IG_02,IG_Stories_Conversion,2025-12-25,Instagram Ads,Conversion,Latin America,32297,1427,642,83,4502.54,20064.7,49,12,Desktop
CMP_LI_02,LI_Whitepaper_Downloads,2025-12-25,LinkedIn Ads,Lead Generation,Middle East,8388,260,115,32,1780.04,19934.96,20,24,Mobile
CMP_YT_02,YT_TrueView_Product_Demo,2025-12-25,YouTube Ads,Product Promotion,Latin America,72287,1528,803,46,3639.7,8186.99,25,16,Tablet
CMP_DSP_02,DSP_Dynamic_Retargeting,2025-12-26,Display Ads,Retargeting,Europe,67235,710,191,12,2212.28,1849.78,4,7,Desktop
CMP_FB_02,FB_Lookalike_Prospecting,2025-12-26,Facebook Ads,Awareness,Asia-Pacific,41015,1752,648,141,5336.95,25813.29,78,9,Desktop
CMP_SEO_01,SEO_Organic_Blog_Content,2025-12-26,SEO,Awareness,Middle East,67904,2761,737,345,725.38,101641.38,267,16,Tablet
CMP_SEO_02,SEO_High_Intent_Landing,2025-12-26,SEO,Conversion,North America,53916,3532,1568,507,826.46,183428.69,365,24,Mobile
CMP_YT_01,YT_Video_Awareness_V1,2025-12-26,YouTube Ads,Awareness,Europe,48004,484,212,25,1128.12,4751.96,11,17,Mobile
CMP_YT_01,YT_Video_Awareness_V1,2025-12-26,YouTube Ads,Awareness,Europe,48872,1138,354,54,2794.93,8501.56,31,16,Mobile
CMP_YT_02,YT_TrueView_Product_Demo,2025-12-26,YouTube Ads,Product Promotion,Europe,80772,1809,742,86,2910.61,19556.22,53,15,Mobile
CMP_YT_02,YT_TrueView_Product_Demo,2025-12-26,YouTube Ads,Product Promotion,Europe,45848,947,276,44,1636.27,7529.35,21,27,Mobile
CMP_EM_01,EM_Weekly_Newsletter,2025-12-27,Email Marketing,Product Promotion,Middle East,13406,1642,612,205,849.08,53217.39,183,27,Mobile
CMP_EM_02,EM_Abandoned_Cart_Nurture,2025-12-27,Email Marketing,Conversion,North America,13147,1921,875,370,1435.67,138653.86,313,19,Desktop
CMP_FB_02,FB_Lookalike_Prospecting,2025-12-27,Facebook Ads,Awareness,North America,20318,602,188,38,1638.06,8485.28,26,30,Desktop
CMP_GGL_01,Google_Search_Brand,2025-12-27,Google Ads,Conversion,Latin America,46234,1706,855,158,4432.92,45758.61,133,18,Desktop
CMP_GGL_02,Google_NonBrand_Generic,2025-12-27,Google Ads,Lead Generation,Latin America,28029,1780,695,164,6085.32,38979.78,133,20,Desktop
CMP_GGL_02,Google_NonBrand_Generic,2025-12-27,Google Ads,Lead Generation,North America,40388,2134,945,216,5546.34,68388.03,165,11,Mobile
CMP_IG_01,IG_Influencer_Promos,2025-12-27,Instagram Ads,Product Promotion,Asia-Pacific,28772,1075,449,71,2617.53,16975.53,40,28,Desktop
CMP_IG_01,IG_Influencer_Promos,2025-12-27,Instagram Ads,Product Promotion,Latin America,13999,436,189,31,1263.16,7580.38,18,11,Desktop
CMP_IG_02,IG_Stories_Conversion,2025-12-27,Instagram Ads,Conversion,Asia-Pacific,50560,2022,998,156,6134.93,37149.75,107,20,Tablet
CMP_IG_02,IG_Stories_Conversion,2025-12-27,Instagram Ads,Conversion,Middle East,47266,1513,748,124,4978.41,26519.25,84,19,Tablet
CMP_LI_01,LI_B2B_Executive_Leads,2025-12-27,LinkedIn Ads,Lead Generation,North America,23009,476,158,59,4830.84,32711.29,37,9,Tablet
CMP_SEO_01,SEO_Organic_Blog_Content,2025-12-27,SEO,Awareness,Asia-Pacific,17291,1309,677,181,588.24,74755.34,129,9,Desktop
CMP_YT_01,YT_Video_Awareness_V1,2025-12-27,YouTube Ads,Awareness,Europe,27582,502,127,28,1196.5,5545.86,13,12,Mobile
CMP_DSP_01,DSP_Programmatic_Banner,2025-12-28,Display Ads,Awareness,Europe,97354,594,272,10,1228.33,1344.3,3,26,Tablet
CMP_DSP_02,DSP_Dynamic_Retargeting,2025-12-28,Display Ads,Retargeting,Middle East,82233,827,384,22,2029.43,3399.11,7,11,Tablet
CMP_LI_01,LI_B2B_Executive_Leads,2025-12-28,LinkedIn Ads,Lead Generation,Europe,19933,657,261,66,4609.52,36994.52,33,13,Desktop
CMP_EM_01,EM_Weekly_Newsletter,2025-12-29,Email Marketing,Product Promotion,Europe,28064,2377,672,423,1062.69,100450.0,354,17,Desktop
CMP_FB_02,FB_Lookalike_Prospecting,2025-12-29,Facebook Ads,Awareness,Middle East,20806,794,281,84,2115.68,22940.1,46,18,Mobile
CMP_GGL_01,Google_Search_Brand,2025-12-29,Google Ads,Conversion,Europe,48625,1971,743,170,7582.54,55847.8,143,29,Tablet
CMP_GGL_01,Google_Search_Brand,2025-12-29,Google Ads,Conversion,Europe,43402,1829,857,221,6064.64,73760.84,164,30,Tablet
CMP_YT_01,YT_Video_Awareness_V1,2025-12-29,YouTube Ads,Awareness,North America,62093,1538,543,60,2362.62,14502.78,31,19,Mobile
CMP_YT_01,YT_Video_Awareness_V1,2025-12-29,YouTube Ads,Awareness,North America,63768,1440,697,75,2237.39,12446.71,39,29,Desktop
CMP_DSP_01,DSP_Programmatic_Banner,2025-12-30,Display Ads,Awareness,Latin America,41245,549,213,9,1816.66,1261.75,3,14,Desktop
CMP_EM_02,EM_Abandoned_Cart_Nurture,2025-12-30,Email Marketing,Conversion,Middle East,15449,1738,778,228,1029.92,51588.1,169,28,Tablet
CMP_EM_02,EM_Abandoned_Cart_Nurture,2025-12-30,Email Marketing,Conversion,Asia-Pacific,12142,1774,678,362,1190.26,75745.45,263,23,Tablet
CMP_FB_01,FB_Retargeting_Q1,2025-12-30,Facebook Ads,Retargeting,Latin America,56521,1960,612,199,3885.06,51985.03,110,20,Desktop
CMP_FB_02,FB_Lookalike_Prospecting,2025-12-30,Facebook Ads,Awareness,Latin America,33138,1639,449,173,3233.55,36958.97,107,28,Mobile
CMP_GGL_01,Google_Search_Brand,2025-12-30,Google Ads,Conversion,North America,18178,1057,449,144,2873.69,38934.59,103,16,Desktop
CMP_IG_02,IG_Stories_Conversion,2025-12-30,Instagram Ads,Conversion,Europe,52827,2521,1262,209,5264.73,45344.97,104,19,Mobile
CMP_LI_02,LI_Whitepaper_Downloads,2025-12-30,LinkedIn Ads,Lead Generation,Middle East,17902,525,267,57,3254.65,33178.19,29,20,Tablet
CMP_LI_02,LI_Whitepaper_Downloads,2025-12-30,LinkedIn Ads,Lead Generation,Latin America,5529,92,43,11,932.08,6895.78,7,12,Desktop
CMP_SEO_01,SEO_Organic_Blog_Content,2025-12-30,SEO,Awareness,Middle East,27274,1496,451,135,766.54,36536.54,94,26,Mobile
CMP_SEO_02,SEO_High_Intent_Landing,2025-12-30,SEO,Conversion,Asia-Pacific,39129,2655,691,411,1222.26,154150.86,287,29,Tablet
CMP_YT_02,YT_TrueView_Product_Demo,2025-12-30,YouTube Ads,Product Promotion,Europe,76885,1802,857,82,3596.04,19909.62,46,9,Mobile
CMP_YT_02,YT_TrueView_Product_Demo,2025-12-30,YouTube Ads,Product Promotion,Latin America,28934,638,305,39,799.07,6378.47,22,11,Mobile
CMP_DSP_01,DSP_Programmatic_Banner,2025-12-31,Display Ads,Awareness,Asia-Pacific,67823,437,119,11,942.91,1878.46,5,24,Desktop
CMP_FB_01,FB_Retargeting_Q1,2025-12-31,Facebook Ads,Retargeting,North America,41518,1922,702,148,3359.27,31876.23,85,28,Desktop
CMP_GGL_01,Google_Search_Brand,2025-12-31,Google Ads,Conversion,Europe,12184,628,341,76,2500.79,25544.66,52,17,Mobile
CMP_IG_01,IG_Influencer_Promos,2025-12-31,Instagram Ads,Product Promotion,Asia-Pacific,35654,1201,457,113,3935.93,19077.31,59,12,Desktop
CMP_IG_02,IG_Stories_Conversion,2025-12-31,Instagram Ads,Conversion,Middle East,22995,773,193,43,1450.25,7675.99,23,13,Desktop
CMP_LI_01,LI_B2B_Executive_Leads,2025-12-31,LinkedIn Ads,Lead Generation,Middle East,12914,278,142,35,3014.74,25345.61,17,28,Mobile
CMP_SEO_01,SEO_Organic_Blog_Content,2025-12-31,SEO,Awareness,North America,46736,2028,883,213,1101.82,73087.86,162,9,Mobile
CMP_SEO_02,SEO_High_Intent_Landing,2025-12-31,SEO,Conversion,Latin America,30166,2099,955,279,1009.33,97463.67,193,26,Mobile
CMP_YT_01,YT_Video_Awareness_V1,2025-12-31,YouTube Ads,Awareness,Latin America,52110,905,362,59,1439.89,11922.88,30,23,Tablet
CMP_YT_02,YT_TrueView_Product_Demo,2025-12-31,YouTube Ads,Product Promotion,Middle East,51541,1154,470,46,1699.99,9253.94,24,12,Tablet
CMP_YT_02,YT_TrueView_Product_Demo,2025-12-31,YouTube Ads,Product Promotion,North America,55120,1219,509,83,2621.34,14386.88,44,15,Tablet
